tracking_no,ship_date,promised_del,actual_del,status,carrier,region,wt_lbs,freight_usd,item_cnt
TRK000003070,2024-06-13,06/16/2024,20240617,Delayed,fedex,Northeast,47.18,488.92,42
TRK000000622,15-10-2023,2023-10-17,20231017,late,DHL,Southwest,127.21,357.89,11
TRK000004863,10/24/2024,2024-10-31,11/01/2024,delivered,UPS,Northeast,310.47,86.67,26
TRK000004293,09/05/2024,09/10/2024,20240912,Delayed,fedex,midwest,350.01,855.17,50
TRK000003763,20230706,07/11/2023,2023-07-13,Delivered,FEDEX,Northeast,314.1,192.56,33
TRK000000641,12/01/2024,2024-12-05,20241204,canceled,FEDEX,Southwest,222.86,200.81,3
TRK000003246,15-12-2024,20241220,12/25/2024,In Transit,FEDEX,Southeast,359.38,721.12,35
TRK000002970,23-02-2024,20240226,24-02-2024,In Transit,DHL,Northeast,256.22,541.29,38
TRK000003216,20230917,20230920,09/24/2023,DELIVERED,ups,West Coast,333.39,529.97,17
TRK000002210,11/11/2023,2023-11-16,11/20/2023,canceled,DHL,Southwest,471.86,675.42,36
TRK000002599,20240920,20240926,2024-09-24,In Transit,FEDEX,Southeast,133.84,186.63,6
TRK000000709,09/15/2024,20240916,20240920,Delivered,UPS,Northeast,510.49,571.87,34
TRK000000758,20-10-2023,10/22/2023,,Delivered,USPS,Northeast,53.02,559.59,18
TRK000004575,14-02-2024,17-02-2024,21-02-2024,delivered,FEDEX,Northeast,364.21,548.17,13
TRK000000897,2024-04-10,14-04-2024,16-04-2024,late,XPO,Southwest,338.34,198.78,50
TRK000001599,2023-09-07,20230914,09/19/2023,Cancelled,fedex,midwest,190.12,629.36,23
TRK000002158,06/12/2024,20240617,,DELIVERED,,Southeast,131.92,757.35,37
TRK000000723,10/03/2023,10/05/2023,06-10-2023,Delayed,XPO,midwest,64.91,474.15,6
TRK000000742,23-11-2024,20241129,27-11-2024,late,fedex,Northeast,590.65,699.61,33
TRK000003039,20231014,10/18/2023,20231018,In Transit,UPS,MIDWEST,311.4,96.03,21
TRK000000696,06-12-2024,12/07/2024,,delivered,XPO,Southwest,575.16,229.14,22
TRK000004953,01/10/2024,01/12/2024,01/13/2024,In Transit,ups,MIDWEST,162.7,406.23,16
TRK000003194,20240722,07/26/2024,27-07-2024,late,UPS,Southeast,151.33,173.97,37
TRK000001831,18-02-2023,22-02-2023,,DELIVERED,FEDEX,Southeast,336.65,188.84,17
TRK000002223,19-12-2023,20-12-2023,23-12-2023,canceled,USPS,Southwest,465.07,787.26,29
TRK000004703,20230322,2023-03-26,2023-03-31,Delayed,,Southeast,137.7,586.96,21
TRK000003419,20241030,20241102,11/06/2024,Delayed,,midwest,14.84,280.56,47
TRK000003119,2023-08-29,20230904,2023-09-03,In Transit,fedex,Southeast,371.24,228.99,6
TRK000003986,01-11-2024,05-11-2024,20241106,late,,midwest,324.81,676.95,18
TRK000002269,20240715,19-07-2024,,DELIVERED,fedex,Southwest,324.26,856.21,6
TRK000003714,20240328,2024-03-31,20240402,late,USPS,Southeast,6.47,182.36,28
TRK000000399,10/27/2023,20231101,20231030,Cancelled,ups,Southeast,48.45,515.98,41
TRK000004755,2023-09-03,09/08/2023,09/10/2023,delivered,ups,Midwest,382.5,291.98,40
TRK000004211,2024-04-08,11-04-2024,16-04-2024,Delayed,UPS,MIDWEST,263.61,209.62,1
TRK000004585,20230827,2023-08-28,02-09-2023,In Transit,fedex,midwest,450.59,234.61,10
TRK000000074,2023-02-27,2023-03-02,03/01/2023,in transit,XPO,midwest,585.01,511.71,16
TRK000000931,02/04/2023,2023-02-06,2023-02-05,delivered,XPO,Southwest,383.47,492.97,13
TRK000000386,05-01-2024,2024-01-06,20240107,Cancelled,UPS,Midwest,581.33,877.28,38
TRK000004228,08-12-2024,2024-12-12,2024-12-12,DELIVERED,FEDEX,MIDWEST,93.2,365.69,35
TRK000001581,2023-04-20,20230422,25-04-2023,Delayed,fedex,Southeast,539.3,884.42,32
TRK000004884,12/24/2024,2024-12-28,01/02/2025,late,fedex,Southeast,491.83,211.31,35
TRK000002977,11-01-2024,01/15/2024,,DELIVERED,UPS,MIDWEST,38.94,592.32,35
TRK000002992,2024-02-01,2024-02-03,2024-02-08,Delivered,ups,midwest,562.74,700.87,12
TRK000003293,02-02-2023,2023-02-04,,DELIVERED,ups,Northeast,363.97,212.87,5
TRK000000016,2023-01-14,16-01-2023,2023-01-15,In Transit,ups,midwest,183.04,447.85,14
TRK000000903,06/15/2024,20240616,,In Transit,DHL,midwest,383.54,246.37,23
TRK000000676,11/21/2024,20241125,29-11-2024,DELIVERED,ups,West Coast,594.89,800.4,21
TRK000000070,16-01-2024,20-01-2024,20240124,late,DHL,Southwest,1.12,752.23,3
TRK000001279,19-10-2023,2023-10-24,,delivered,DHL,West Coast,307.25,164.82,37
TRK000004603,08-08-2024,2024-08-10,,in transit,DHL,West Coast,550.81,441.31,47
TRK000001659,21-03-2023,2023-03-27,20230401,In Transit,FEDEX,midwest,34.5,196.97,50
TRK000001847,2023-12-09,20231212,2023-12-16,delivered,DHL,West Coast,25.67,404.04,35
TRK000003665,2024-08-01,08/03/2024,20240804,delivered,fedex,midwest,237.2,180.22,9
TRK000004234,12/11/2023,12/12/2023,20231210,canceled,ups,Northeast,293.23,515.93,42
TRK000000027,20240808,20240810,11-08-2024,DELIVERED,FEDEX,Northeast,193.12,255.97,39
TRK000000716,20241102,2024-11-03,11/03/2024,Cancelled,fedex,MIDWEST,224.92,889.5,49
TRK000003260,2023-03-29,30-03-2023,20230331,late,,Midwest,199.79,856.6,48
TRK000003923,2024-07-04,06-07-2024,07/08/2024,Delivered,UPS,Southeast,121.22,516.48,45
TRK000002016,2024-09-24,27-09-2024,,in transit,,Northeast,587.9,8886.45,33
TRK000004810,2024-12-27,2024-12-28,01/02/2025,canceled,fedex,Southeast,200.81,786.76,26
TRK000001741,10-06-2023,20230611,2023-06-14,canceled,XPO,Southeast,136.12,352.07,22
TRK000001813,02/07/2024,20240213,,delivered,DHL,West Coast,198.24,670.41,35
TRK000001613,05/15/2023,05/17/2023,18-05-2023,In Transit,USPS,West Coast,320.24,783.2,47
TRK000001601,02-05-2023,20230504,04-05-2023,Delayed,ups,midwest,113.57,668.02,9
TRK000004294,09-07-2023,2023-07-10,20230712,Delayed,DHL,West Coast,507.84,564.76,31
TRK000003657,2024-12-30,05-01-2025,20250109,Cancelled,UPS,MIDWEST,403.13,467.73,13
TRK000003821,20230729,20230730,2023-08-04,in transit,fedex,MIDWEST,188.43,787.06,40
TRK000004799,08/08/2024,20240813,2024-08-11,canceled,UPS,Southwest,310.16,492.55,41
TRK000000394,2023-02-20,02/22/2023,20230226,late,USPS,Midwest,433.87,801.74,8
TRK000003102,07/04/2023,20230711,2023-07-11,delivered,fedex,Southeast,415.34,384.11,46
TRK000004158,06/17/2023,20230623,20230622,Delivered,ups,midwest,103.36,147.04,22
TRK000000837,02-08-2024,20240809,09-08-2024,Delayed,UPS,Midwest,539.23,187.81,13
TRK000001195,20230104,01/09/2023,01/07/2023,late,UPS,Southwest,246.68,439.85,6
TRK000002116,09/07/2024,2024-09-12,,DELIVERED,DHL,Midwest,88.08,799.84,3
TRK000004859,14-11-2024,11/19/2024,20241121,DELIVERED,USPS,Midwest,56.78,331.44,20
TRK000001923,27-11-2023,30-11-2023,20231129,canceled,fedex,Northeast,417.8,694.68,40
TRK000000473,01-03-2023,02-03-2023,01-03-2023,Delayed,XPO,West Coast,338.02,461.11,34
TRK000002241,2024-10-09,20241013,2024-10-13,Cancelled,,midwest,369.57,801.11,27
TRK000001453,28-02-2024,2024-02-29,2024-03-01,DELIVERED,FEDEX,Southeast,238.23,59.6,37
TRK000000097,09/22/2024,20240923,09/24/2024,late,fedex,midwest,322.64,330.94,22
TRK000001106,2024-04-18,04/25/2024,23-04-2024,DELIVERED,,Midwest,581.8,759.84,18
TRK000000673,01-02-2023,2023-02-04,04-02-2023,in transit,XPO,Midwest,298.74,535.33,16
TRK000003730,2024-01-16,20240120,2024-01-22,late,UPS,West Coast,93.29,233.72,22
TRK000000203,2024-05-10,20240516,20240518,canceled,USPS,Midwest,3.46,709.2,3
TRK000004831,04-12-2024,12/11/2024,10-12-2024,Cancelled,,Northeast,172.65,333.3,35
TRK000001931,23-11-2023,30-11-2023,29-11-2023,Delayed,FEDEX,MIDWEST,482.6,281.76,37
TRK000004612,2023-09-08,2023-09-10,,in transit,,Midwest,52.59,571.27,26
TRK000004194,20230703,07/09/2023,2023-07-14,late,FEDEX,Midwest,273.89,573.87,44
TRK000001598,20241021,10/27/2024,01-11-2024,DELIVERED,XPO,Southwest,293.02,246.94,5
TRK000001742,20240501,2024-05-02,07-05-2024,canceled,USPS,MIDWEST,43.48,768.9,20
TRK000001687,29-06-2024,07/03/2024,20240707,in transit,fedex,West Coast,472.61,252.79,35
TRK000001129,20241211,13-12-2024,2024-12-12,late,FEDEX,Northeast,185.51,678.46,26
TRK000001390,2023-03-13,2023-03-18,,Cancelled,fedex,midwest,84.21,741.96,38
TRK000000087,20241013,10/20/2024,,Cancelled,ups,MIDWEST,526.58,174.72,20
TRK000004942,2024-08-06,20240813,08/15/2024,delivered,,Midwest,222.16,830.73,36
TRK000002862,20230224,25-02-2023,20230228,in transit,ups,Southwest,261.68,143.24,14
TRK000000036,11/09/2024,11/11/2024,2024-11-12,In Transit,ups,MIDWEST,10.41,522.11,47
TRK000003989,20240513,05/19/2024,20240519,canceled,fedex,Southwest,331.68,121.96,29
TRK000001993,29-01-2024,20240201,05-02-2024,Delivered,DHL,Midwest,341.32,563.89,46
TRK000004122,2024-01-13,2024-01-14,01/13/2024,late,XPO,MIDWEST,445.27,170.77,43
TRK000004183,20230321,27-03-2023,20230329,DELIVERED,UPS,midwest,177.48,571.08,11
TRK000004528,2023-02-06,12-02-2023,2023-02-14,delivered,fedex,Southwest,50.42,667.93,33
TRK000003905,03/20/2023,03/27/2023,20230329,DELIVERED,UPS,midwest,106.06,162.66,45
TRK000004673,20230830,20230903,09/01/2023,late,USPS,MIDWEST,382.91,341.42,14
TRK000004015,20240814,20-08-2024,20240818,canceled,USPS,Northeast,228.5,595.92,46
TRK000001636,2024-02-04,2024-02-08,12-02-2024,in transit,,West Coast,550.91,60.08,18
TRK000002402,12/10/2023,13-12-2023,12/12/2023,DELIVERED,DHL,West Coast,7.34,267.04,1
TRK000003652,2023-03-11,2023-03-12,2023-03-11,Cancelled,XPO,West Coast,383.21,632.67,46
TRK000003085,05/03/2023,04-05-2023,04-05-2023,late,USPS,MIDWEST,561.77,369.56,41
TRK000003362,09-04-2024,2024-04-12,15-04-2024,delivered,UPS,Northeast,264.9,268.74,32
TRK000000899,25-07-2023,2023-07-30,2023-08-04,In Transit,FEDEX,Midwest,343.24,142.17,17
TRK000000363,20240401,2024-04-02,20240402,late,USPS,Southwest,242.94,5378.36,47
TRK000002333,13-03-2023,20230318,2023-03-22,In Transit,,Southeast,321.24,861.03,22
TRK000001699,24-03-2023,20230331,2023-04-02,DELIVERED,ups,Southwest,51.83,600.62,41
TRK000001275,24-03-2024,20240330,20240328,Delivered,fedex,Midwest,204.23,214.13,22
TRK000002212,02/13/2023,2023-02-17,,Delivered,USPS,MIDWEST,85.81,736.04,42
TRK000004952,2023-01-20,20230124,01/22/2023,In Transit,UPS,midwest,490.66,256.28,8
TRK000002917,05/24/2024,29-05-2024,05/30/2024,Delivered,ups,West Coast,104.9,103.64,5
TRK000001680,2023-05-04,05/07/2023,,In Transit,fedex,midwest,508.57,402.88,40
TRK000003777,20240121,01/28/2024,02/02/2024,Delayed,XPO,MIDWEST,163.3,14261.37,29
TRK000003499,26-02-2024,28-02-2024,20240226,Delivered,FEDEX,West Coast,142.15,556.83,8
TRK000001677,06/26/2024,20240627,20240628,Delayed,UPS,Northeast,402.42,444.58,3
TRK000004640,2023-02-25,03/03/2023,03/04/2023,Delivered,fedex,Southwest,309.43,419.47,5
TRK000003129,29-08-2023,09/04/2023,2023-09-07,Cancelled,DHL,MIDWEST,248.14,406.21,13
TRK000003550,20240120,01/22/2024,,in transit,DHL,Southeast,82.71,547.33,47
TRK000001995,2023-07-18,20230724,20230726,in transit,UPS,Northeast,456.44,221.88,15
TRK000000443,20231030,11/04/2023,20231104,late,ups,Southeast,9.69,541.4,28
TRK000001012,2023-09-10,2023-09-12,20230913,canceled,UPS,Midwest,255.99,808.05,26
TRK000000436,20240505,05/12/2024,05/11/2024,DELIVERED,UPS,Southeast,144.2,434.58,6
TRK000001551,20230117,01/21/2023,20230121,Delayed,UPS,midwest,523.06,647.81,41
TRK000000033,20-04-2024,04/26/2024,2024-04-25,DELIVERED,XPO,MIDWEST,559.41,377.15,33
TRK000004148,2024-11-21,11/24/2024,11/23/2024,DELIVERED,,Northeast,324.24,375.51,42
TRK000003337,20240504,10-05-2024,2024-05-11,In Transit,XPO,Southeast,207.79,690.2,32
TRK000004959,28-05-2024,2024-06-02,06/07/2024,late,XPO,Midwest,49.02,653.35,12
TRK000002323,2023-10-23,24-10-2023,,in transit,DHL,MIDWEST,325.32,284.55,9
TRK000001369,30-04-2024,20240503,01-05-2024,DELIVERED,DHL,Southwest,356.42,297.79,45
TRK000002704,06/26/2024,20240703,08-07-2024,delivered,USPS,midwest,507.46,308.47,10
TRK000001869,12/28/2023,12/31/2023,12/31/2023,In Transit,USPS,Midwest,596.27,575.84,37
TRK000001148,20230510,05/14/2023,14-05-2023,In Transit,,Midwest,243.33,224.38,32
TRK000004311,29-05-2023,20230602,02-06-2023,Delayed,,midwest,339.57,53.65,29
TRK000001646,20231213,12/19/2023,,late,FEDEX,Southeast,56.4,457.13,4
TRK000001224,20240914,2024-09-20,20240921,Cancelled,FEDEX,Southwest,191.34,714.09,39
TRK000001861,07-06-2024,08-06-2024,11-06-2024,delivered,ups,Southwest,524.71,387.92,6
TRK000001123,20230809,08/15/2023,2023-08-19,Delayed,ups,Northeast,182.64,733.13,34
TRK000004981,20231210,12/11/2023,12/15/2023,Delayed,ups,midwest,229.68,125.18,36
TRK000003614,2024-05-17,05/18/2024,20-05-2024,delivered,fedex,MIDWEST,500.71,759.4,31
TRK000004201,08-05-2023,20230514,2023-05-16,DELIVERED,,West Coast,288.81,404.58,28
TRK000001684,2023-09-22,09/28/2023,27-09-2023,late,XPO,MIDWEST,82.16,367.22,11
TRK000001227,02/24/2023,2023-02-27,03/02/2023,canceled,FEDEX,Southeast,523.59,91.41,44
TRK000000863,05-11-2023,08-11-2023,20231111,in transit,UPS,Southeast,552.62,131.46,11
TRK000003814,2023-04-15,2023-04-17,04/18/2023,Delivered,FEDEX,Southwest,209.58,756.84,45
TRK000004069,01/07/2024,01/09/2024,12-01-2024,Delayed,FEDEX,Northeast,79.0,196.38,6
TRK000002107,2024-03-11,2024-03-17,20240316,In Transit,UPS,Southeast,26.93,116.08,20
TRK000004006,2024-11-14,2024-11-15,11/14/2024,delivered,USPS,West Coast,209.35,832.08,11
TRK000002529,05/27/2024,03-06-2024,06/04/2024,canceled,UPS,Midwest,584.17,479.17,7
TRK000002667,08-08-2023,20230813,20230818,Cancelled,FEDEX,West Coast,137.3,361.49,8
TRK000000870,20231118,2023-11-19,20231119,delivered,UPS,Southwest,360.63,471.44,20
TRK000000608,20241204,11-12-2024,12/15/2024,Delivered,FEDEX,MIDWEST,295.5,297.0,7
TRK000003472,02/10/2024,2024-02-14,13-02-2024,Cancelled,FEDEX,Southeast,120.96,151.34,26
TRK000002464,20230506,08-05-2023,20230513,in transit,XPO,Southwest,307.34,286.74,10
TRK000004808,2024-04-10,2024-04-11,,late,UPS,MIDWEST,17.02,465.94,12
TRK000002009,01/27/2024,01-02-2024,20240201,late,fedex,West Coast,157.74,307.34,22
TRK000000593,07-07-2024,20240712,,late,FEDEX,Southwest,22.55,699.37,12
TRK000000594,20240724,2024-07-30,20240801,canceled,XPO,MIDWEST,324.1,802.0,31
TRK000003237,02-05-2024,07-05-2024,2024-05-05,Delivered,,West Coast,28.03,382.68,24
TRK000000011,24-12-2023,20231231,29-12-2023,Delivered,ups,MIDWEST,147.29,700.41,16
TRK000003750,20241025,20241028,27-10-2024,Delivered,,MIDWEST,282.35,788.6,2
TRK000004650,21-11-2023,11/25/2023,28-11-2023,DELIVERED,DHL,Southwest,121.85,536.66,41
TRK000002920,2023-03-19,2023-03-26,27-03-2023,delivered,ups,Midwest,340.29,294.25,34
TRK000003113,01-05-2024,05/05/2024,20240504,in transit,ups,Southeast,375.35,603.81,30
TRK000001609,20241118,25-11-2024,20241123,Delivered,fedex,West Coast,121.19,583.67,30
TRK000003190,20230601,03-06-2023,05-06-2023,Delayed,FEDEX,Southeast,412.43,767.5,16
TRK000002274,20240220,20240222,,Delivered,fedex,Northeast,96.46,213.13,9
TRK000001167,2023-01-30,2023-02-02,04-02-2023,delivered,fedex,midwest,39.09,609.87,27
TRK000003572,2024-01-08,14-01-2024,20240113,In Transit,DHL,Northeast,360.29,387.36,50
TRK000000990,11/17/2023,11/20/2023,24-11-2023,late,DHL,Southwest,153.33,734.97,38
TRK000000076,02/27/2023,03-03-2023,20230302,DELIVERED,XPO,midwest,185.59,319.02,42
TRK000000140,12-09-2024,2024-09-13,09/11/2024,late,ups,Southwest,5.71,637.08,26
TRK000000940,19-09-2023,20230922,,Delivered,USPS,Southeast,520.0,749.3,50
TRK000001030,2024-05-18,22-05-2024,20240525,canceled,USPS,MIDWEST,196.73,659.78,45
TRK000002735,01/29/2023,05-02-2023,,DELIVERED,,West Coast,50.26,595.35,11
TRK000002115,09/13/2023,18-09-2023,09/18/2023,DELIVERED,,midwest,169.8,769.92,6
TRK000001535,02/29/2024,2024-03-03,20240307,Cancelled,UPS,Southeast,421.06,853.04,11
TRK000004434,20230220,20230224,20230226,In Transit,,Northeast,428.42,176.86,13
TRK000002536,09/30/2023,20231003,10/07/2023,in transit,XPO,midwest,88.42,160.67,19
TRK000001688,26-09-2023,20230928,09/29/2023,in transit,UPS,MIDWEST,254.55,364.19,39
TRK000001906,2023-09-20,2023-09-21,,delivered,,West Coast,372.18,99.94,20
TRK000001469,02/09/2024,2024-02-15,13-02-2024,canceled,,Southwest,85.94,543.41,8
TRK000002139,17-11-2023,18-11-2023,23-11-2023,in transit,ups,Northeast,190.01,790.93,32
TRK000003704,06/04/2023,20230609,20230614,In Transit,UPS,Southwest,25.43,95.24,23
TRK000000233,27-12-2024,01/01/2025,01/06/2025,canceled,,midwest,164.4,145.62,43
TRK000000156,20240822,2024-08-24,22-08-2024,Delivered,FEDEX,Southeast,409.11,497.11,44
TRK000002567,05-05-2023,2023-05-09,08-05-2023,Delivered,fedex,MIDWEST,373.8,761.43,29
TRK000000240,2023-11-29,20231205,2023-12-05,in transit,,Southeast,107.63,229.66,50
TRK000000392,20240213,20240214,,delivered,USPS,MIDWEST,362.5,226.99,23
TRK000001376,20241112,13-11-2024,11/14/2024,in transit,ups,MIDWEST,256.18,466.18,3
TRK000001972,20240609,2024-06-12,20240613,delivered,FEDEX,Northeast,590.53,600.47,44
TRK000001605,20231104,20231111,2023-11-15,late,UPS,MIDWEST,432.47,301.16,17
TRK000000226,2023-12-30,2024-01-02,20231231,delivered,USPS,Southeast,352.74,146.85,30
TRK000001205,17-11-2024,2024-11-21,20241123,canceled,DHL,Midwest,4.5,340.13,8
TRK000000590,14-01-2023,20230116,21-01-2023,In Transit,fedex,Northeast,81.93,638.04,13
TRK000004130,20230425,05/02/2023,,In Transit,USPS,Southeast,462.06,874.94,10
TRK000001239,20240430,05/04/2024,,Cancelled,fedex,Southeast,342.09,191.19,26
TRK000003794,22-02-2023,2023-02-25,,late,fedex,Southwest,292.17,585.85,38
TRK000003033,18-09-2024,20240924,20240929,In Transit,,Southwest,374.0,247.12,42
TRK000004683,12/22/2023,26-12-2023,20231224,Delayed,fedex,Southeast,434.07,187.13,25
TRK000004088,2024-03-02,20240309,03/12/2024,Delayed,DHL,Northeast,94.63,726.58,32
TRK000003630,14-04-2023,21-04-2023,04/26/2023,Delayed,UPS,midwest,515.82,308.1,33
TRK000002718,02-02-2023,09-02-2023,,Delivered,DHL,midwest,526.75,416.03,18
TRK000003047,2023-06-04,2023-06-11,2023-06-10,canceled,fedex,Midwest,304.88,650.44,11
TRK000000031,2024-10-07,10/08/2024,11-10-2024,DELIVERED,fedex,midwest,83.53,183.48,13
TRK000001066,25-03-2024,20240329,27-03-2024,Cancelled,USPS,Northeast,452.17,258.52,34
TRK000003280,20240307,03/14/2024,2024-03-18,canceled,,Midwest,51.78,401.4,21
TRK000002897,2024-02-16,23-02-2024,20240221,in transit,USPS,MIDWEST,420.77,384.28,20
TRK000003832,11/18/2023,20231121,,DELIVERED,ups,midwest,469.16,287.81,26
TRK000003870,22-07-2023,07/25/2023,,In Transit,USPS,West Coast,331.52,506.82,34
TRK000000371,15-12-2023,20231222,2023-12-20,Delivered,DHL,midwest,224.41,73.71,41
TRK000003437,06/03/2024,06/06/2024,,DELIVERED,UPS,Southeast,171.44,693.08,46
TRK000004382,09-08-2024,20240815,,In Transit,DHL,Northeast,427.27,371.02,27
TRK000000380,20230325,20230326,,delivered,,West Coast,299.8,805.23,28
TRK000004031,20240326,04/01/2024,2024-04-06,Cancelled,USPS,Southwest,284.54,671.96,48
TRK000002429,06/10/2023,2023-06-15,14-06-2023,delivered,XPO,Southeast,182.65,561.36,32
TRK000004384,01/29/2023,02/05/2023,,late,XPO,Midwest,74.27,716.22,23
TRK000004750,20230311,03/18/2023,,Delayed,,West Coast,382.24,459.0,49
TRK000004891,20240405,11-04-2024,2024-04-14,late,ups,MIDWEST,167.15,125.92,6
TRK000001818,2023-06-19,06/25/2023,,canceled,FEDEX,West Coast,454.81,585.59,37
TRK000002297,06/18/2024,06/20/2024,20240618,In Transit,UPS,midwest,320.59,152.24,21
TRK000003867,16-02-2024,20240221,,delivered,,Midwest,69.67,782.68,7
TRK000004598,2024-07-08,10-07-2024,07/10/2024,Delivered,ups,MIDWEST,36.04,267.22,25
TRK000004789,04/12/2023,04/15/2023,,late,FEDEX,West Coast,451.68,809.06,25
TRK000001644,2023-04-28,01-05-2023,,canceled,ups,West Coast,405.38,445.1,16
TRK000004975,07/22/2024,28-07-2024,07/30/2024,Cancelled,DHL,West Coast,571.61,533.01,36
TRK000001240,20240407,08-04-2024,,delivered,,midwest,408.32,444.95,23
TRK000003798,2024-10-09,10/11/2024,13-10-2024,in transit,XPO,Northeast,366.66,88.66,21
TRK000000085,29-11-2024,2024-12-02,12/07/2024,Delivered,DHL,West Coast,286.44,282.06,1
TRK000003137,20241119,2024-11-21,26-11-2024,in transit,FEDEX,midwest,361.19,698.1,25
TRK000000118,2023-07-01,08-07-2023,06-07-2023,Cancelled,UPS,Midwest,489.95,156.05,41
TRK000004834,11/07/2023,2023-11-14,11/15/2023,in transit,fedex,Midwest,522.08,883.1,37
TRK000001409,05/27/2024,2024-05-31,06/01/2024,delivered,USPS,West Coast,513.43,610.86,34
TRK000000542,20231008,2023-10-10,20231008,Delivered,XPO,midwest,563.32,893.16,28
TRK000004266,02/21/2024,2024-02-24,,delivered,UPS,Southwest,319.91,490.55,21
TRK000004387,20230106,2023-01-10,01/09/2023,Cancelled,DHL,Northeast,198.21,798.08,5
TRK000002580,10/03/2024,2024-10-09,,late,,Northeast,575.32,457.97,4
TRK000002491,2023-12-08,2023-12-13,2023-12-12,in transit,fedex,Southeast,534.16,709.39,45
TRK000003564,2023-03-08,2023-03-15,,delivered,ups,midwest,229.49,831.25,7
TRK000001867,2024-09-24,20241001,29-09-2024,Cancelled,FEDEX,Midwest,62.51,435.4,39
TRK000000446,20241231,01/01/2025,01/02/2025,Delayed,,midwest,27.4,818.71,9
TRK000000190,16-11-2023,21-11-2023,24-11-2023,Delivered,USPS,West Coast,352.28,314.51,44
TRK000003926,29-05-2023,05/30/2023,20230528,late,DHL,West Coast,415.76,408.75,38
TRK000001309,2024-08-02,08/05/2024,08/09/2024,late,UPS,West Coast,128.67,329.33,31
TRK000004840,2023-12-06,2023-12-13,12/14/2023,delivered,UPS,Southwest,117.45,390.27,38
TRK000001817,01/04/2024,01/05/2024,01/06/2024,Delivered,USPS,Northeast,505.89,218.15,7
TRK000000643,01/22/2023,29-01-2023,02-02-2023,Delayed,DHL,West Coast,586.28,606.64,40
TRK000001525,20-03-2024,26-03-2024,,in transit,DHL,MIDWEST,147.49,172.77,3
TRK000001860,20240922,09/27/2024,2024-09-29,late,XPO,midwest,398.44,721.15,5
TRK000000218,20230621,20230626,20230629,delivered,,West Coast,241.17,473.8,38
TRK000003897,10/27/2024,28-10-2024,29-10-2024,canceled,ups,Midwest,81.46,434.27,6
TRK000001494,20231030,20231103,04-11-2023,late,ups,Southeast,164.54,546.37,2
TRK000003668,07/03/2023,2023-07-07,2023-07-06,In Transit,FEDEX,Southeast,23.93,355.23,13
TRK000001302,12/08/2023,10-12-2023,2023-12-12,delivered,XPO,Southeast,493.56,307.31,26
TRK000004578,02/20/2024,02/27/2024,02/25/2024,late,USPS,Northeast,309.98,451.2,36
TRK000003972,20240424,2024-04-30,03-05-2024,Delayed,ups,West Coast,524.38,723.13,20
TRK000000043,10-01-2023,14-01-2023,2023-01-17,Delivered,ups,Northeast,93.06,338.85,22
TRK000001244,2024-08-04,10-08-2024,20240814,delivered,ups,Midwest,103.68,883.15,44
TRK000001270,20240720,22-07-2024,,Cancelled,FEDEX,Northeast,175.37,635.67,34
TRK000000620,2023-03-13,03/17/2023,,canceled,ups,Southwest,287.47,490.75,5
TRK000001514,03-02-2024,02/10/2024,20240211,delivered,USPS,Northeast,5.46,313.29,10
TRK000003456,2024-04-01,2024-04-02,03-04-2024,late,fedex,Southeast,420.49,496.98,46
TRK000000867,11/01/2023,2023-11-05,20231105,Delivered,ups,Northeast,531.44,402.79,11
TRK000003209,2023-10-08,14-10-2023,2023-10-13,In Transit,fedex,West Coast,460.16,643.34,21
TRK000002130,20240224,02/28/2024,20240229,Delivered,fedex,Midwest,151.11,480.15,46
TRK000001938,20230520,05/23/2023,20230528,delivered,DHL,midwest,97.66,462.05,2
TRK000004129,09/13/2024,20240914,13-09-2024,Delayed,UPS,Northeast,428.93,504.46,44
TRK000003221,29-06-2024,20240701,2024-06-29,Delivered,FEDEX,Midwest,463.67,761.03,50
TRK000000145,07/26/2023,2023-07-28,07/29/2023,In Transit,UPS,midwest,501.4,219.99,43
TRK000004764,20230621,20230627,2023-07-01,Cancelled,DHL,Northeast,64.43,485.63,21
TRK000000198,27-06-2023,2023-06-28,2023-07-01,Cancelled,XPO,Southwest,181.62,60.18,39
TRK000001764,05/26/2024,27-05-2024,05/27/2024,DELIVERED,ups,midwest,400.16,264.15,5
TRK000004354,2023-12-10,11-12-2023,12/16/2023,in transit,UPS,midwest,146.88,375.02,6
TRK000004732,20230303,05-03-2023,03/07/2023,delivered,DHL,Southeast,386.52,221.71,49
TRK000001319,02/10/2023,2023-02-15,02/19/2023,Cancelled,,West Coast,523.75,600.84,34
TRK000003185,11/26/2023,11/28/2023,11/26/2023,In Transit,UPS,Northeast,355.99,104.92,14
TRK000001669,08/30/2023,04-09-2023,,delivered,DHL,West Coast,269.51,666.24,41
TRK000004315,20230726,20230729,08/03/2023,late,USPS,Midwest,457.4,118.01,28
TRK000004219,27-03-2023,20230403,05-04-2023,in transit,XPO,West Coast,364.01,555.91,5
TRK000004770,20231208,20231210,11-12-2023,in transit,,Southwest,185.38,181.52,38
TRK000003535,14-03-2023,20230318,17-03-2023,Delivered,ups,MIDWEST,231.81,377.1,28
TRK000004269,20230910,09/12/2023,15-09-2023,Cancelled,USPS,West Coast,347.43,586.31,43
TRK000002061,06/15/2023,20230616,,Delayed,FEDEX,midwest,256.7,128.46,45
TRK000003697,06-11-2023,11/11/2023,15-11-2023,Cancelled,FEDEX,MIDWEST,239.38,548.17,20
TRK000001775,20230107,01/09/2023,01/07/2023,DELIVERED,ups,Northeast,422.72,132.34,13
TRK000002844,05/13/2024,15-05-2024,20240514,late,UPS,MIDWEST,547.87,433.06,7
TRK000002160,20241013,20241015,,In Transit,UPS,Midwest,37.57,122.85,49
TRK000001104,20230108,14-01-2023,20230112,DELIVERED,XPO,Southeast,409.43,132.32,22
TRK000001070,2023-11-19,2023-11-26,20231129,in transit,,MIDWEST,501.42,615.32,9
TRK000004742,20230127,20230201,,Cancelled,DHL,Midwest,591.72,501.03,21
TRK000002178,20230118,2023-01-24,22-01-2023,in transit,DHL,Southwest,592.14,874.16,45
TRK000001467,2023-04-13,19-04-2023,20230420,Delayed,UPS,Southwest,573.08,655.15,31
TRK000000515,2024-11-09,11/14/2024,15-11-2024,in transit,FEDEX,midwest,168.93,194.87,47
TRK000004196,21-09-2023,09/27/2023,2023-09-26,DELIVERED,fedex,Southwest,546.19,615.65,48
TRK000003562,26-01-2024,02/01/2024,2024-02-05,DELIVERED,FEDEX,Northeast,512.14,737.18,25
TRK000001898,13-08-2024,08/19/2024,,canceled,ups,MIDWEST,361.37,102.6,15
TRK000004014,20230420,20230424,,Delayed,XPO,West Coast,170.75,774.51,48
TRK000002252,20241112,11/19/2024,20241117,delivered,FEDEX,MIDWEST,579.93,559.05,4
TRK000004038,12/08/2023,20231210,20231211,delivered,UPS,midwest,395.89,770.86,11
TRK000002593,23-01-2023,28-01-2023,02/01/2023,canceled,ups,Southwest,59.29,626.21,21
TRK000000875,08/17/2024,08/24/2024,08/26/2024,Cancelled,fedex,MIDWEST,391.09,438.9,24
TRK000004135,2024-08-12,13-08-2024,20240813,Delayed,USPS,Midwest,71.29,370.07,33
TRK000002850,27-10-2024,10/30/2024,20241030,In Transit,DHL,midwest,278.74,582.93,42
TRK000003805,01/27/2024,2024-01-30,20240204,delivered,fedex,MIDWEST,447.47,362.22,38
TRK000003940,2023-07-05,20230709,20230713,In Transit,USPS,West Coast,502.45,303.61,35
TRK000004125,12/31/2024,2025-01-07,20250106,DELIVERED,FEDEX,Midwest,24.45,690.48,37
TRK000002812,07/31/2023,20230806,2023-08-08,Cancelled,XPO,Southeast,28.65,773.73,34
TRK000000999,10/28/2023,2023-11-03,2023-11-03,Cancelled,,Midwest,113.66,540.51,20
TRK000000294,09-08-2023,11-08-2023,20230812,Delayed,ups,Southwest,274.18,553.02,17
TRK000000252,11/23/2024,20241127,11/27/2024,DELIVERED,DHL,midwest,260.74,505.52,2
TRK000003384,2024-09-10,12-09-2024,,DELIVERED,FEDEX,midwest,164.68,155.93,15
TRK000003444,08-10-2023,20231009,,In Transit,FEDEX,West Coast,209.99,882.56,37
TRK000002082,20231016,20231021,10/20/2023,delivered,ups,Midwest,412.31,812.08,46
TRK000004807,06/09/2023,20230615,,late,,Northeast,263.94,371.98,23
TRK000004916,2024-04-24,29-04-2024,20240503,DELIVERED,DHL,midwest,54.99,492.51,6
TRK000000079,2023-03-20,20230326,03/25/2023,late,fedex,Southwest,309.49,190.35,44
TRK000001709,29-06-2024,07/05/2024,,canceled,UPS,MIDWEST,365.91,61.82,39
TRK000004539,20240404,20240406,20240407,Delayed,,Southeast,581.87,198.59,22
TRK000000239,20241126,11/28/2024,27-11-2024,canceled,UPS,midwest,536.16,296.56,30
TRK000003325,09/24/2024,20241001,04-10-2024,Delivered,,Midwest,259.05,55.01,13
TRK000001089,20230328,02-04-2023,02-04-2023,DELIVERED,XPO,Southwest,535.42,399.11,35
TRK000003678,10/03/2023,2023-10-04,10/09/2023,delivered,,Midwest,81.07,187.56,27
TRK000004708,20231206,12/07/2023,08-12-2023,in transit,FEDEX,West Coast,435.87,856.12,48
TRK000004072,02/03/2024,2024-02-05,,DELIVERED,UPS,Southwest,585.89,141.7,48
TRK000003177,01/09/2023,01/13/2023,15-01-2023,In Transit,USPS,midwest,158.85,463.04,45
TRK000002846,09/11/2023,09/17/2023,2023-09-18,Delayed,USPS,Southwest,23.98,452.81,13
TRK000001671,05/30/2023,06/03/2023,,DELIVERED,XPO,Southwest,288.04,219.7,33
TRK000003320,2024-03-13,03/19/2024,,Delivered,ups,Midwest,32.23,143.55,48
TRK000002113,26-11-2023,2023-11-28,2023-11-30,Delivered,fedex,MIDWEST,331.51,822.21,9
TRK000001367,12/06/2023,20231209,2023-12-12,In Transit,DHL,Northeast,378.11,681.49,39
TRK000002435,20230504,05/05/2023,05/06/2023,Delivered,,Northeast,115.83,213.99,36
TRK000000062,20241229,2025-01-01,01/04/2025,delivered,ups,MIDWEST,580.52,810.68,19
TRK000001456,2023-02-16,02/21/2023,,late,fedex,midwest,306.06,876.6,36
TRK000003836,20240204,08-02-2024,09-02-2024,Cancelled,UPS,Southeast,425.24,206.46,36
TRK000002564,02-05-2023,2023-05-04,05/05/2023,Cancelled,XPO,West Coast,70.59,298.07,42
TRK000003514,20231222,28-12-2023,31-12-2023,Delivered,XPO,MIDWEST,489.74,325.88,23
TRK000004961,20230813,19-08-2023,08/19/2023,late,FEDEX,Northeast,195.23,267.59,14
TRK000004715,20240818,2024-08-24,20240828,Delayed,,Southwest,111.83,182.3,12
TRK000000832,07/13/2023,2023-07-18,07/18/2023,In Transit,USPS,Southwest,147.91,600.43,42
TRK000004645,2024-02-17,2024-02-18,2024-02-18,Delayed,ups,Northeast,462.3,667.75,18
TRK000001647,2023-05-27,06/02/2023,05/31/2023,late,,midwest,338.15,863.98,29
TRK000000457,2023-06-17,2023-06-20,20-06-2023,In Transit,,West Coast,531.99,257.24,27
TRK000001320,20230526,2023-05-27,20230525,Delayed,XPO,Midwest,135.49,242.67,19
TRK000002516,01/01/2024,20240102,01-01-2024,Delayed,UPS,MIDWEST,255.72,356.42,43
TRK000002230,2024-12-04,2024-12-07,12/09/2024,Delayed,,Southeast,89.52,346.13,29
TRK000002717,05/04/2024,05/11/2024,,in transit,FEDEX,Southeast,192.27,541.17,28
TRK000003518,20240507,20240513,05/16/2024,in transit,ups,Midwest,349.0,167.49,27
TRK000004342,20240623,06/28/2024,2024-06-29,Delivered,UPS,Southeast,217.15,-647.63,50
TRK000003197,05/23/2023,20230526,2023-05-30,in transit,USPS,Southeast,33.4,256.12,7
TRK000004895,11/09/2024,2024-11-14,,Delivered,,West Coast,498.81,761.82,27
TRK000003292,20230603,2023-06-10,10-06-2023,In Transit,ups,Northeast,36.94,685.89,42
TRK000001020,02-02-2023,07-02-2023,02/07/2023,in transit,fedex,Northeast,163.82,59.24,6
TRK000002803,2024-06-18,20240622,20240622,DELIVERED,ups,MIDWEST,385.49,681.66,25
TRK000004261,18-06-2023,06/19/2023,2023-06-23,In Transit,,Northeast,358.67,215.52,49
TRK000002684,20231113,2023-11-15,2023-11-13,DELIVERED,UPS,Midwest,566.16,254.28,1
TRK000001988,2024-01-01,08-01-2024,20240112,canceled,,Midwest,301.8,475.18,50
TRK000001132,20230603,2023-06-04,2023-06-08,Cancelled,USPS,Northeast,484.68,455.41,42
TRK000000559,20230525,06/01/2023,06/04/2023,In Transit,ups,Northeast,340.57,430.36,32
TRK000003154,20230410,17-04-2023,,Delayed,FEDEX,Southeast,97.72,701.37,18
TRK000002222,20240813,08/16/2024,2024-08-15,late,fedex,Midwest,218.72,202.31,19
TRK000001656,20240215,20240219,19-02-2024,Delivered,,West Coast,586.48,424.7,4
TRK000004055,09/08/2023,20230914,20230912,In Transit,ups,Southeast,280.06,181.38,42
TRK000000470,07/01/2024,20240708,07-07-2024,In Transit,ups,Southeast,206.11,203.23,39
TRK000000148,05/12/2024,14-05-2024,2024-05-19,in transit,fedex,Midwest,561.94,147.18,24
TRK000002152,03/16/2024,2024-03-20,03/21/2024,In Transit,XPO,Southeast,243.64,787.82,20
TRK000000918,20241230,03-01-2025,04-01-2025,Delayed,FEDEX,Northeast,210.22,619.2,27
TRK000002874,05/08/2024,2024-05-12,05/12/2024,DELIVERED,ups,MIDWEST,591.83,870.75,47
TRK000003864,2023-11-21,20231122,11/27/2023,late,ups,MIDWEST,581.71,843.75,7
TRK000001579,02/07/2023,02/09/2023,2023-02-10,DELIVERED,ups,midwest,218.91,407.15,20
TRK000000332,20231111,16-11-2023,2023-11-15,Delayed,ups,Southwest,257.6,644.42,12
TRK000001377,2024-07-20,2024-07-25,2024-07-29,In Transit,ups,MIDWEST,10.84,374.33,27
TRK000003034,04/17/2023,04/21/2023,20230420,canceled,XPO,Southwest,69.59,588.5,31
TRK000003141,08-05-2023,05/11/2023,16-05-2023,delivered,,MIDWEST,159.43,400.99,27
TRK000000461,20-11-2024,22-11-2024,,Delayed,,West Coast,595.7,822.7,16
TRK000002299,20240723,07/27/2024,20240731,DELIVERED,USPS,West Coast,95.91,754.27,15
TRK000001333,04/12/2023,18-04-2023,04/17/2023,In Transit,XPO,Midwest,16.36,586.72,1
TRK000001954,10/05/2024,20241012,10-10-2024,Delayed,,Northeast,391.86,575.38,15
TRK000002530,01-11-2023,2023-11-03,11/04/2023,Delivered,XPO,MIDWEST,590.89,667.37,7
TRK000003032,24-04-2023,04/28/2023,20230427,In Transit,FEDEX,Southwest,477.47,141.02,27
TRK000000428,03/17/2023,21-03-2023,2023-03-20,Delayed,fedex,MIDWEST,340.81,228.75,39
TRK000000996,02-02-2023,2023-02-03,02/06/2023,Delivered,USPS,West Coast,14.8,461.32,33
TRK000001023,06/06/2023,08-06-2023,07-06-2023,late,FEDEX,Northeast,571.98,813.79,23
TRK000003193,26-12-2024,12/31/2024,01/05/2025,delivered,ups,Southwest,62.63,683.42,50
TRK000004494,24-08-2024,27-08-2024,2024-08-28,in transit,ups,Southwest,120.63,860.7,23
TRK000003913,18-01-2024,20240124,2024-01-29,In Transit,ups,Northeast,485.62,192.16,28
TRK000002660,2023-07-10,13-07-2023,07/14/2023,late,,West Coast,477.35,608.41,15
TRK000000129,20240729,20240730,31-07-2024,DELIVERED,FEDEX,Northeast,119.08,498.17,32
TRK000003833,2024-05-25,26-05-2024,2024-05-30,Delivered,ups,Southwest,171.34,151.37,26
TRK000003758,07-02-2023,12-02-2023,10-02-2023,in transit,ups,Midwest,334.31,336.78,21
TRK000001134,2024-05-20,2024-05-25,,Cancelled,FEDEX,Midwest,495.45,303.68,9
TRK000001744,2023-04-18,2023-04-21,25-04-2023,Delivered,,Midwest,29.75,242.39,20
TRK000000137,18-03-2023,03/21/2023,20230325,late,fedex,MIDWEST,74.3,279.43,34
TRK000004389,04-09-2023,2023-09-09,14-09-2023,canceled,DHL,midwest,523.85,879.9,43
TRK000001777,20241024,10/30/2024,20241029,In Transit,DHL,Southeast,125.99,113.87,38
TRK000000887,06/24/2024,29-06-2024,20240701,late,FEDEX,midwest,372.67,652.24,13
TRK000002700,2024-02-14,2024-02-16,,Cancelled,FEDEX,Midwest,536.56,409.63,12
TRK000003664,10/01/2023,20231002,20231007,canceled,,Southeast,32.84,349.16,18
TRK000000519,14-01-2024,20240115,,canceled,DHL,Southwest,66.4,375.14,4
TRK000004523,2024-10-23,25-10-2024,10/26/2024,in transit,DHL,Southwest,236.34,147.91,15
TRK000000869,2024-12-09,12/12/2024,20241212,delivered,XPO,midwest,544.09,717.87,16
TRK000002584,20230624,27-06-2023,2023-06-27,Delayed,UPS,Southeast,528.87,209.24,11
TRK000003479,2024-11-26,2024-12-03,06-12-2024,Cancelled,DHL,West Coast,302.38,874.11,49
TRK000003480,31-05-2023,20230607,,delivered,,Southeast,275.79,308.91,23
TRK000001561,20231105,11/11/2023,11/16/2023,DELIVERED,UPS,Southwest,19.51,145.85,37
TRK000001552,20241213,12/17/2024,16-12-2024,DELIVERED,XPO,Southeast,235.22,214.77,27
TRK000003076,2023-10-10,20231013,10/16/2023,late,,MIDWEST,90.99,759.05,19
TRK000003754,30-09-2024,2024-10-05,2024-10-07,late,fedex,Southeast,4.05,463.8,23
TRK000001468,07-11-2024,11/14/2024,,Cancelled,USPS,Southwest,351.55,263.72,6
TRK000000855,2023-10-25,27-10-2023,,delivered,ups,West Coast,187.13,842.99,37
TRK000002332,2024-03-22,28-03-2024,20240328,canceled,DHL,Northeast,226.2,630.82,28
TRK000003077,20230409,20230411,20230414,Delivered,,West Coast,16.83,478.24,50
TRK000002551,20240307,03/08/2024,20240310,Delivered,XPO,Southwest,484.68,718.64,34
TRK000001510,16-04-2024,20240423,,DELIVERED,,midwest,37.46,96.49,48
TRK000000288,08/21/2024,27-08-2024,25-08-2024,Delivered,fedex,midwest,291.49,646.34,45
TRK000000181,20230725,2023-07-26,,canceled,DHL,Southwest,235.04,180.07,8
TRK000004230,2023-11-04,20231108,11/08/2023,Delivered,fedex,Northeast,85.87,747.23,48
TRK000001076,04-11-2024,20241106,20241107,In Transit,fedex,Southwest,250.72,454.73,28
TRK000004760,01-06-2023,06/02/2023,20230601,late,fedex,Southeast,6.46,529.58,11
TRK000000166,01/02/2024,07-01-2024,08-01-2024,late,FEDEX,MIDWEST,515.34,346.51,9
TRK000001384,20231013,10/20/2023,22-10-2023,Delayed,fedex,MIDWEST,195.12,834.96,38
TRK000001063,2023-12-23,20231228,20240101,DELIVERED,DHL,midwest,139.69,107.43,50
TRK000004847,31-08-2023,2023-09-01,2023-09-01,In Transit,FEDEX,Southwest,458.25,668.94,39
TRK000003494,10/08/2024,10/15/2024,,delivered,USPS,Southwest,263.07,197.96,19
TRK000000713,2023-08-19,08/21/2023,2023-08-25,Delayed,UPS,Midwest,216.38,741.76,27
TRK000000962,08/04/2024,20240809,12-08-2024,DELIVERED,fedex,West Coast,539.95,207.51,9
TRK000004042,20230310,03/14/2023,2023-03-18,canceled,XPO,Southeast,14.5,792.88,19
TRK000004406,15-09-2023,20230919,2023-09-18,canceled,DHL,MIDWEST,535.19,791.58,38
TRK000001465,27-04-2024,2024-04-30,04/28/2024,late,UPS,Midwest,483.59,337.34,37
TRK000001772,20240916,09/22/2024,20-09-2024,Delivered,FEDEX,Midwest,22.32,343.97,33
TRK000003245,2023-08-19,08/25/2023,20230830,Delivered,UPS,West Coast,289.82,307.91,25
TRK000001328,22-01-2024,28-01-2024,,Cancelled,FEDEX,Southeast,262.48,646.14,4
TRK000000366,2023-09-01,09/03/2023,,Delivered,UPS,Midwest,34.94,58.54,29
TRK000000789,20230704,20230707,,In Transit,XPO,MIDWEST,47.01,347.22,17
TRK000003453,10-07-2024,07/12/2024,15-07-2024,DELIVERED,XPO,MIDWEST,325.31,812.99,7
TRK000001981,02/25/2023,2023-02-28,05-03-2023,Delayed,DHL,Midwest,586.77,287.82,45
TRK000002206,2024-03-26,2024-04-01,31-03-2024,in transit,ups,Southwest,12.29,68.1,25
TRK000000975,2024-01-29,02-02-2024,,Delivered,UPS,West Coast,452.93,224.87,22
TRK000002934,2023-09-26,2023-10-03,20231004,delivered,ups,midwest,594.54,693.66,35
TRK000000378,2024-04-19,23-04-2024,25-04-2024,In Transit,DHL,Northeast,463.03,188.17,19
TRK000000365,12-12-2023,17-12-2023,12/19/2023,late,UPS,Southwest,11.34,357.44,1
TRK000004107,22-04-2024,2024-04-23,20240428,Delayed,FEDEX,Southeast,459.82,592.08,18
TRK000001597,2023-09-23,09/30/2023,20231001,DELIVERED,UPS,Midwest,332.49,585.79,15
TRK000000831,04-03-2023,2023-03-10,2023-03-12,canceled,UPS,Southwest,68.8,63.7,5
TRK000002919,08/31/2023,2023-09-02,05-09-2023,DELIVERED,ups,Southeast,585.08,754.77,42
TRK000000770,2024-01-19,2024-01-23,01/25/2024,DELIVERED,USPS,West Coast,429.75,578.63,48
TRK000002837,2024-06-04,2024-06-11,06/14/2024,canceled,USPS,West Coast,378.56,848.95,47
TRK000001856,04-03-2024,03/09/2024,07-03-2024,Cancelled,,midwest,460.82,566.04,24
TRK000001157,25-08-2023,2023-08-29,28-08-2023,late,ups,West Coast,138.98,639.11,27
TRK000002757,24-08-2023,29-08-2023,29-08-2023,In Transit,USPS,Midwest,245.69,836.86,33
TRK000000359,20230601,2023-06-06,06/07/2023,Delivered,FEDEX,midwest,259.42,814.89,45
TRK000001040,06/20/2023,21-06-2023,,In Transit,,Southeast,538.56,786.85,22
TRK000001026,20240828,02-09-2024,20240831,Delayed,ups,MIDWEST,110.89,112.69,50
TRK000003553,20240826,09/02/2024,01-09-2024,In Transit,fedex,Northeast,179.11,10930.48,22
TRK000002039,02/19/2023,20230224,28-02-2023,DELIVERED,USPS,Midwest,209.06,292.47,11
TRK000002245,2023-05-02,05/05/2023,10-05-2023,Delayed,XPO,Midwest,124.9,240.09,33
TRK000003706,2023-06-22,23-06-2023,06/21/2023,delivered,UPS,West Coast,256.48,865.88,29
TRK000001294,20240617,20240619,21-06-2024,In Transit,FEDEX,midwest,82.95,830.3,18
TRK000004792,15-11-2024,20241116,2024-11-15,DELIVERED,USPS,Midwest,260.59,682.64,46
TRK000001416,06/17/2024,06/20/2024,18-06-2024,late,ups,Northeast,291.22,856.81,12
TRK000003267,2024-05-23,20240526,,canceled,,West Coast,125.92,589.56,12
TRK000004357,02/09/2023,13-02-2023,20230217,late,USPS,midwest,378.39,586.37,39
TRK000002590,20240101,06-01-2024,01/05/2024,in transit,XPO,Midwest,106.54,236.09,21
TRK000000911,11/07/2024,2024-11-08,12-11-2024,delivered,fedex,West Coast,129.85,649.1,27
TRK000001809,2023-03-04,09-03-2023,20230311,Cancelled,ups,Southeast,382.12,623.74,3
TRK000002969,2023-11-12,2023-11-16,20231116,In Transit,,midwest,423.13,505.61,23
TRK000004008,07/20/2024,21-07-2024,07/22/2024,DELIVERED,ups,Southeast,248.62,357.78,36
TRK000004644,2023-09-12,09/13/2023,,delivered,ups,Southeast,15.52,67.02,41
TRK000003029,05-12-2024,2024-12-07,,In Transit,ups,Midwest,303.2,687.43,46
TRK000002474,01-03-2024,02-03-2024,,in transit,ups,West Coast,446.35,755.71,20
TRK000002090,20231008,12-10-2023,20231014,delivered,ups,MIDWEST,320.39,873.87,16
TRK000004623,2024-01-27,20240128,02/01/2024,late,fedex,Southeast,286.61,858.74,7
TRK000003975,2024-10-20,10/23/2024,20241022,late,fedex,West Coast,434.1,131.08,37
TRK000001855,20230827,2023-08-28,30-08-2023,Cancelled,UPS,midwest,337.88,400.08,32
TRK000002853,20240712,2024-07-16,20240717,Delayed,FEDEX,midwest,9.16,323.56,34
TRK000001215,20230505,20230507,2023-05-06,delivered,fedex,Midwest,261.85,83.2,19
TRK000004665,23-11-2024,26-11-2024,20241129,late,DHL,Northeast,561.79,529.24,48
TRK000001354,2023-05-19,21-05-2023,05/26/2023,Cancelled,FEDEX,MIDWEST,57.21,58.35,30
TRK000000418,2023-12-05,12/06/2023,,delivered,DHL,Southeast,492.63,448.39,28
TRK000000745,08/21/2024,2024-08-27,08/31/2024,delivered,DHL,Northeast,158.5,844.16,7
TRK000000089,20230510,05/17/2023,05/21/2023,Delivered,XPO,midwest,139.87,330.64,14
TRK000000297,20230404,20230411,20230411,DELIVERED,UPS,Southeast,300.72,190.1,8
TRK000002976,09/04/2023,09/09/2023,13-09-2023,Delayed,,midwest,262.91,650.31,29
TRK000003581,20240516,22-05-2024,20240521,Cancelled,UPS,West Coast,336.32,524.22,13
TRK000000777,27-01-2024,30-01-2024,2024-01-28,delivered,XPO,Midwest,388.68,216.46,42
TRK000002185,20240505,20240509,,late,UPS,Northeast,284.6,641.17,42
TRK000002836,07/12/2024,2024-07-19,,in transit,USPS,midwest,507.64,364.1,4
TRK000001273,2024-03-30,05-04-2024,08-04-2024,Delayed,DHL,West Coast,433.56,132.85,24
TRK000000474,06/12/2024,13-06-2024,2024-06-17,Delayed,DHL,Southwest,27.66,403.92,39
TRK000002426,23-07-2023,2023-07-29,29-07-2023,late,XPO,West Coast,501.83,590.0,6
TRK000003084,2024-08-02,08/06/2024,,Delivered,,Northeast,383.13,830.31,30
TRK000004403,03/25/2023,31-03-2023,2023-04-02,in transit,DHL,MIDWEST,172.96,761.71,18
TRK000004699,20230524,29-05-2023,2023-05-30,late,XPO,Southeast,347.64,759.98,23
TRK000002743,20241019,24-10-2024,24-10-2024,Cancelled,DHL,Southeast,420.09,81.22,33
TRK000004794,2024-07-18,07/25/2024,20240727,Delayed,fedex,Southwest,352.51,127.14,24
TRK000001638,20240731,04-08-2024,02-08-2024,In Transit,UPS,Northeast,547.98,324.02,20
TRK000004338,20230616,06/20/2023,18-06-2023,DELIVERED,ups,West Coast,203.39,423.16,44
TRK000003015,15-02-2024,20240218,,Delivered,FEDEX,Northeast,307.81,839.64,20
TRK000002885,2024-09-03,2024-09-09,10-09-2024,Delayed,,midwest,208.32,858.77,26
TRK000002942,06/19/2023,20230623,,In Transit,FEDEX,MIDWEST,147.59,175.37,44
TRK000000596,20240722,20240729,20240727,Cancelled,ups,midwest,550.25,455.74,25
TRK000004744,2023-05-12,15-05-2023,20230515,Delivered,ups,Northeast,531.47,389.9,12
TRK000000923,08/29/2023,2023-09-01,08/30/2023,delivered,DHL,Southwest,56.62,568.98,25
TRK000004915,20241031,11/02/2024,11/04/2024,in transit,XPO,MIDWEST,310.89,314.43,7
TRK000001588,04/21/2024,20240428,,late,UPS,Midwest,292.2,633.16,43
TRK000003149,20240216,20-02-2024,22-02-2024,In Transit,fedex,midwest,108.12,411.23,28
TRK000004477,20240628,20240705,2024-07-04,late,XPO,Southeast,24.87,177.83,32
TRK000001028,2024-04-16,19-04-2024,,Delayed,XPO,Southeast,214.77,559.43,2
TRK000002275,2024-04-02,2024-04-05,04/03/2024,Delayed,ups,MIDWEST,296.58,556.41,18
TRK000000774,20-12-2023,24-12-2023,2023-12-25,Delayed,fedex,West Coast,586.13,830.96,41
TRK000004647,14-04-2023,2023-04-18,20230417,In Transit,,midwest,115.79,337.11,17
TRK000004171,20231107,12-11-2023,11/13/2023,delivered,DHL,West Coast,403.19,640.12,39
TRK000000602,20240213,15-02-2024,2024-02-17,Cancelled,USPS,Northeast,11.83,54.29,21
TRK000003272,2023-08-15,16-08-2023,21-08-2023,DELIVERED,ups,Southeast,493.75,549.73,10
TRK000002063,2024-04-18,20240425,26-04-2024,In Transit,,Northeast,449.06,502.4,34
TRK000004706,20240114,20240117,2024-01-20,delivered,USPS,West Coast,446.69,433.77,16
TRK000000403,2024-01-20,25-01-2024,,Delayed,DHL,midwest,96.31,566.05,50
TRK000003393,15-02-2024,20240220,02/21/2024,in transit,,Southwest,454.34,405.45,19
TRK000002963,2024-04-05,20240407,20240407,in transit,USPS,Southwest,114.14,13298.66,2
TRK000004803,25-09-2024,09/27/2024,,Delayed,ups,West Coast,375.67,576.93,44
TRK000004767,04/04/2023,20230407,,DELIVERED,DHL,MIDWEST,524.92,561.14,12
TRK000002187,20240428,05/04/2024,05/07/2024,late,fedex,West Coast,385.19,162.75,39
TRK000003170,20231206,20231213,20231213,In Transit,UPS,midwest,250.84,258.13,17
TRK000000937,2024-07-04,05-07-2024,20240703,canceled,ups,MIDWEST,390.13,422.74,28
TRK000000505,08-05-2023,20230509,,DELIVERED,FEDEX,Northeast,547.87,273.12,31
TRK000001633,04-08-2023,07-08-2023,,delivered,fedex,MIDWEST,267.36,595.73,29
TRK000004672,17-12-2024,20-12-2024,18-12-2024,Delayed,DHL,West Coast,380.7,697.12,31
TRK000000700,31-12-2024,01/04/2025,2025-01-04,Cancelled,XPO,West Coast,182.47,682.17,38
TRK000001906,13-01-2023,16-01-2023,20230120,late,USPS,MIDWEST,102.3,455.43,34
TRK000004882,05/08/2024,10-05-2024,2024-05-14,Cancelled,XPO,Southeast,299.78,62.1,37
TRK000000961,2024-10-15,16-10-2024,2024-10-17,Delivered,FEDEX,Southwest,340.45,680.17,16
TRK000001982,08-09-2023,11-09-2023,2023-09-11,Cancelled,fedex,MIDWEST,498.58,636.24,5
TRK000000681,2023-05-16,21-05-2023,2023-05-22,Cancelled,fedex,Southwest,70.73,243.45,6
TRK000002295,2024-05-02,20240504,,Cancelled,UPS,West Coast,483.65,550.97,40
TRK000004888,12-04-2024,13-04-2024,04/17/2024,DELIVERED,fedex,Southeast,407.03,561.15,33
TRK000000640,11/13/2023,2023-11-19,20231119,delivered,fedex,Midwest,555.25,464.44,29
TRK000001448,17-12-2023,20231223,2023-12-23,delivered,XPO,West Coast,126.96,214.56,44
TRK000002138,20230608,20230611,15-06-2023,Cancelled,USPS,Southeast,283.72,717.94,20
TRK000001370,2024-01-15,20240117,2024-01-20,in transit,ups,Southeast,387.83,754.85,9
TRK000002193,20240412,20240419,20-04-2024,canceled,,West Coast,443.67,227.32,14
TRK000002982,20240924,2024-09-29,20241001,late,fedex,Northeast,168.81,140.81,39
TRK000004439,2024-08-23,20240827,,Delayed,fedex,MIDWEST,45.32,97.7,50
TRK000002504,28-02-2024,06-03-2024,2024-03-06,Delayed,fedex,midwest,462.17,551.34,45
TRK000001297,12/29/2024,20250104,07-01-2025,DELIVERED,USPS,Northeast,406.92,819.34,46
TRK000001200,2023-09-23,26-09-2023,2023-09-24,in transit,fedex,Midwest,575.91,169.23,21
TRK000000724,2024-07-05,20240709,07/12/2024,In Transit,FEDEX,midwest,410.69,589.22,18
TRK000002648,20240421,2024-04-25,20240425,delivered,,Midwest,374.59,602.88,25
TRK000004133,01/20/2023,21-01-2023,01/25/2023,Cancelled,,midwest,89.82,177.92,20
TRK000002375,05-07-2023,06-07-2023,,Cancelled,,MIDWEST,126.08,561.63,20
TRK000002657,20230617,2023-06-21,20230622,Delivered,USPS,Southwest,520.65,845.86,48
TRK000000001,08/02/2023,2023-08-06,,Delayed,FEDEX,midwest,126.57,422.76,32
TRK000001724,2024-09-11,20240914,2024-09-17,Delivered,,Southwest,482.24,402.86,26
TRK000004626,2023-04-13,20230416,20230418,Delivered,XPO,Southeast,438.05,761.05,21
TRK000000881,2023-02-16,02/18/2023,18-02-2023,DELIVERED,fedex,West Coast,249.51,529.89,11
TRK000003212,2024-03-05,20240307,03/07/2024,delivered,FEDEX,Southwest,375.56,680.67,17
TRK000002875,2024-09-28,20241001,,canceled,USPS,Northeast,95.75,71.96,1
TRK000004468,20231224,12/26/2023,,Delivered,ups,Southeast,286.27,889.96,17
TRK000004030,05/12/2023,05/15/2023,05/18/2023,canceled,fedex,Northeast,483.46,863.37,10
TRK000002638,19-08-2023,08/25/2023,,delivered,FEDEX,Southeast,426.57,130.57,30
TRK000002892,2024-11-15,20241120,2024-11-22,Cancelled,USPS,Northeast,9.58,695.91,41
TRK000001313,20230204,20230211,02/11/2023,late,,West Coast,158.42,387.25,29
TRK000002263,20230501,2023-05-07,10-05-2023,canceled,fedex,Southeast,38.81,336.67,24
TRK000000459,12-03-2024,03/18/2024,,DELIVERED,FEDEX,Southeast,272.09,511.82,36
TRK000004517,03/26/2023,2023-04-02,04/02/2023,DELIVERED,DHL,West Coast,360.96,387.92,10
TRK000002150,2024-07-30,08/06/2024,08/04/2024,Delayed,USPS,West Coast,565.37,730.22,40
TRK000000081,20240310,17-03-2024,03/15/2024,delivered,ups,Midwest,45.85,865.2,46
TRK000002279,07/23/2024,20240729,07/28/2024,in transit,USPS,Southwest,355.26,100.34,16
TRK000002402,12/25/2023,26-12-2023,28-12-2023,Delivered,USPS,MIDWEST,71.26,169.37,20
TRK000003839,20-06-2024,21-06-2024,2024-06-26,in transit,fedex,midwest,534.78,247.35,8
TRK000004414,2024-10-03,2024-10-07,07-10-2024,Cancelled,XPO,midwest,510.13,794.81,32
TRK000004655,19-12-2024,20241223,22-12-2024,DELIVERED,XPO,Midwest,8.74,785.39,46
TRK000003058,20240512,20240514,2024-05-15,In Transit,fedex,West Coast,503.09,552.42,42
TRK000003099,2023-04-11,16-04-2023,,late,ups,midwest,276.99,871.72,34
TRK000000285,08-02-2023,2023-02-12,16-02-2023,in transit,UPS,midwest,18.0,618.71,30
TRK000003350,17-09-2023,09/20/2023,09/23/2023,canceled,UPS,midwest,518.23,349.52,42
TRK000003341,11/26/2023,02-12-2023,05-12-2023,In Transit,FEDEX,MIDWEST,55.17,713.82,26
TRK000002669,20231117,22-11-2023,11/22/2023,Delayed,fedex,Southeast,10.54,693.08,13
TRK000004839,2024-08-18,20240821,23-08-2024,Delayed,FEDEX,MIDWEST,204.76,693.25,23
TRK000003103,2024-02-11,13-02-2024,02/12/2024,late,XPO,midwest,25.42,768.26,36
TRK000004968,20230608,06/14/2023,06/12/2023,Delivered,DHL,Southeast,146.96,470.32,2
TRK000001382,20240918,20240922,26-09-2024,DELIVERED,USPS,midwest,481.23,522.87,28
TRK000002070,01/15/2024,01/18/2024,2024-01-19,canceled,USPS,MIDWEST,285.97,322.13,21
TRK000003319,2023-04-18,20230425,20230426,late,DHL,West Coast,262.27,662.09,11
TRK000001140,2023-01-23,28-01-2023,26-01-2023,Delivered,FEDEX,MIDWEST,359.05,811.47,28
TRK000000012,20241222,12/29/2024,02-01-2025,Delivered,XPO,West Coast,32.73,232.92,49
TRK000001081,01/02/2024,01/07/2024,,Delayed,USPS,Midwest,389.99,880.75,32
TRK000003316,20230503,20230506,,Delayed,ups,midwest,206.63,854.23,7
TRK000003427,15-11-2023,2023-11-18,22-11-2023,late,ups,midwest,57.32,797.2,17
TRK000002856,2023-01-21,2023-01-26,,DELIVERED,UPS,Southwest,184.45,523.56,37
TRK000001147,2024-07-30,08/02/2024,02-08-2024,Delayed,DHL,Southwest,424.11,210.21,50
TRK000003030,01-07-2023,06-07-2023,,In Transit,FEDEX,Southeast,410.14,746.15,38
TRK000003603,20240614,20240616,2024-06-21,canceled,,Midwest,203.67,214.19,24
TRK000004032,2023-05-25,2023-05-27,01-06-2023,canceled,fedex,West Coast,345.48,210.09,35
TRK000001182,20240618,20240622,20240623,in transit,XPO,Midwest,294.79,290.18,32
TRK000002444,2023-04-17,04/20/2023,2023-04-24,delivered,UPS,West Coast,448.96,310.01,37
TRK000003231,2024-07-09,20240711,07/09/2024,canceled,DHL,Southeast,409.0,504.15,3
TRK000004556,2023-08-08,2023-08-09,20230809,Cancelled,DHL,MIDWEST,70.68,808.5,19
TRK000002055,20230105,2023-01-07,01/10/2023,Delayed,,West Coast,148.46,886.74,43
TRK000002243,2023-09-22,20230926,20230928,in transit,XPO,Southeast,505.74,224.14,13
TRK000003756,2024-05-14,2024-05-17,05/21/2024,late,DHL,Midwest,110.83,85.53,21
TRK000000538,2023-06-21,20230627,07/01/2023,In Transit,XPO,West Coast,508.03,292.09,13
TRK000002694,2023-05-11,05/16/2023,20230521,DELIVERED,ups,Southwest,443.27,457.0,29
TRK000003580,2024-09-03,2024-09-10,,Delayed,DHL,Southeast,515.83,843.57,17
TRK000004340,06/29/2023,02-07-2023,20230630,Delivered,FEDEX,midwest,264.88,382.62,16
TRK000002397,2024-09-08,09/13/2024,13-09-2024,DELIVERED,FEDEX,Midwest,86.95,171.86,7
TRK000000048,2024-12-01,2024-12-03,,Delivered,FEDEX,MIDWEST,494.58,52.91,31
TRK000000452,20240808,20240814,08/18/2024,late,XPO,West Coast,527.79,432.22,15
TRK000004709,2023-05-28,20230531,31-05-2023,Delayed,USPS,Midwest,276.5,868.58,46
TRK000000631,20240708,20240715,20240719,late,ups,Southwest,278.65,156.27,22
TRK000002571,20231130,06-12-2023,07-12-2023,Cancelled,,Southwest,85.66,259.11,7
TRK000001447,20240709,07/15/2024,20240719,Delivered,USPS,MIDWEST,124.67,93.25,37
TRK000002094,20241114,11/16/2024,11/16/2024,late,USPS,Southeast,366.6,595.05,49
TRK000004941,2024-09-19,24-09-2024,2024-09-22,DELIVERED,UPS,Southeast,122.6,624.76,10
TRK000002051,08/07/2023,10-08-2023,13-08-2023,In Transit,fedex,midwest,337.57,579.75,10
TRK000000389,17-06-2023,06/21/2023,,In Transit,fedex,MIDWEST,567.3,823.7,29
TRK000000900,10-04-2023,20230417,,Delayed,UPS,Southwest,536.5,798.2,32
TRK000002538,20241118,11/23/2024,2024-11-26,Cancelled,USPS,MIDWEST,193.1,889.64,46
TRK000000583,27-03-2023,03/30/2023,04-04-2023,canceled,USPS,Midwest,294.28,63.56,11
TRK000000495,20230223,2023-03-01,03-03-2023,canceled,XPO,Midwest,79.26,273.65,40
TRK000002144,11-01-2023,20230117,19-01-2023,DELIVERED,UPS,midwest,308.04,373.57,28
TRK000003001,20240221,2024-02-27,01-03-2024,canceled,XPO,Midwest,14.78,661.25,9
TRK000003065,2023-04-20,2023-04-22,,DELIVERED,FEDEX,midwest,545.44,367.38,5
TRK000000164,06/09/2023,06/14/2023,2023-06-19,Delayed,FEDEX,Midwest,431.23,586.35,6
TRK000003996,01/04/2023,20230108,01/09/2023,late,DHL,Southeast,439.21,228.69,38
TRK000003735,2023-03-04,03/08/2023,03/06/2023,DELIVERED,DHL,midwest,595.2,117.62,11
TRK000004987,09-02-2024,02/15/2024,2024-02-17,delivered,ups,Southeast,452.82,561.32,5
TRK000003666,2023-03-05,06-03-2023,04-03-2023,In Transit,,West Coast,158.2,576.87,21
TRK000000432,04/06/2024,2024-04-09,14-04-2024,in transit,DHL,Southwest,528.1,364.88,21
TRK000000490,02/17/2024,21-02-2024,20240226,Delayed,ups,Southwest,220.06,434.35,28
TRK000001062,2024-11-08,20241110,20241110,Delayed,XPO,Southeast,498.04,234.44,36
TRK000004168,2023-10-12,2023-10-14,19-10-2023,late,UPS,West Coast,174.3,417.93,16
TRK000001930,20240615,2024-06-19,06/23/2024,canceled,,Southeast,205.32,466.93,24
TRK000000410,12/06/2024,13-12-2024,,Cancelled,,midwest,541.63,530.53,41
TRK000001612,05/02/2024,05/09/2024,05/12/2024,late,USPS,West Coast,282.38,540.64,2
TRK000003567,17-11-2023,2023-11-22,20231126,in transit,fedex,midwest,116.72,687.66,50
TRK000002550,20231010,10/16/2023,,delivered,UPS,Southeast,291.33,770.61,21
TRK000003475,09/11/2024,16-09-2024,09/17/2024,in transit,UPS,Southwest,420.69,864.07,1
TRK000002798,11/02/2023,20231105,20231107,canceled,FEDEX,Northeast,356.71,71.49,49
TRK000000096,18-11-2023,2023-11-19,2023-11-24,Delivered,USPS,midwest,196.6,284.56,31
TRK000004078,2024-01-13,15-01-2024,19-01-2024,Delivered,ups,West Coast,34.46,517.61,46
TRK000001091,31-12-2024,02-01-2025,01-01-2025,In Transit,DHL,Southwest,206.8,168.92,5
TRK000004766,20240519,05/23/2024,2024-05-27,delivered,FEDEX,Northeast,144.32,595.55,42
TRK000003000,11/30/2024,12/05/2024,,Delayed,UPS,West Coast,192.36,596.47,25
TRK000000768,2024-10-11,10/17/2024,10/19/2024,late,FEDEX,Midwest,210.28,468.39,6
TRK000001330,18-08-2024,20240821,08/21/2024,Cancelled,XPO,midwest,364.96,387.6,22
TRK000001623,2023-07-20,2023-07-23,20230727,In Transit,ups,MIDWEST,559.92,151.29,14
TRK000004983,2023-07-24,07/31/2023,02-08-2023,Cancelled,XPO,West Coast,15.26,757.99,1
TRK000003663,20230810,08/17/2023,20230820,late,,West Coast,358.45,225.4,43
TRK000000098,12-09-2023,20230913,20230911,Delayed,XPO,Midwest,33.07,774.78,14
TRK000004108,23-10-2024,10/25/2024,28-10-2024,late,UPS,midwest,548.83,114.68,8
TRK000002818,10/13/2024,20241019,17-10-2024,delivered,FEDEX,Midwest,422.02,798.25,31
TRK000001522,20230306,20230312,03/13/2023,Delivered,fedex,West Coast,538.55,105.38,43
TRK000003974,03/06/2023,03/13/2023,20230315,Delivered,XPO,MIDWEST,27.43,661.04,37
TRK000003089,21-03-2024,20240326,20240331,canceled,XPO,Northeast,224.59,723.17,24
TRK000004571,18-07-2024,23-07-2024,,Delayed,ups,midwest,403.92,674.92,32
TRK000001616,20241122,11/27/2024,2024-12-01,DELIVERED,,West Coast,551.06,123.48,41
TRK000000103,20230529,2023-06-03,20230603,In Transit,DHL,West Coast,326.85,773.43,34
TRK000000052,17-04-2023,20230422,,In Transit,DHL,Southeast,439.38,844.33,24
TRK000002203,20240715,07/19/2024,07/23/2024,Delivered,FEDEX,midwest,581.6,236.21,7
TRK000001821,05/22/2024,2024-05-24,2024-05-26,Delivered,FEDEX,Southeast,73.52,255.56,12
TRK000003354,27-11-2024,28-11-2024,,in transit,,Southeast,125.86,434.71,28
TRK000001662,20240926,20241001,2024-09-29,in transit,,MIDWEST,352.69,627.25,23
TRK000002388,2024-12-02,2024-12-06,12/10/2024,In Transit,fedex,Southwest,228.53,82.87,22
TRK000003052,20230905,2023-09-10,2023-09-08,Delayed,fedex,West Coast,517.77,324.44,50
TRK000000263,2023-01-29,20230203,02/03/2023,late,UPS,Southeast,512.28,443.7,3
TRK000003248,2023-10-25,20231030,10/29/2023,in transit,fedex,Midwest,182.06,633.79,15
TRK000001108,12/15/2023,12/22/2023,2023-12-27,late,FEDEX,Southwest,220.64,244.42,45
TRK000001410,20240316,2024-03-17,2024-03-20,In Transit,XPO,Southeast,526.79,589.61,43
TRK000003537,01/02/2024,01/06/2024,20240107,canceled,USPS,Southeast,334.86,820.62,31
TRK000002131,20230310,2023-03-17,21-03-2023,Delivered,XPO,West Coast,473.06,148.47,8
TRK000000506,06/21/2024,06/27/2024,20240625,late,DHL,Southwest,129.26,307.84,12
TRK000000588,2024-02-02,02/07/2024,02/06/2024,in transit,FEDEX,midwest,375.75,174.2,15
TRK000003610,26-09-2023,20230930,,late,UPS,West Coast,501.99,417.09,15
TRK000004118,2023-05-11,20230515,2023-05-19,in transit,XPO,Midwest,337.45,599.13,46
TRK000003289,30-05-2023,06-06-2023,20230609,canceled,,Southwest,232.27,285.78,45
TRK000003628,2024-08-26,01-09-2024,01-09-2024,delivered,,midwest,174.08,448.93,33
TRK000004680,22-08-2023,20230825,28-08-2023,delivered,XPO,West Coast,254.89,821.13,43
TRK000002740,12-07-2023,07/19/2023,20230719,canceled,,Northeast,71.21,731.91,47
TRK000000493,26-10-2023,20231101,04-11-2023,Delayed,DHL,Southeast,363.98,205.62,17
TRK000002021,08-05-2023,20230512,05/16/2023,delivered,fedex,Midwest,588.97,52.78,41
TRK000003041,2024-05-16,2024-05-21,,In Transit,FEDEX,Southeast,65.37,421.6,35
TRK000001053,02-10-2023,04-10-2023,20231008,Cancelled,UPS,Northeast,133.04,224.16,39
TRK000002949,08/07/2024,20240814,08/17/2024,canceled,,West Coast,11.45,764.65,11
TRK000003021,20230404,04/09/2023,04/11/2023,Cancelled,ups,Southeast,65.32,738.12,16
TRK000002011,20241118,11/21/2024,20241125,in transit,ups,Midwest,325.22,429.24,18
TRK000001122,30-07-2023,08/05/2023,2023-08-08,in transit,fedex,Northeast,473.05,323.77,14
TRK000001650,08/12/2023,2023-08-15,20230817,Delivered,fedex,Southwest,343.42,261.45,24
TRK000001117,26-01-2024,20240127,02/01/2024,Delayed,DHL,Northeast,512.33,822.81,42
TRK000003822,06/13/2024,2024-06-18,2024-06-19,delivered,DHL,Midwest,315.63,769.02,17
TRK000004705,2024-04-08,04/10/2024,2024-04-14,Delivered,XPO,West Coast,393.12,286.74,48
TRK000000806,2023-06-30,2023-07-03,2023-07-07,delivered,DHL,midwest,470.1,810.68,35
TRK000001041,08-05-2023,05/15/2023,18-05-2023,canceled,DHL,midwest,13.41,664.73,33
TRK000004659,28-02-2023,20230304,,Cancelled,,Southwest,105.91,91.09,8
TRK000003219,20241231,20250102,20241231,canceled,fedex,Southwest,577.3,-107.01,34
TRK000000109,2023-12-29,01/05/2024,2024-01-09,DELIVERED,fedex,midwest,179.77,688.89,39
TRK000003646,02/27/2024,20240302,03/05/2024,delivered,DHL,Southwest,147.45,70.29,2
TRK000004529,2023-08-21,08/25/2023,08/29/2023,In Transit,fedex,Southeast,225.05,446.4,23
TRK000000871,20240421,2024-04-25,29-04-2024,DELIVERED,fedex,Northeast,186.89,116.4,33
TRK000002866,19-06-2023,2023-06-20,20230620,in transit,DHL,Southeast,479.31,682.69,30
TRK000003605,20231222,2023-12-27,2023-12-30,Delayed,fedex,midwest,227.38,93.28,43
TRK000001629,03/26/2024,2024-04-01,2024-04-03,delivered,ups,Midwest,572.18,172.36,13
TRK000004876,2024-03-04,03/09/2024,2024-03-09,delivered,,MIDWEST,290.12,412.87,5
TRK000000852,13-08-2023,17-08-2023,20230817,delivered,fedex,West Coast,335.58,836.1,48
TRK000001092,12/05/2023,12/11/2023,2023-12-11,in transit,XPO,Southwest,164.04,617.59,33
TRK000001068,11/04/2023,11/08/2023,11/12/2023,Cancelled,XPO,Southwest,543.2,93.59,7
TRK000003448,20241215,2024-12-20,24-12-2024,Delivered,FEDEX,Southwest,244.15,681.15,28
TRK000003128,20230607,20230611,06/09/2023,in transit,fedex,Southwest,509.82,333.72,19
TRK000001345,2023-09-07,2023-09-12,09/15/2023,canceled,FEDEX,Southwest,296.1,185.31,6
TRK000003179,15-12-2024,2024-12-21,2024-12-19,Delayed,,Southeast,198.75,51.77,3
TRK000002104,20240819,2024-08-20,18-08-2024,delivered,ups,West Coast,502.27,748.22,5
TRK000003277,09/19/2024,22-09-2024,,Delivered,FEDEX,Southwest,511.44,442.99,43
TRK000004950,06/16/2023,22-06-2023,27-06-2023,Cancelled,ups,Northeast,277.31,354.94,46
TRK000001018,2023-06-08,09-06-2023,,DELIVERED,fedex,MIDWEST,192.65,549.53,16
TRK000004984,20240508,05/12/2024,14-05-2024,In Transit,UPS,Midwest,19.8,846.82,17
TRK000004043,03-02-2024,20240205,10-02-2024,Delayed,,Midwest,521.64,609.58,11
TRK000000712,20230914,18-09-2023,,Cancelled,USPS,MIDWEST,109.13,794.19,3
TRK000004438,01/10/2023,01/16/2023,01/19/2023,DELIVERED,fedex,MIDWEST,395.54,-730.18,48
TRK000003531,01-06-2024,20240604,2024-06-05,delivered,fedex,Southeast,11.73,419.7,38
TRK000002795,10/04/2024,20241011,,delivered,DHL,Southeast,535.02,755.12,3
TRK000004932,2023-08-23,20230829,2023-08-31,In Transit,fedex,midwest,482.17,7292.21,35
TRK000004263,2024-07-13,20240717,,Cancelled,XPO,West Coast,397.11,788.26,19
TRK000004321,20230429,2023-05-06,10-05-2023,Cancelled,,Southwest,13.39,526.64,9
TRK000004167,22-09-2023,24-09-2023,2023-09-26,In Transit,USPS,Northeast,524.06,403.24,1
TRK000002392,20230903,2023-09-04,20230906,delivered,FEDEX,midwest,50.88,870.37,6
TRK000004119,12/28/2023,12/30/2023,31-12-2023,Delayed,FEDEX,West Coast,489.32,513.51,35
TRK000004681,20230718,07/22/2023,07/25/2023,Cancelled,ups,West Coast,382.86,75.32,50
TRK000001705,23-08-2024,08/29/2024,2024-08-30,Delivered,fedex,Southwest,113.66,759.33,37
TRK000002141,2023-12-30,12/31/2023,2024-01-03,canceled,,West Coast,459.91,601.41,38
TRK000001971,20230520,24-05-2023,2023-05-27,In Transit,,Midwest,563.49,151.79,43
TRK000000021,21-05-2023,2023-05-27,20230531,delivered,FEDEX,MIDWEST,180.59,899.39,2
TRK000001745,2023-01-27,30-01-2023,29-01-2023,DELIVERED,FEDEX,Midwest,110.39,789.08,14
TRK000004013,19-08-2024,26-08-2024,,In Transit,FEDEX,Southwest,451.63,91.72,3
TRK000000678,2023-11-16,2023-11-20,,late,FEDEX,Midwest,282.06,333.28,24
TRK000003629,02/20/2024,02/25/2024,,In Transit,DHL,MIDWEST,487.54,184.99,31
TRK000003424,2023-08-12,18-08-2023,08/18/2023,late,DHL,West Coast,143.51,677.18,28
TRK000000050,05-08-2023,10-08-2023,08/11/2023,In Transit,ups,MIDWEST,252.71,751.27,42
TRK000004143,2024-09-11,09/15/2024,,Delayed,USPS,MIDWEST,25.08,147.42,16
TRK000004203,02/17/2023,2023-02-23,,Delivered,FEDEX,Southwest,65.07,385.51,14
TRK000003279,02-04-2024,20240404,,Cancelled,ups,midwest,381.4,600.77,14
TRK000004391,20240203,02/06/2024,2024-02-07,Delivered,,MIDWEST,275.79,466.43,19
TRK000001665,2023-07-28,20230801,,DELIVERED,UPS,Southeast,386.91,294.13,29
TRK000003898,2023-07-25,07/31/2023,20230805,in transit,fedex,Northeast,591.91,868.98,36
TRK000000667,05-06-2024,20240611,2024-06-10,In Transit,FEDEX,West Coast,574.34,277.52,7
TRK000000957,2023-09-05,09/08/2023,2023-09-09,DELIVERED,USPS,midwest,414.09,694.08,36
TRK000003557,05-03-2024,03/10/2024,20240315,DELIVERED,ups,Midwest,228.57,214.41,40
TRK000004292,2023-07-20,2023-07-22,2023-07-25,Delayed,fedex,Northeast,247.03,353.35,3
TRK000002500,07/29/2023,08/02/2023,01-08-2023,In Transit,USPS,Midwest,154.62,137.22,38
TRK000000517,23-02-2024,02/24/2024,2024-02-29,late,FEDEX,MIDWEST,166.97,809.14,11
TRK000001206,2024-11-04,2024-11-11,11/09/2024,delivered,ups,Midwest,256.84,837.29,23
TRK000000023,01/01/2024,01/08/2024,01/08/2024,Cancelled,UPS,MIDWEST,28.08,72.86,12
TRK000001188,07/20/2023,27-07-2023,27-07-2023,in transit,,Northeast,413.06,300.75,11
TRK000002810,04/30/2024,05/04/2024,,In Transit,ups,Northeast,249.62,368.36,28
TRK000002510,08/23/2023,08/29/2023,20230831,in transit,,Northeast,366.96,656.64,29
TRK000000745,20231013,20231016,2023-10-17,In Transit,DHL,midwest,417.02,837.28,4
TRK000001358,08/24/2023,08/30/2023,08/29/2023,Cancelled,USPS,Midwest,305.54,526.06,39
TRK000003779,07/10/2024,2024-07-11,20240710,late,,midwest,502.9,338.25,9
TRK000004408,14-08-2023,20230820,08/20/2023,delivered,FEDEX,midwest,203.27,581.11,3
TRK000003516,01/12/2023,2023-01-19,,In Transit,UPS,MIDWEST,115.06,615.15,7
TRK000002412,25-03-2024,01-04-2024,20240404,In Transit,UPS,midwest,548.64,98.66,42
TRK000001178,2023-10-24,10/31/2023,10/31/2023,delivered,fedex,West Coast,373.37,122.28,3
TRK000001890,20231118,22-11-2023,26-11-2023,In Transit,XPO,Southeast,434.62,447.22,18
TRK000001103,26-06-2024,2024-06-28,27-06-2024,delivered,DHL,midwest,102.97,250.43,37
TRK000002908,20240120,26-01-2024,,Delivered,DHL,midwest,375.01,657.14,41
TRK000003385,2024-06-22,2024-06-24,,delivered,ups,MIDWEST,440.24,101.61,42
TRK000001902,2023-07-01,20230706,11-07-2023,Cancelled,DHL,Northeast,404.13,798.39,10
TRK000002456,12/14/2024,2024-12-18,12/20/2024,in transit,XPO,midwest,430.48,667.09,24
TRK000004778,25-06-2024,20240629,07/01/2024,DELIVERED,UPS,midwest,224.83,866.66,19
TRK000001776,2023-02-13,2023-02-15,20230216,in transit,USPS,Southeast,247.3,662.96,18
TRK000003439,25-10-2023,30-10-2023,10/28/2023,late,USPS,West Coast,499.22,706.23,4
TRK000003332,11/20/2024,11/26/2024,28-11-2024,Cancelled,DHL,midwest,316.2,633.8,38
TRK000001689,20231119,20231125,,In Transit,FEDEX,West Coast,29.95,669.18,13
TRK000001871,2023-09-04,20230909,,Delivered,,MIDWEST,47.03,626.97,6
TRK000000298,2024-09-18,2024-09-25,09/28/2024,Cancelled,ups,midwest,16.91,892.71,2
TRK000002548,20240823,24-08-2024,20240828,late,UPS,Southeast,437.83,145.21,39
TRK000002924,2023-05-03,2023-05-09,07-05-2023,In Transit,,midwest,74.78,799.94,34
TRK000004081,2024-10-16,10/23/2024,20241022,Cancelled,fedex,Northeast,489.15,508.34,11
TRK000001829,09-08-2023,2023-08-14,14-08-2023,Delayed,ups,West Coast,322.13,112.48,48
TRK000004868,2023-02-13,2023-02-20,2023-02-18,Delayed,ups,Southwest,468.4,711.32,2
TRK000004343,2023-02-13,20230215,02/13/2023,late,FEDEX,Midwest,192.91,492.22,48
TRK000000516,08/06/2023,20230807,2023-08-08,late,ups,MIDWEST,508.61,265.92,28
TRK000000810,28-07-2024,2024-08-03,20240804,Cancelled,UPS,Southeast,179.77,886.33,31
TRK000000106,14-11-2024,20241119,2024-11-19,Delivered,FEDEX,West Coast,221.58,396.34,37
TRK000003409,08/17/2024,20240823,,in transit,fedex,midwest,375.07,295.95,25
TRK000002729,11/03/2024,11/06/2024,11-11-2024,In Transit,,Southeast,13.74,126.21,33
TRK000003999,11/14/2023,20231119,20231120,canceled,DHL,Midwest,245.28,860.3,45
TRK000004348,01/24/2023,01/29/2023,02-02-2023,canceled,UPS,MIDWEST,137.64,594.2,39
TRK000002622,14-08-2023,2023-08-17,20-08-2023,in transit,UPS,MIDWEST,71.57,602.66,10
TRK000001958,12-12-2024,12/17/2024,20241220,delivered,ups,Midwest,470.38,75.45,25
TRK000000752,08/09/2024,08/13/2024,12-08-2024,DELIVERED,ups,midwest,72.99,834.94,13
TRK000004258,2023-10-01,2023-10-05,10/06/2023,late,XPO,midwest,135.02,549.47,1
TRK000004095,20241114,11/21/2024,2024-11-25,In Transit,FEDEX,MIDWEST,116.81,821.24,40
TRK000003636,2023-12-09,16-12-2023,2023-12-14,late,XPO,Southwest,464.42,90.73,41
TRK000003509,18-06-2024,20-06-2024,2024-06-25,late,,Southwest,266.17,595.76,19
TRK000003169,02/05/2024,07-02-2024,,Delivered,ups,West Coast,479.4,851.49,48
TRK000004929,18-05-2024,2024-05-24,20240529,canceled,FEDEX,MIDWEST,320.59,834.4,5
TRK000003235,07/19/2023,07/21/2023,22-07-2023,in transit,,Midwest,280.85,125.81,6
TRK000004398,20240420,04/21/2024,21-04-2024,Delayed,ups,Southwest,297.95,626.33,37
TRK000004308,2023-12-20,12/24/2023,,DELIVERED,XPO,Midwest,85.37,235.52,26
TRK000002032,10/29/2023,03-11-2023,,In Transit,UPS,Southwest,282.77,744.84,7
TRK000001788,2023-05-26,20230530,06/04/2023,In Transit,UPS,MIDWEST,116.84,617.18,34
TRK000000205,20240305,03/07/2024,03/10/2024,In Transit,fedex,midwest,309.66,674.37,35
TRK000003436,20241128,20241201,2024-12-04,late,UPS,Southwest,420.37,244.57,26
TRK000002420,2024-05-23,05/25/2024,05/25/2024,Cancelled,ups,MIDWEST,210.23,781.09,44
TRK000001877,20230613,06/14/2023,2023-06-17,canceled,FEDEX,MIDWEST,462.28,62.61,12
TRK000000393,16-03-2023,03/21/2023,,in transit,UPS,West Coast,365.77,532.69,19
TRK000001731,07/13/2024,20240720,,delivered,,West Coast,581.47,184.59,42
TRK000004879,14-05-2023,17-05-2023,20230520,canceled,FEDEX,West Coast,275.27,769.22,49
TRK000003397,20230206,02/12/2023,02/11/2023,Delivered,ups,West Coast,271.75,353.4,25
TRK000002190,03/21/2023,20230326,,canceled,fedex,Southwest,431.41,583.65,10
TRK000002191,2023-05-13,20230516,05/17/2023,Cancelled,,Southeast,32.07,469.82,18
TRK000001853,2023-01-31,2023-02-06,2023-02-09,Delayed,,Southeast,539.96,692.23,12
TRK000001576,17-12-2023,24-12-2023,12/26/2023,Cancelled,ups,MIDWEST,571.03,205.17,44
TRK000001767,2024-06-29,05-07-2024,20240707,Delayed,DHL,Southeast,48.68,721.1,44
TRK000001658,12/02/2023,20231204,12/07/2023,Cancelled,,Southeast,318.31,664.06,44
TRK000000799,20240114,15-01-2024,2024-01-14,DELIVERED,fedex,midwest,293.17,525.94,44
TRK000002581,2023-10-22,20231029,20231027,Delayed,FEDEX,Midwest,120.29,215.04,46
TRK000003958,20231208,2023-12-13,11-12-2023,DELIVERED,FEDEX,Northeast,65.23,123.11,47
TRK000004689,20230627,20230630,01-07-2023,Delivered,FEDEX,Midwest,575.92,744.91,18
TRK000000163,20230603,2023-06-09,20230608,canceled,,Midwest,363.44,290.96,9
TRK000003674,05/04/2024,05-05-2024,20240505,in transit,,Midwest,573.37,249.76,50
TRK000002395,20-08-2024,25-08-2024,30-08-2024,canceled,USPS,MIDWEST,204.38,508.08,38
TRK000001466,2024-03-08,2024-03-11,20240314,DELIVERED,USPS,Midwest,82.54,719.47,1
TRK000003686,02/10/2023,02/11/2023,2023-02-13,DELIVERED,DHL,midwest,191.11,366.63,14
TRK000000780,06-01-2023,09-01-2023,07-01-2023,canceled,USPS,West Coast,370.53,493.52,25
TRK000001723,20240823,28-08-2024,20240902,Delayed,DHL,MIDWEST,4.81,172.46,24
TRK000001882,06/11/2024,2024-06-17,06/20/2024,Cancelled,DHL,midwest,38.69,294.73,13
TRK000003315,09/13/2024,20240915,13-09-2024,late,UPS,Northeast,123.17,582.88,36
TRK000000005,04/19/2024,04/22/2024,,DELIVERED,FEDEX,Southwest,279.09,190.3,17
TRK000001908,2024-01-07,20240112,20240117,canceled,UPS,Northeast,438.0,165.32,26
TRK000003933,02/24/2023,20230301,03/06/2023,Delayed,fedex,midwest,555.73,866.3,21
TRK000000321,2023-07-06,08-07-2023,07/09/2023,canceled,ups,West Coast,87.18,679.85,11
TRK000003458,29-11-2023,05-12-2023,20231206,In Transit,,Southwest,435.15,720.95,30
TRK000002876,20240519,2024-05-21,05/25/2024,late,XPO,West Coast,495.1,296.37,38
TRK000003662,20240325,2024-03-26,03/26/2024,late,fedex,MIDWEST,537.33,424.12,21
TRK000004912,22-05-2023,20230527,2023-05-28,canceled,FEDEX,Northeast,104.79,161.07,3
TRK000000218,29-09-2023,06-10-2023,10/11/2023,Cancelled,,MIDWEST,321.46,490.83,4
TRK000003048,11-02-2023,2023-02-13,,late,FEDEX,Midwest,208.79,881.29,11
TRK000004507,2023-08-04,11-08-2023,08/10/2023,late,,Southeast,392.6,69.41,48
TRK000003727,20240607,2024-06-09,,In Transit,fedex,Northeast,239.29,749.76,41
TRK000004671,06/04/2023,2023-06-10,2023-06-11,In Transit,fedex,Midwest,68.51,183.79,26
TRK000000147,20230418,04/20/2023,04/18/2023,Cancelled,,Midwest,176.87,152.81,13
TRK000003842,2024-03-17,03/21/2024,19-03-2024,Delayed,XPO,Midwest,54.97,611.29,2
TRK000001050,07/25/2024,31-07-2024,20240731,Delayed,,Midwest,504.15,833.64,38
TRK000003464,07/18/2023,24-07-2023,07/27/2023,late,UPS,midwest,11.24,663.34,7
TRK000004944,20230823,27-08-2023,,Delayed,,Northeast,507.96,284.14,17
TRK000004850,03/18/2023,20230324,03/22/2023,canceled,FEDEX,Southwest,167.48,169.72,11
TRK000002703,09/05/2024,09/10/2024,,delivered,UPS,West Coast,390.41,661.01,7
TRK000002025,17-12-2023,2023-12-20,12/20/2023,Delivered,DHL,Midwest,11.1,753.6,24
TRK000000056,20-02-2024,24-02-2024,29-02-2024,in transit,FEDEX,midwest,104.32,363.28,16
TRK000003596,2023-09-15,2023-09-19,2023-09-19,Delivered,FEDEX,Northeast,16.96,761.25,48
TRK000002863,2024-02-27,2024-03-03,2024-03-08,DELIVERED,USPS,Southwest,65.33,388.84,38
TRK000001191,2023-02-01,02/08/2023,2023-02-11,late,UPS,MIDWEST,138.28,648.66,6
TRK000002053,02/18/2023,2023-02-25,02/28/2023,Delivered,DHL,Midwest,339.51,874.47,12
TRK000004102,2023-12-24,2023-12-29,01-01-2024,Cancelled,,MIDWEST,482.39,429.8,50
TRK000004420,2023-07-25,30-07-2023,2023-08-04,canceled,ups,Northeast,498.59,833.67,45
TRK000002858,2024-05-01,2024-05-02,,In Transit,XPO,Midwest,268.71,882.85,32
TRK000003140,2024-11-13,17-11-2024,,Delivered,DHL,Southeast,150.33,264.47,46
TRK000000484,20230309,20230312,20230310,Cancelled,XPO,MIDWEST,40.01,267.19,30
TRK000001649,2024-08-27,08/31/2024,09/04/2024,late,ups,Southeast,571.58,374.89,32
TRK000004893,06-05-2024,2024-05-11,20240512,Delivered,DHL,Midwest,427.18,756.28,17
TRK000004986,20230619,2023-06-23,06/23/2023,Delivered,USPS,MIDWEST,482.15,72.36,41
TRK000002582,2023-09-23,2023-09-24,20230923,Delivered,fedex,MIDWEST,501.93,249.93,33
TRK000001315,02-10-2024,10/07/2024,10/05/2024,In Transit,ups,Southwest,568.14,743.02,23
TRK000002709,06/18/2024,2024-06-23,2024-06-24,delivered,fedex,West Coast,29.05,535.42,31
TRK000000482,2023-11-24,11/28/2023,20231128,delivered,ups,midwest,100.04,765.8,43
TRK000004730,2024-03-09,14-03-2024,2024-03-14,DELIVERED,fedex,Northeast,428.32,443.86,17
TRK000003463,01-04-2023,04/08/2023,07-04-2023,in transit,DHL,Southeast,65.1,351.42,30
TRK000001150,17-08-2024,20240824,20240828,canceled,ups,Northeast,432.49,204.47,40
TRK000004268,03/15/2024,03/16/2024,18-03-2024,Cancelled,,midwest,378.56,178.94,18
TRK000000267,20240709,07/14/2024,,Delivered,DHL,Southwest,83.34,477.15,17
TRK000000381,2024-02-09,02/13/2024,2024-02-18,Cancelled,FEDEX,Southeast,397.05,561.65,39
TRK000000340,17-10-2024,10/24/2024,10/25/2024,Delivered,ups,Southeast,193.41,657.52,33
TRK000001550,07-04-2023,2023-04-11,2023-04-09,in transit,XPO,Southeast,390.52,823.51,13
TRK000000431,2024-12-14,12/17/2024,21-12-2024,canceled,fedex,West Coast,452.05,391.76,41
TRK000003459,20230212,17-02-2023,20230215,canceled,FEDEX,midwest,597.17,786.35,15
TRK000004379,20231201,20231206,10-12-2023,canceled,DHL,Southwest,340.77,582.6,45
TRK000000229,04/03/2023,2023-04-06,20230408,DELIVERED,FEDEX,Northeast,418.5,882.06,25
TRK000001042,20241212,12/13/2024,20241212,DELIVERED,DHL,Northeast,247.06,453.31,46
TRK000000916,2024-10-25,2024-10-27,,delivered,ups,midwest,82.4,542.38,34
TRK000004371,20240817,20240820,20240822,in transit,XPO,Midwest,196.8,832.43,28
TRK000001618,20230926,28-09-2023,,canceled,,Midwest,343.15,721.93,20
TRK000002242,20231123,11/25/2023,11/23/2023,in transit,XPO,Southeast,420.66,411.38,4
TRK000000697,04/22/2023,2023-04-26,04/29/2023,Delayed,ups,Southeast,109.45,244.57,49
TRK000002515,20240407,2024-04-11,2024-04-16,In Transit,,Northeast,169.28,639.86,7
TRK000002619,2023-04-05,2023-04-08,20230410,canceled,,Southwest,289.24,503.4,32
TRK000002886,2024-07-26,28-07-2024,20240727,Delayed,fedex,MIDWEST,245.72,196.96,17
TRK000002880,06/18/2023,20230624,23-06-2023,Cancelled,DHL,Southwest,208.09,175.18,38
TRK000000743,31-01-2024,02/07/2024,05-02-2024,Delayed,USPS,Midwest,403.38,442.02,45
TRK000000265,20230827,01-09-2023,03-09-2023,DELIVERED,,Southeast,391.67,357.72,22
TRK000000759,20230530,2023-06-06,20230605,late,fedex,midwest,239.49,144.69,14
TRK000002642,2023-09-06,20230912,12-09-2023,Delivered,ups,MIDWEST,326.2,465.89,5
TRK000001158,09/13/2024,20-09-2024,09/21/2024,delivered,,West Coast,536.38,752.7,22
TRK000002995,20230824,20230827,,late,FEDEX,West Coast,172.68,779.16,5
TRK000004427,2024-03-11,03/14/2024,16-03-2024,In Transit,XPO,Southwest,362.06,265.99,14
TRK000001553,2024-04-06,04/12/2024,20240411,canceled,,West Coast,396.98,63.23,35
TRK000004375,31-01-2024,20240207,02/11/2024,late,UPS,Midwest,165.27,889.95,29
TRK000004870,11/28/2024,30-11-2024,12/01/2024,Cancelled,ups,midwest,334.49,80.96,15
TRK000004224,20240829,2024-09-02,20240903,Delayed,FEDEX,West Coast,126.84,252.53,12
TRK000000861,2024-06-13,2024-06-20,06/18/2024,Cancelled,USPS,Northeast,533.49,654.94,2
TRK000004586,2023-03-06,2023-03-12,2023-03-17,delivered,fedex,Northeast,224.23,418.87,6
TRK000002409,2023-10-23,2023-10-24,20231025,delivered,DHL,Southwest,470.04,813.08,50
TRK000004568,2024-07-17,2024-07-23,,Delivered,,Northeast,440.27,317.63,2
TRK000002417,20240413,20240420,2024-04-20,DELIVERED,,Midwest,541.86,52.98,3
TRK000002023,22-03-2024,2024-03-26,2024-03-30,Cancelled,ups,Southeast,1.95,408.77,29
TRK000003090,2024-07-08,11-07-2024,,canceled,fedex,midwest,117.59,572.0,27
TRK000002946,20240715,2024-07-17,07/17/2024,canceled,ups,Southwest,335.26,371.23,34
TRK000003263,12-10-2024,20241017,,Delayed,FEDEX,Southeast,272.67,499.77,5
TRK000004949,06-08-2024,20240810,08/08/2024,in transit,FEDEX,Midwest,182.33,639.23,6
TRK000002748,20240720,27-07-2024,,DELIVERED,USPS,West Coast,189.3,852.07,8
TRK000000703,2024-04-16,04/20/2024,19-04-2024,In Transit,USPS,West Coast,427.95,620.32,26
TRK000003109,22-05-2023,26-05-2023,26-05-2023,Delayed,FEDEX,Midwest,494.16,169.78,23
TRK000001311,28-11-2024,20241201,2024-11-29,Delivered,USPS,MIDWEST,30.82,321.12,41
TRK000003993,13-02-2024,20240215,02/18/2024,canceled,DHL,Northeast,551.81,398.51,40
TRK000003716,02-12-2023,20231208,12/10/2023,In Transit,USPS,Northeast,596.22,54.3,5
TRK000001171,03-02-2024,2024-02-08,02/11/2024,late,UPS,midwest,66.42,55.31,43
TRK000002947,03/30/2023,04/02/2023,2023-04-01,Delivered,fedex,Southwest,43.46,685.4,28
TRK000001405,30-08-2024,02-09-2024,31-08-2024,Cancelled,FEDEX,midwest,387.87,863.43,37
TRK000003818,20240618,2024-06-22,20240623,In Transit,XPO,West Coast,476.03,785.42,33
TRK000003224,25-05-2023,2023-05-29,05/31/2023,DELIVERED,,midwest,337.33,739.3,40
TRK000000037,02/17/2024,19-02-2024,02/18/2024,in transit,,West Coast,37.22,448.03,18
TRK000003618,07/12/2024,16-07-2024,,Delayed,XPO,Southeast,480.32,414.88,25
TRK000000398,2024-10-07,20241014,14-10-2024,late,fedex,West Coast,202.0,509.16,6
TRK000002422,20240108,12-01-2024,2024-01-12,In Transit,,Northeast,60.74,5340.14,6
TRK000003675,20230413,20230417,2023-04-21,Delayed,,Northeast,380.67,130.54,26
TRK000003049,2024-09-27,2024-09-30,10/03/2024,Delayed,FEDEX,Southwest,540.77,744.94,37
TRK000003258,2024-01-01,08-01-2024,01/06/2024,Delayed,UPS,Southeast,580.0,184.22,42
TRK000001137,20241203,2024-12-09,20241214,Cancelled,XPO,midwest,78.35,588.66,39
TRK000003388,20240717,18-07-2024,07/21/2024,delivered,FEDEX,midwest,433.1,597.33,14
TRK000000958,07-12-2024,2024-12-12,,In Transit,DHL,West Coast,180.64,285.82,40
TRK000003582,04/07/2023,09-04-2023,12-04-2023,Delayed,,Midwest,217.45,798.43,5
TRK000004643,2023-02-04,2023-02-05,20230210,late,ups,Southwest,158.4,533.99,50
TRK000000144,13-12-2024,15-12-2024,17-12-2024,Cancelled,DHL,Midwest,2.66,640.23,32
TRK000001339,04/14/2024,20240418,18-04-2024,delivered,UPS,Northeast,539.41,6606.8,12
TRK000004966,10/20/2023,21-10-2023,23-10-2023,In Transit,USPS,Midwest,10.12,206.2,3
TRK000000677,08/08/2024,2024-08-09,08/13/2024,In Transit,ups,Midwest,231.03,763.09,29
TRK000001138,20230814,21-08-2023,,Delayed,fedex,Midwest,103.42,838.39,48
TRK000004497,08/30/2024,2024-09-06,09/06/2024,late,ups,Southeast,212.88,385.96,12
TRK000000830,21-03-2023,03/24/2023,03/29/2023,canceled,fedex,Midwest,109.38,806.44,28
TRK000003549,2024-12-18,20241220,,Delivered,,MIDWEST,220.26,725.97,7
TRK000003660,20-03-2024,20240321,20240325,Delayed,FEDEX,MIDWEST,414.75,229.72,25
TRK000001548,07/23/2024,2024-07-28,,canceled,DHL,Southwest,365.59,92.79,10
TRK000004781,2024-06-04,06/09/2024,06/09/2024,late,XPO,Northeast,1.73,733.15,12
TRK000002912,2024-07-18,20-07-2024,20-07-2024,late,USPS,Southeast,393.25,581.48,47
TRK000004582,05/15/2023,2023-05-21,05/20/2023,Delivered,DHL,MIDWEST,125.51,106.13,4
TRK000001408,10/11/2023,2023-10-17,10/18/2023,DELIVERED,,MIDWEST,117.18,774.52,50
TRK000004546,2023-05-14,19-05-2023,,Cancelled,,midwest,264.54,335.15,30
TRK000002741,2023-12-31,20240104,2024-01-03,late,UPS,Southeast,227.49,569.44,39
TRK000002596,20230211,20230218,02/19/2023,Delayed,XPO,West Coast,49.61,151.43,13
TRK000003721,20230502,20230506,2023-05-04,in transit,ups,Northeast,420.56,361.86,10
TRK000002645,2023-03-28,20230402,20230406,in transit,XPO,Northeast,411.23,357.74,39
TRK000004330,07/13/2023,07/19/2023,20230723,Delayed,USPS,Southwest,529.36,342.22,8
TRK000001732,01-04-2023,04-04-2023,04/06/2023,In Transit,,MIDWEST,309.3,233.98,33
TRK000001500,20241013,10/14/2024,10/19/2024,delivered,FEDEX,midwest,427.02,856.77,43
TRK000001340,07-09-2024,20240912,09/14/2024,DELIVERED,USPS,MIDWEST,35.5,237.51,35
TRK000000964,30-08-2023,20230901,20230902,Delivered,FEDEX,Southeast,588.1,856.96,18
TRK000003945,20240114,21-01-2024,25-01-2024,Cancelled,,Southeast,580.27,828.72,28
TRK000003157,2024-01-15,20240120,01/22/2024,delivered,ups,Northeast,48.37,384.07,22
TRK000004723,20-10-2023,10/23/2023,,in transit,XPO,West Coast,86.41,8320.4,24
TRK000004044,12-08-2024,08/16/2024,08/21/2024,DELIVERED,fedex,midwest,430.73,204.47,8
TRK000004056,09/30/2023,20231002,2023-10-04,delivered,DHL,midwest,190.72,94.74,20
TRK000000066,2023-08-07,2023-08-13,2023-08-18,late,DHL,West Coast,493.35,531.59,11
TRK000003638,05/26/2023,27-05-2023,,delivered,XPO,MIDWEST,537.86,670.41,28
TRK000003205,06/01/2024,06/08/2024,2024-06-10,canceled,UPS,Southwest,478.18,767.52,48
TRK000003214,06/01/2023,20230603,2023-06-08,In Transit,,Southeast,546.71,435.02,42
TRK000000306,17-02-2023,24-02-2023,2023-02-27,Delivered,,Midwest,552.54,743.0,31
TRK000000290,2024-11-29,01-12-2024,11/30/2024,In Transit,DHL,midwest,551.17,312.81,49
TRK000004822,12-02-2024,17-02-2024,02/16/2024,canceled,FEDEX,midwest,235.07,470.22,47
TRK000000609,01/28/2023,02/02/2023,02/07/2023,Delayed,,Northeast,384.32,716.48,50
TRK000001806,20240329,03/31/2024,01-04-2024,Cancelled,XPO,Northeast,136.76,809.58,28
TRK000001090,03/31/2023,20230405,20230403,In Transit,fedex,midwest,303.89,449.11,11
TRK000002506,07/24/2023,07/28/2023,,In Transit,,midwest,296.3,62.04,41
TRK000001124,03/21/2024,03/27/2024,03/29/2024,Delayed,XPO,Northeast,551.87,712.45,33
TRK000003220,01/18/2023,01/24/2023,,DELIVERED,USPS,Southwest,35.24,566.31,12
TRK000002401,09/24/2024,2024-09-27,2024-09-25,canceled,fedex,Midwest,163.66,815.19,44
TRK000003677,18-05-2024,05/21/2024,,Delivered,XPO,MIDWEST,43.97,250.87,50
TRK000002753,20240130,2024-02-01,30-01-2024,delivered,fedex,midwest,286.21,482.41,24
TRK000000105,23-11-2023,2023-11-26,2023-11-26,DELIVERED,ups,Southeast,257.53,846.27,2
TRK000003533,20240806,12-08-2024,,Delayed,,Midwest,286.82,662.76,1
TRK000000407,2023-05-21,05/22/2023,26-05-2023,In Transit,fedex,Northeast,343.37,879.94,49
TRK000000639,20240316,20240321,20240326,Cancelled,DHL,Midwest,478.94,395.09,50
TRK000004358,20230709,11-07-2023,07/15/2023,Cancelled,fedex,MIDWEST,411.28,623.71,45
TRK000000534,10-12-2024,12/13/2024,12/12/2024,In Transit,UPS,Northeast,28.36,585.47,8
TRK000002488,20240823,24-08-2024,20240822,Delivered,XPO,MIDWEST,30.92,708.41,9
TRK000003395,20240306,20240311,13-03-2024,In Transit,ups,Southwest,489.91,312.81,25
TRK000003990,12/22/2023,20231226,12/24/2023,Delivered,DHL,West Coast,443.73,268.39,18
TRK000001526,20240801,08/05/2024,10-08-2024,Cancelled,,Midwest,417.14,425.17,38
TRK000004561,04/22/2024,20240428,,delivered,fedex,Northeast,592.48,362.81,21
TRK000004027,20-09-2024,23-09-2024,26-09-2024,Cancelled,ups,Southeast,425.71,569.97,5
TRK000002339,09-11-2023,14-11-2023,,late,DHL,Southeast,136.62,533.98,18
TRK000000873,2024-02-24,27-02-2024,,canceled,USPS,Southwest,77.85,695.21,47
TRK000002816,05/03/2024,2024-05-09,20240511,Delivered,fedex,Southwest,196.77,134.8,34
TRK000004931,2023-12-23,2023-12-25,29-12-2023,delivered,,West Coast,260.27,364.96,20
TRK000001145,26-01-2024,2024-01-27,,Delayed,USPS,midwest,69.76,569.3,47
TRK000002380,20240417,2024-04-20,20240423,In Transit,,West Coast,366.08,499.45,5
TRK000001917,09/25/2023,01-10-2023,2023-10-03,Cancelled,DHL,Southeast,534.26,210.78,13
TRK000002820,20240222,02/24/2024,2024-02-24,Delivered,XPO,Southeast,139.96,78.46,29
TRK000004845,08/16/2024,20-08-2024,20240824,Delivered,,Northeast,531.79,714.22,42
TRK000000730,02-04-2023,04/08/2023,13-04-2023,Delivered,DHL,Northeast,137.8,422.43,24
TRK000001755,02/18/2023,02/20/2023,02/22/2023,Delayed,,West Coast,596.42,408.81,40
TRK000003546,2023-08-28,08/29/2023,,Delivered,DHL,Northeast,119.16,164.28,27
TRK000000825,2024-04-24,20240428,,in transit,fedex,Northeast,465.77,638.42,40
TRK000004938,2024-09-16,09/19/2024,09/22/2024,canceled,,midwest,155.73,261.75,32
TRK000002915,24-06-2023,20230626,,In Transit,UPS,midwest,349.34,280.23,48
TRK000002421,2023-01-17,20230118,20230118,delivered,UPS,MIDWEST,529.98,863.97,30
TRK000000009,2023-04-15,20230422,27-04-2023,canceled,USPS,Northeast,322.56,322.95,29
TRK000004175,2023-06-07,14-06-2023,20230614,in transit,USPS,midwest,320.73,338.56,46
TRK000001388,2023-09-18,09/23/2023,2023-09-23,Delayed,fedex,Midwest,52.49,855.08,4
TRK000003268,2023-05-03,2023-05-08,20230506,Delivered,ups,midwest,494.8,250.35,19
TRK000002372,12/11/2024,12-12-2024,2024-12-13,late,XPO,Midwest,104.43,558.52,10
TRK000002689,05/19/2024,05/23/2024,2024-05-24,in transit,,Northeast,226.75,237.27,21
TRK000000934,12/02/2024,12/09/2024,13-12-2024,delivered,UPS,Southeast,266.25,772.5,2
TRK000002847,11/09/2023,2023-11-14,19-11-2023,in transit,XPO,midwest,304.98,482.29,23
TRK000002578,03/15/2023,03/20/2023,23-03-2023,in transit,USPS,Northeast,161.54,211.05,29
TRK000004633,20240524,28-05-2024,2024-05-28,Delayed,ups,midwest,363.15,186.02,2
TRK000000786,10/31/2024,03-11-2024,03-11-2024,in transit,ups,Northeast,262.1,178.27,30
TRK000003108,20241115,2024-11-21,25-11-2024,delivered,USPS,West Coast,309.11,196.51,42
TRK000002108,11/15/2024,11/20/2024,2024-11-21,In Transit,UPS,Northeast,510.45,224.05,7
TRK000004658,06/27/2023,20230704,,canceled,FEDEX,Southwest,321.94,686.81,26
TRK000004329,02-11-2023,11/03/2023,,Delivered,UPS,Midwest,476.97,545.42,12
TRK000001225,20240806,20240811,16-08-2024,in transit,,MIDWEST,187.16,425.91,48
TRK000003171,20230502,05/07/2023,05/07/2023,In Transit,USPS,Northeast,110.63,235.05,20
TRK000001325,20241207,2024-12-08,,In Transit,FEDEX,Southwest,517.76,188.63,29
TRK000003834,2023-06-07,2023-06-14,06/16/2023,in transit,DHL,Southwest,246.48,539.06,48
TRK000000454,12/05/2024,20241211,12/09/2024,In Transit,USPS,Midwest,193.74,103.03,3
TRK000002414,12/01/2023,20231208,12/09/2023,Delivered,UPS,Midwest,271.21,803.35,35
TRK000001255,12/15/2024,20241219,12/24/2024,Cancelled,USPS,midwest,290.71,692.84,48
TRK000002611,20230327,2023-04-01,03/31/2023,in transit,ups,West Coast,183.52,800.78,50
TRK000004639,04/22/2023,2023-04-23,04/24/2023,DELIVERED,DHL,Northeast,277.19,181.79,39
TRK000000057,20230306,11-03-2023,03/09/2023,Delivered,FEDEX,MIDWEST,539.41,395.15,35
TRK000003278,2024-06-19,20240620,2024-06-22,DELIVERED,fedex,West Coast,251.98,260.26,35
TRK000002990,10/20/2024,20241022,20241024,DELIVERED,UPS,MIDWEST,572.05,347.45,26
TRK000004728,06/30/2024,04-07-2024,07-07-2024,Cancelled,DHL,West Coast,164.42,538.53,28
TRK000003544,20241005,10/11/2024,,in transit,UPS,Southwest,354.57,427.69,20
TRK000000706,20230306,13-03-2023,17-03-2023,delivered,fedex,Southwest,166.2,461.77,33
TRK000000717,18-07-2023,07/25/2023,20230727,canceled,fedex,midwest,320.4,145.66,25
TRK000000972,20231027,2023-11-03,01-11-2023,Delayed,USPS,Midwest,501.58,275.44,3
TRK000002004,06/17/2023,21-06-2023,,canceled,,midwest,152.34,439.88,34
TRK000001434,04/17/2023,20230424,25-04-2023,In Transit,XPO,West Coast,209.23,793.69,16
TRK000002996,15-01-2023,20230117,20230122,In Transit,DHL,West Coast,533.27,720.06,50
TRK000003950,09/02/2024,20240905,03-09-2024,in transit,FEDEX,Southwest,342.12,824.49,33
TRK000000496,05/06/2024,20240512,11-05-2024,In Transit,,Midwest,139.32,501.2,19
TRK000002545,20231107,10-11-2023,,Delayed,,Southeast,564.06,556.01,25
TRK000003748,20230526,06/02/2023,06/01/2023,Delayed,fedex,Midwest,365.78,325.07,22
TRK000004103,30-08-2023,01-09-2023,03-09-2023,DELIVERED,fedex,West Coast,134.48,423.64,28
TRK000004701,2023-12-01,12/03/2023,,delivered,UPS,Southeast,437.46,750.48,14
TRK000002205,2023-04-15,20230417,04/15/2023,Delayed,USPS,MIDWEST,581.98,52.83,32
TRK000002214,06/10/2023,06/14/2023,15-06-2023,Delayed,,MIDWEST,505.18,574.86,9
TRK000001939,2024-12-30,06-01-2025,2025-01-10,canceled,FEDEX,midwest,382.4,148.31,24
TRK000000408,12-11-2023,11/17/2023,,delivered,,Southwest,524.43,431.0,47
TRK000003885,30-10-2023,10/31/2023,2023-11-05,DELIVERED,fedex,Northeast,293.51,151.22,35
TRK000003096,02/01/2023,20230203,2023-02-04,canceled,DHL,Southwest,304.11,408.09,12
TRK000001953,2024-07-24,25-07-2024,07/25/2024,In Transit,ups,Southwest,415.21,457.93,27
TRK000003488,2023-12-01,08-12-2023,20231211,late,UPS,Northeast,176.23,669.6,25
TRK000003692,2024-05-23,24-05-2024,05/29/2024,Cancelled,ups,midwest,238.24,680.96,38
TRK000001730,2024-09-11,2024-09-16,2024-09-20,Delivered,,West Coast,357.75,584.74,22
TRK000002857,20240506,08-05-2024,09-05-2024,Delayed,FEDEX,MIDWEST,177.59,757.76,18
TRK000001144,20240610,17-06-2024,22-06-2024,canceled,,Northeast,567.32,545.41,48
TRK000003443,24-04-2023,05/01/2023,20230501,In Transit,FEDEX,Southwest,9.62,171.94,22
TRK000000060,08/17/2024,20240822,2024-08-24,In Transit,DHL,Northeast,435.95,836.62,41
TRK000004533,20230131,2023-02-02,05-02-2023,DELIVERED,FEDEX,West Coast,7.8,689.19,2
TRK000000827,20240924,20240930,09/30/2024,Cancelled,,midwest,473.8,758.39,6
TRK000004157,20241005,2024-10-12,2024-10-10,In Transit,,West Coast,145.44,691.36,38
TRK000004625,03/23/2023,20230324,2023-03-24,Delivered,,MIDWEST,319.14,774.91,35
TRK000002400,20230414,04/21/2023,20230420,In Transit,XPO,Southeast,559.67,86.31,34
TRK000004079,20240523,05/25/2024,05/29/2024,DELIVERED,,Northeast,479.29,168.88,4
TRK000002018,22-12-2024,20241223,12/26/2024,In Transit,ups,MIDWEST,201.25,879.11,25
TRK000002773,20240120,2024-01-22,01/22/2024,canceled,ups,Northeast,283.45,353.51,12
TRK000001327,12-04-2024,04/13/2024,2024-04-17,in transit,,midwest,153.68,897.25,5
TRK000001058,12/22/2024,28-12-2024,26-12-2024,in transit,,midwest,160.09,809.31,24
TRK000001404,05/08/2023,20230509,05/07/2023,canceled,USPS,midwest,62.37,165.06,41
TRK000000834,20230923,2023-09-29,20230928,late,DHL,Southwest,156.82,499.54,49
TRK000000433,20241106,13-11-2024,11-11-2024,DELIVERED,XPO,Midwest,513.55,534.22,16
TRK000000263,20231203,2023-12-08,2023-12-13,in transit,,midwest,499.43,165.42,18
TRK000000385,20230205,20230207,08-02-2023,canceled,fedex,Northeast,439.65,552.05,14
TRK000002258,2024-02-19,22-02-2024,02/27/2024,canceled,UPS,midwest,382.51,61.84,27
TRK000000854,2023-01-24,01/26/2023,01/30/2023,In Transit,UPS,West Coast,21.88,163.25,42
TRK000000552,31-12-2023,2024-01-04,01/02/2024,Delayed,fedex,Southeast,223.37,278.25,50
TRK000004327,09/03/2023,09/10/2023,09-09-2023,canceled,FEDEX,Southwest,17.87,100.57,47
TRK000004492,25-07-2024,2024-07-29,20240802,delivered,DHL,midwest,87.35,885.52,19
TRK000004099,15-01-2023,20230118,20230119,In Transit,,MIDWEST,229.51,196.53,4
TRK000003606,2024-05-01,02-05-2024,,Cancelled,USPS,Southwest,536.06,389.45,27
TRK000002151,19-05-2023,2023-05-20,2023-05-21,In Transit,,Southwest,146.79,397.88,22
TRK000000202,07/30/2024,07/31/2024,,In Transit,UPS,Midwest,123.31,442.19,25
TRK000003729,02-08-2024,03-08-2024,08-08-2024,in transit,USPS,midwest,68.01,801.91,32
TRK000004605,04/24/2023,04/29/2023,28-04-2023,delivered,UPS,midwest,472.12,7568.35,9
TRK000003928,08-07-2023,2023-07-11,,Delayed,DHL,MIDWEST,548.4,600.75,43
TRK000002950,01/18/2023,20230123,28-01-2023,DELIVERED,UPS,Midwest,135.56,728.16,9
TRK000004450,04/26/2024,30-04-2024,,DELIVERED,UPS,midwest,415.53,445.78,38
TRK000004926,2024-07-07,07/10/2024,,in transit,FEDEX,West Coast,528.62,81.5,49
TRK000004550,20241220,20241223,2024-12-27,Delivered,ups,West Coast,315.79,267.0,20
TRK000004963,2024-04-12,2024-04-15,,late,FEDEX,Southeast,372.21,686.82,37
TRK000003772,05/14/2023,05/15/2023,13-05-2023,Cancelled,DHL,Southeast,324.66,92.8,33
TRK000001492,20240323,03/26/2024,03/24/2024,Delivered,ups,Northeast,40.48,478.54,11
TRK000004872,2023-07-24,2023-07-30,2023-07-30,Delivered,DHL,West Coast,311.88,786.29,16
TRK000003111,2023-10-26,2023-11-01,05-11-2023,In Transit,UPS,Southwest,479.19,435.42,2
TRK000002562,20240816,08/23/2024,20240827,canceled,DHL,midwest,346.72,532.56,30
TRK000004932,24-09-2024,20240925,09/28/2024,Delivered,ups,Midwest,14.81,305.17,39
TRK000002278,2024-08-26,2024-08-31,2024-09-01,DELIVERED,DHL,Midwest,397.63,261.68,36
TRK000004322,2024-10-23,10/26/2024,29-10-2024,Delivered,XPO,Midwest,218.45,476.06,21
TRK000002019,02-09-2023,20230905,20230903,late,XPO,Northeast,429.95,429.51,7
TRK000004713,03/01/2023,03/06/2023,,Cancelled,FEDEX,West Coast,268.6,799.05,50
TRK000000353,23-10-2023,10/24/2023,,late,FEDEX,Northeast,474.01,807.08,23
TRK000003891,2024-10-14,10/16/2024,2024-10-16,canceled,,Northeast,331.44,858.38,22
TRK000000969,2023-04-20,25-04-2023,,in transit,,Midwest,530.14,405.87,4
TRK000004487,04/20/2024,20240425,2024-04-23,Delivered,USPS,Midwest,434.32,274.83,48
TRK000003669,06/29/2023,2023-07-01,01-07-2023,canceled,FEDEX,MIDWEST,225.18,532.63,32
TRK000002706,2024-03-15,19-03-2024,03/20/2024,Delayed,XPO,Southwest,251.96,862.36,15
TRK000002714,10/11/2024,14-10-2024,20241012,Delayed,,Southeast,141.69,141.01,36
TRK000001169,03/07/2024,20240308,03/12/2024,in transit,FEDEX,Southwest,592.13,504.54,33
TRK000004159,06-02-2024,2024-02-13,20240217,in transit,USPS,midwest,327.92,844.71,33
TRK000000586,04-10-2023,2023-10-11,2023-10-16,in transit,UPS,Midwest,483.96,447.02,20
TRK000004599,27-05-2024,2024-06-01,03-06-2024,in transit,XPO,MIDWEST,452.59,877.52,36
TRK000003304,06-06-2023,06/07/2023,2023-06-10,in transit,,MIDWEST,414.88,722.04,19
TRK000004186,2024-10-20,10/27/2024,,late,DHL,Northeast,2.51,155.17,43
TRK000000838,15-03-2024,20240317,2024-03-20,in transit,USPS,Southwest,156.54,625.59,50
TRK000000307,19-01-2023,2023-01-22,01/21/2023,Cancelled,,midwest,18.56,894.02,46
TRK000002105,20240216,2024-02-17,2024-02-21,Cancelled,FEDEX,Northeast,38.43,53.56,45
TRK000002284,20230726,2023-07-27,07/25/2023,In Transit,UPS,midwest,414.23,118.15,48
TRK000003227,04/12/2023,17-04-2023,2023-04-21,canceled,ups,Southeast,60.01,88.75,42
TRK000001162,2023-10-19,10/26/2023,20231031,DELIVERED,UPS,Northeast,203.28,748.25,11
TRK000003882,2024-12-24,20241225,,Delayed,fedex,midwest,281.32,834.23,49
TRK000001595,20230227,03/05/2023,03/04/2023,Cancelled,FEDEX,MIDWEST,357.84,853.67,49
TRK000001967,08/25/2024,2024-08-31,20240902,in transit,fedex,West Coast,518.11,458.95,1
TRK000003352,2023-07-06,2023-07-13,07/11/2023,delivered,,MIDWEST,521.01,622.68,13
TRK000000668,20230519,20230521,21-05-2023,late,UPS,Southeast,239.65,187.93,31
TRK000004176,01/21/2023,2023-01-25,28-01-2023,Delivered,,MIDWEST,70.15,106.35,27
TRK000003599,02-11-2023,11/09/2023,,delivered,DHL,midwest,127.92,111.79,48
TRK000003715,2024-12-12,13-12-2024,2024-12-14,in transit,FEDEX,West Coast,485.81,541.2,5
TRK000004276,20230116,19-01-2023,20230117,Cancelled,fedex,Northeast,400.98,175.26,40
TRK000004367,20231204,06-12-2023,12/05/2023,late,XPO,West Coast,492.34,129.45,38
TRK000003200,2024-03-10,20240317,20240320,DELIVERED,FEDEX,midwest,59.99,451.59,15
TRK000001334,2024-08-29,20240901,09/06/2024,Cancelled,ups,MIDWEST,230.63,480.69,10
TRK000003374,2023-10-30,20231106,2023-11-09,Delivered,,Southwest,122.94,705.95,33
TRK000000892,2024-04-19,04/20/2024,2024-04-22,late,DHL,Southeast,184.83,691.49,15
TRK000003736,06/26/2024,20240627,2024-07-02,Delayed,,West Coast,104.48,302.03,17
TRK000003558,20240208,20240214,20240214,delivered,XPO,Northeast,7.16,809.48,42
TRK000002440,20240122,20240128,20240202,Delayed,,Southeast,362.64,853.76,14
TRK000003418,20240625,06/29/2024,07/04/2024,Delivered,UPS,MIDWEST,201.43,566.27,24
TRK000004180,20230829,2023-09-01,,DELIVERED,USPS,West Coast,512.4,719.98,28
TRK000002300,20230921,20230928,,late,fedex,MIDWEST,204.06,213.07,17
TRK000004920,20230612,06/16/2023,20230614,Cancelled,USPS,Northeast,36.72,255.05,12
TRK000000355,20230629,20230705,,In Transit,,Southwest,64.86,137.79,11
TRK000003542,02/28/2023,2023-03-07,20230310,Delivered,,Northeast,351.12,146.92,12
TRK000001900,11-07-2023,07/12/2023,20230716,delivered,UPS,Southwest,497.47,895.67,4
TRK000004284,2024-03-08,20240313,,Cancelled,UPS,Southwest,532.37,110.73,3
TRK000001059,12/17/2023,23-12-2023,,delivered,ups,Southwest,346.97,77.96,8
TRK000001401,2024-03-27,20240329,03-04-2024,delivered,DHL,Midwest,94.61,418.25,23
TRK000000072,09/22/2024,20240928,10/01/2024,canceled,DHL,midwest,53.12,142.42,37
TRK000003073,20230501,20230508,20230511,in transit,ups,MIDWEST,199.35,604.38,11
TRK000004817,2024-04-09,20240416,18-04-2024,Delivered,,Southwest,449.16,352.51,24
TRK000001577,02/27/2024,2024-03-05,03/05/2024,Delayed,FEDEX,midwest,47.57,87.91,24
TRK000000976,11/03/2023,10-11-2023,11/08/2023,Cancelled,DHL,Northeast,104.81,287.57,11
TRK000002609,2023-09-08,2023-09-11,,Cancelled,,Southeast,170.92,180.87,46
TRK000003615,11/30/2024,12/01/2024,12/05/2024,Cancelled,XPO,Northeast,177.43,543.76,16
TRK000001097,08-02-2024,10-02-2024,2024-02-10,Delayed,DHL,West Coast,35.46,56.16,50
TRK000000858,12/08/2023,20231215,20231218,Cancelled,UPS,Midwest,289.19,821.52,20
TRK000001071,08/25/2024,20240828,27-08-2024,In Transit,XPO,West Coast,80.33,820.45,26
TRK000003621,02-04-2024,20240403,02-04-2024,Delayed,ups,MIDWEST,511.98,459.37,41
TRK000001620,02/13/2024,2024-02-16,2024-02-16,Delayed,fedex,MIDWEST,445.35,646.04,35
TRK000001833,03-10-2023,06-10-2023,2023-10-08,DELIVERED,,Midwest,163.27,101.92,47
TRK000004140,20230523,05/24/2023,23-05-2023,late,fedex,West Coast,584.32,304.59,24
TRK000004333,10-12-2024,2024-12-16,12/16/2024,Delivered,XPO,Southeast,463.22,180.33,31
TRK000001109,20240519,20-05-2024,2024-05-24,DELIVERED,DHL,midwest,370.89,755.09,4
TRK000002927,19-06-2023,06/22/2023,06/24/2023,DELIVERED,,MIDWEST,262.91,866.03,31
TRK000000176,05/19/2023,23-05-2023,21-05-2023,In Transit,USPS,midwest,351.78,678.71,11
TRK000001779,22-07-2024,20240724,07/27/2024,canceled,ups,Southwest,114.03,57.33,49
TRK000000310,09/15/2023,2023-09-17,2023-09-16,in transit,XPO,Southwest,102.97,773.42,45
TRK000002343,2024-03-30,31-03-2024,,in transit,,Northeast,111.88,388.73,31
TRK000001156,10/19/2023,25-10-2023,,Cancelled,FEDEX,West Coast,371.89,659.6,9
TRK000002321,20230614,2023-06-17,06/16/2023,late,UPS,Southwest,395.79,123.82,21
TRK000002523,02/14/2024,17-02-2024,2024-02-21,Delivered,USPS,West Coast,196.01,756.31,30
TRK000004662,06/27/2023,06/29/2023,20230628,In Transit,DHL,Midwest,386.11,427.99,40
TRK000002696,23-09-2023,2023-09-26,09/30/2023,late,ups,Northeast,278.89,304.72,43
TRK000004147,02-02-2024,02/07/2024,2024-02-11,delivered,DHL,Southwest,485.5,810.15,31
TRK000000540,12/02/2023,2023-12-09,12/14/2023,delivered,DHL,West Coast,132.3,66.81,20
TRK000000092,20231001,08-10-2023,20231013,Delivered,,Northeast,216.0,192.99,19
TRK000002659,20240702,07/05/2024,07/09/2024,canceled,UPS,Southwest,440.63,765.76,18
TRK000002758,06-03-2023,20230312,,delivered,,Northeast,55.73,863.69,47
TRK000002784,13-10-2023,20231015,2023-10-13,delivered,fedex,Southwest,508.01,759.94,41
TRK000004177,20240225,2024-03-02,,in transit,XPO,MIDWEST,225.73,238.81,35
TRK000000760,20240407,04/14/2024,20240417,canceled,fedex,midwest,540.9,796.7,5
TRK000002563,01/12/2024,20240118,20240117,Delayed,UPS,West Coast,506.03,491.55,1
TRK000000794,13-06-2024,20240616,20240621,Delivered,XPO,Southeast,539.76,602.34,15
TRK000003954,12/23/2024,2024-12-25,20241229,late,fedex,MIDWEST,475.08,553.32,8
TRK000004972,2024-07-15,20240717,20240717,DELIVERED,XPO,Northeast,301.93,407.54,22
TRK000004290,11/23/2024,20241128,20241126,Delivered,DHL,MIDWEST,506.46,379.13,41
TRK000001002,2023-11-27,04-12-2023,,canceled,FEDEX,Southwest,459.23,620.13,49
TRK000001783,20230321,03/26/2023,2023-03-31,late,UPS,Northeast,566.16,75.28,38
TRK000001989,08/18/2024,20240820,19-08-2024,Cancelled,USPS,midwest,482.77,621.97,30
TRK000001513,03-04-2023,04/07/2023,2023-04-05,Cancelled,XPO,MIDWEST,417.58,503.81,35
TRK000001663,04-12-2024,20241210,20241209,Delivered,UPS,Southwest,359.69,623.39,5
TRK000004515,23-09-2024,09/26/2024,01-10-2024,Cancelled,USPS,midwest,33.53,211.37,10
TRK000000168,20241211,17-12-2024,12/16/2024,In Transit,UPS,Southeast,529.93,446.02,34
TRK000002268,2024-08-16,23-08-2024,2024-08-21,Cancelled,USPS,Southwest,465.05,137.51,8
TRK000004075,2024-05-02,2024-05-03,20240503,Delayed,UPS,Southwest,90.98,400.43,11
TRK000002331,2024-09-07,20240911,09/13/2024,canceled,UPS,West Coast,396.2,757.99,22
TRK000000053,2024-08-01,20240803,2024-08-08,Delayed,UPS,midwest,283.88,586.64,26
TRK000002557,05/16/2023,20230517,05/17/2023,delivered,UPS,Southeast,162.32,764.57,21
TRK000002216,2024-09-01,09/05/2024,2024-09-05,delivered,fedex,midwest,397.49,595.64,43
TRK000000984,20230527,30-05-2023,06/02/2023,Delivered,USPS,Northeast,331.24,232.71,18
TRK000002134,06-08-2024,08/10/2024,20240808,DELIVERED,UPS,Northeast,506.83,262.44,45
TRK000001420,20231112,13-11-2023,14-11-2023,Delivered,FEDEX,Northeast,524.35,643.64,45
TRK000000876,06-10-2023,13-10-2023,20231013,in transit,fedex,Northeast,599.44,151.03,9
TRK000000008,2023-08-25,08/29/2023,,DELIVERED,ups,West Coast,186.94,392.75,32
TRK000003528,20241113,11/15/2024,,Delivered,ups,Southwest,250.75,92.92,5
TRK000002716,04/09/2024,04/14/2024,14-04-2024,canceled,USPS,MIDWEST,287.0,210.77,26
TRK000003301,2024-07-23,07/28/2024,02-08-2024,canceled,,Northeast,30.26,433.3,17
TRK000001006,09/14/2024,20240921,2024-09-24,Delivered,FEDEX,Midwest,538.19,220.12,19
TRK000002129,01-11-2023,11/02/2023,2023-11-07,delivered,FEDEX,MIDWEST,561.53,840.45,5
TRK000003115,20230811,08/14/2023,,Delivered,USPS,West Coast,368.13,223.51,28
TRK000002364,2024-10-21,24-10-2024,10/28/2024,Delivered,USPS,West Coast,110.41,302.55,22
TRK000000102,26-08-2023,20230827,09/01/2023,canceled,FEDEX,midwest,21.34,894.33,24
TRK000000197,20240216,20240221,,In Transit,UPS,West Coast,258.94,53.67,22
TRK000003035,05/06/2024,08-05-2024,05/10/2024,In Transit,fedex,MIDWEST,117.31,7479.09,43
TRK000003369,25-09-2024,2024-09-28,09/27/2024,in transit,USPS,Midwest,454.78,60.82,49
TRK000000577,20241110,11/12/2024,11/12/2024,late,FEDEX,Midwest,114.74,640.76,47
TRK000002234,20230708,20230715,2023-07-17,late,UPS,MIDWEST,575.3,283.8,27
TRK000001107,2023-05-12,2023-05-19,20230518,Delivered,fedex,MIDWEST,334.86,834.55,50
TRK000001135,01-01-2024,20240102,01/03/2024,delivered,,Midwest,363.41,866.86,5
TRK000000839,20240725,01-08-2024,30-07-2024,in transit,FEDEX,MIDWEST,220.08,342.67,39
TRK000004090,11/13/2024,2024-11-14,12-11-2024,DELIVERED,,Southeast,71.22,-599.62,18
TRK000003098,20230119,01/26/2023,2023-01-26,Cancelled,DHL,West Coast,223.68,201.48,35
TRK000001768,2024-07-21,07/25/2024,20240727,DELIVERED,fedex,Northeast,365.24,584.09,22
TRK000001259,20230403,04/07/2023,04/11/2023,Delivered,DHL,Northeast,363.34,652.9,30
TRK000003980,2023-11-04,11/07/2023,2023-11-05,In Transit,fedex,West Coast,419.88,697.77,6
TRK000002382,20240707,2024-07-14,2024-07-16,DELIVERED,USPS,West Coast,166.13,785.8,22
TRK000001727,20240728,07/29/2024,08/02/2024,Delivered,,Southeast,136.31,254.82,31
TRK000000338,11/25/2024,11/26/2024,2024-11-28,late,UPS,midwest,39.05,358.85,25
TRK000003515,20230317,03/24/2023,20230327,Delayed,fedex,Northeast,196.7,669.82,49
TRK000003097,13-08-2024,2024-08-17,08/20/2024,DELIVERED,FEDEX,Southwest,487.96,247.28,29
TRK000004781,20230107,01/09/2023,20230113,Delivered,DHL,Southeast,27.37,91.16,47
TRK000003732,06/27/2024,2024-07-03,,In Transit,,Northeast,36.16,588.29,48
TRK000000693,20230831,06-09-2023,,late,USPS,MIDWEST,358.88,360.11,15
TRK000003637,20230425,30-04-2023,20230430,delivered,ups,MIDWEST,193.69,873.8,18
TRK000001977,07-10-2024,10/12/2024,2024-10-10,In Transit,XPO,West Coast,10.76,321.17,36
TRK000001462,20230504,20230510,05/14/2023,Delayed,XPO,West Coast,476.73,345.68,24
TRK000004449,20230602,2023-06-03,20230608,Delayed,DHL,Southeast,325.51,94.48,2
TRK000001260,2024-04-03,04-04-2024,04-04-2024,Delivered,USPS,Midwest,225.3,694.1,13
TRK000004236,2024-11-28,29-11-2024,,in transit,ups,Midwest,208.77,245.84,29
TRK000000701,08-08-2024,2024-08-09,20240809,delivered,,MIDWEST,447.46,267.31,14
TRK000004591,20230410,20230416,21-04-2023,in transit,FEDEX,West Coast,129.67,546.0,22
TRK000004572,2024-02-02,03-02-2024,20240204,Delivered,fedex,midwest,112.26,798.94,16
TRK000001540,12/11/2024,2024-12-15,14-12-2024,in transit,FEDEX,Southwest,145.9,510.75,13
TRK000003088,2023-05-28,06/03/2023,06/08/2023,DELIVERED,ups,Northeast,458.09,230.8,26
TRK000000042,16-04-2024,04/20/2024,2024-04-20,Delayed,USPS,Northeast,411.92,269.54,2
TRK000003006,12-08-2024,08/13/2024,08/11/2024,delivered,USPS,Southwest,396.25,105.47,39
TRK000002457,28-08-2024,02-09-2024,,DELIVERED,,Northeast,538.12,566.89,4
TRK000004730,20240329,01-04-2024,03/31/2024,Cancelled,UPS,MIDWEST,93.68,221.48,50
TRK000004890,2024-03-18,20240324,2024-03-24,in transit,DHL,Southwest,557.22,826.57,47
TRK000003698,04-05-2024,05-05-2024,05/10/2024,canceled,ups,midwest,183.24,52.93,41
TRK000004589,20231022,23-10-2023,2023-10-21,in transit,UPS,Southwest,469.12,594.27,24
TRK000004035,2024-06-02,2024-06-04,06/08/2024,in transit,ups,Northeast,483.11,-167.06,43
TRK000004627,20240101,07-01-2024,11-01-2024,late,FEDEX,MIDWEST,352.13,800.58,7
TRK000002868,20240619,2024-06-21,26-06-2024,DELIVERED,FEDEX,Midwest,520.2,686.28,39
TRK000002027,12/20/2024,27-12-2024,20241227,In Transit,DHL,Northeast,61.41,750.01,46
TRK000003892,15-07-2024,07/20/2024,19-07-2024,Delivered,XPO,Midwest,420.18,611.45,12
TRK000002075,02-12-2024,12/06/2024,12/06/2024,DELIVERED,XPO,Southwest,429.36,166.85,48
TRK000000776,31-05-2024,2024-06-06,20240606,canceled,fedex,Midwest,231.27,822.64,5
TRK000002358,24-07-2023,20230730,20230802,delivered,XPO,West Coast,465.25,390.69,25
TRK000002062,2023-07-17,2023-07-23,2023-07-21,Delayed,DHL,Southwest,51.12,777.87,26
TRK000000341,16-05-2023,20230517,,canceled,ups,Southwest,194.16,324.25,49
TRK000001571,20240103,07-01-2024,20240107,canceled,UPS,midwest,80.54,266.55,44
TRK000002749,28-02-2023,03-03-2023,,In Transit,USPS,midwest,307.86,375.22,40
TRK000003890,20240428,2024-05-01,,canceled,ups,midwest,140.8,731.42,21
TRK000000099,26-04-2024,03-05-2024,,Delayed,DHL,Northeast,308.1,103.99,27
TRK000003545,04-03-2023,2023-03-06,,Cancelled,,Southeast,401.12,639.63,1
TRK000000222,20-08-2024,27-08-2024,08/26/2024,canceled,fedex,Southeast,66.6,750.12,24
TRK000003207,20240203,20240208,06-02-2024,canceled,,Midwest,344.25,304.0,32
TRK000002601,20241017,2024-10-23,10/25/2024,delivered,UPS,Southeast,89.14,625.31,3
TRK000004106,27-08-2023,08/28/2023,2023-08-28,Cancelled,UPS,Midwest,338.55,332.31,29
TRK000002730,2024-11-11,20241115,19-11-2024,canceled,FEDEX,MIDWEST,96.22,441.23,1
TRK000004137,27-05-2024,2024-06-01,20240601,Delayed,ups,Northeast,388.38,763.23,15
TRK000000544,20230622,20230626,,delivered,XPO,West Coast,126.66,596.4,29
TRK000001740,2023-07-17,20230723,,canceled,FEDEX,West Coast,90.6,392.43,50
TRK000000915,05/31/2023,06/04/2023,06/07/2023,late,UPS,MIDWEST,87.5,528.66,42
TRK000004702,20240430,01-05-2024,29-04-2024,canceled,,MIDWEST,383.02,883.59,4
TRK000002228,20241118,20241123,20241128,DELIVERED,FEDEX,Southeast,122.31,886.77,34
TRK000003854,2023-03-21,28-03-2023,20230326,Delivered,FEDEX,West Coast,349.04,766.54,24
TRK000002759,20240606,20240611,06/15/2024,canceled,XPO,Midwest,516.89,192.5,2
TRK000002575,2024-12-02,06-12-2024,2024-12-06,canceled,FEDEX,midwest,328.55,252.13,10
TRK000001765,2024-08-03,20240809,2024-08-13,in transit,USPS,Southwest,429.45,770.23,39
TRK000004892,02/07/2023,20230214,,canceled,USPS,West Coast,536.19,436.48,15
TRK000004445,09-10-2023,2023-10-15,20231019,late,UPS,Southeast,276.68,612.15,40
TRK000000289,20240228,20240306,03/07/2024,In Transit,,midwest,103.31,897.06,43
TRK000004396,2023-08-12,13-08-2023,08/16/2023,In Transit,fedex,West Coast,287.59,587.31,39
TRK000003578,11/22/2024,2024-11-28,2024-11-30,delivered,,Midwest,185.83,654.27,31
TRK000001402,02/22/2023,20230228,20230227,In Transit,,Southeast,377.04,689.66,26
TRK000000453,2024-06-30,07/05/2024,,Cancelled,fedex,MIDWEST,584.14,81.85,50
TRK000001253,10/04/2024,20241007,20241009,delivered,,midwest,13.97,273.89,28
TRK000001368,20230812,14-08-2023,20230819,Delayed,FEDEX,West Coast,546.1,235.84,43
TRK000004052,05/31/2023,2023-06-06,05-06-2023,canceled,DHL,Southeast,553.14,482.69,43
TRK000004739,08-11-2023,14-11-2023,11/15/2023,in transit,,midwest,234.05,242.64,30
TRK000002511,01-08-2023,04-08-2023,2023-08-08,late,FEDEX,Southeast,444.69,769.58,40
TRK000004312,2023-04-28,20230502,,canceled,USPS,Midwest,387.67,52.5,19
TRK000000802,12-04-2023,04/14/2023,20230416,late,UPS,Southeast,16.47,762.11,9
TRK000001174,2024-08-28,09/04/2024,20240904,DELIVERED,DHL,MIDWEST,18.71,505.61,47
TRK000004827,20241023,20241028,20241028,in transit,fedex,Midwest,1.9,149.09,21
TRK000001338,2024-02-08,2024-02-10,02/08/2024,late,DHL,Southwest,332.68,164.26,27
TRK000000261,14-05-2024,17-05-2024,20240515,In Transit,,Southeast,176.97,129.72,40
TRK000004866,18-06-2023,06/20/2023,20230623,Delivered,,Midwest,330.2,103.27,16
TRK000000713,20240516,23-05-2024,,DELIVERED,,West Coast,455.0,235.46,41
TRK000000775,07-07-2023,2023-07-11,07/15/2023,DELIVERED,,Southeast,39.06,773.19,47
TRK000002807,08/02/2023,08/09/2023,2023-08-11,delivered,ups,Southwest,453.26,712.56,15
TRK000001207,03/09/2023,03/12/2023,14-03-2023,In Transit,fedex,Midwest,157.17,371.27,38
TRK000002830,13-04-2024,18-04-2024,04/21/2024,late,,Southwest,390.73,231.61,28
TRK000000731,2023-04-08,13-04-2023,04/16/2023,In Transit,fedex,Southeast,56.17,476.74,5
TRK000004918,2023-09-14,20230916,2023-09-20,Delivered,fedex,West Coast,403.16,195.21,41
TRK000001151,20240621,06/24/2024,06/24/2024,In Transit,UPS,Southeast,565.3,331.07,12
TRK000001488,24-12-2024,2024-12-30,03-01-2025,Delayed,ups,Northeast,173.7,78.25,7
TRK000000650,04/09/2023,2023-04-12,2023-04-10,in transit,FEDEX,Southwest,535.81,393.16,14
TRK000000998,06/15/2024,06/17/2024,,Delayed,,Midwest,224.09,774.95,9
TRK000000828,11/01/2024,02-11-2024,,canceled,FEDEX,Southeast,126.24,613.77,37
TRK000003900,04/14/2023,04/16/2023,16-04-2023,DELIVERED,FEDEX,midwest,516.09,359.07,44
TRK000004416,20231018,2023-10-21,,Delayed,XPO,Southeast,350.61,308.64,28
TRK000003795,20240315,03/17/2024,15-03-2024,canceled,ups,MIDWEST,375.43,670.23,12
TRK000004749,20240928,02-10-2024,05-10-2024,In Transit,USPS,Southeast,293.27,394.05,25
TRK000004185,11-06-2023,06/14/2023,06/12/2023,in transit,XPO,midwest,349.38,576.65,24
TRK000004279,20230613,06/16/2023,18-06-2023,Cancelled,DHL,Northeast,174.49,835.23,46
TRK000000207,20240202,02/06/2024,02/06/2024,DELIVERED,fedex,Southeast,128.29,303.14,43
TRK000001464,10/21/2023,25-10-2023,20231029,Cancelled,FEDEX,West Coast,365.44,259.4,49
TRK000000811,07/13/2024,20240720,2024-07-24,Delivered,FEDEX,Northeast,14.85,131.75,14
TRK000002156,20240430,20240502,2024-05-07,canceled,FEDEX,Northeast,232.57,637.46,18
TRK000004280,10-08-2024,20240812,,in transit,DHL,Northeast,194.67,882.33,18
TRK000004440,05/28/2023,2023-06-03,20230603,Delayed,ups,MIDWEST,558.52,380.31,38
TRK000001078,2024-10-07,10/10/2024,,in transit,FEDEX,MIDWEST,546.71,386.1,46
TRK000003357,10/27/2023,2023-11-01,2023-11-05,In Transit,DHL,Southwest,65.35,433.77,23
TRK000000291,2024-08-07,08/08/2024,,Cancelled,UPS,Northeast,164.03,709.66,18
TRK000001743,2023-08-09,13-08-2023,2023-08-17,canceled,XPO,midwest,415.12,758.25,6
TRK000004086,2023-03-05,06-03-2023,2023-03-11,Delivered,FEDEX,Midwest,509.2,560.42,42
TRK000001461,2023-06-15,2023-06-16,06/20/2023,delivered,UPS,Northeast,74.07,775.23,50
TRK000002371,07/25/2023,2023-07-28,20230731,Delivered,UPS,MIDWEST,287.36,307.01,43
TRK000000663,2023-04-09,2023-04-13,20230412,In Transit,,Northeast,526.27,224.6,46
TRK000004856,2023-04-11,16-04-2023,2023-04-14,In Transit,UPS,Northeast,504.39,896.9,30
TRK000004518,20241009,12-10-2024,20241017,in transit,DHL,Southeast,516.25,843.8,13
TRK000002535,20240911,2024-09-12,11-09-2024,Delayed,FEDEX,Northeast,385.21,81.88,8
TRK000000413,20231223,12/26/2023,20231225,In Transit,,Southwest,329.17,653.49,23
TRK000002246,12-12-2023,14-12-2023,20231214,In Transit,,MIDWEST,280.46,694.01,35
TRK000001454,2024-09-03,09-09-2024,2024-09-12,DELIVERED,DHL,Southwest,271.4,412.03,43
TRK000001952,20240216,20240218,02/20/2024,DELIVERED,FEDEX,Southwest,220.81,803.54,17
TRK000004746,01/27/2024,2024-02-03,,in transit,XPO,West Coast,389.32,69.17,27
TRK000001079,20230704,20230707,,canceled,,West Coast,36.34,645.37,18
TRK000000041,04/13/2023,04/17/2023,,Cancelled,FEDEX,Northeast,331.78,169.61,12
TRK000003956,29-06-2023,2023-07-04,2023-07-02,delivered,DHL,Midwest,24.37,505.64,49
TRK000001233,21-07-2024,2024-07-24,23-07-2024,Cancelled,FEDEX,Southeast,580.34,243.95,29
TRK000002036,2023-05-30,20230601,06/01/2023,Delivered,,Northeast,556.05,14294.81,2
TRK000003541,2023-03-16,17-03-2023,03/16/2023,canceled,,midwest,543.93,578.75,42
TRK000000185,09/26/2023,2023-09-29,10/03/2023,Delivered,USPS,Southwest,133.99,729.89,23
TRK000003705,2024-05-24,05/29/2024,20240527,delivered,FEDEX,Northeast,493.39,622.64,26
TRK000001005,02-09-2024,2024-09-07,,canceled,fedex,midwest,167.68,742.17,37
TRK000002951,20230101,2023-01-08,20230112,In Transit,USPS,MIDWEST,30.03,531.47,22
TRK000000633,03/06/2024,20240310,20240315,In Transit,FEDEX,Northeast,251.53,692.72,36
TRK000002406,20230312,03/15/2023,20230313,delivered,XPO,Southeast,181.48,169.01,50
TRK000001009,05/25/2024,01-06-2024,06/04/2024,Cancelled,USPS,Southeast,307.86,732.3,50
TRK000000386,20230202,2023-02-05,,DELIVERED,,West Coast,203.48,653.02,30
TRK000001870,16-10-2023,10/23/2023,21-10-2023,late,,Midwest,144.26,376.55,49
TRK000001568,07-08-2023,08/09/2023,20230812,Cancelled,DHL,Midwest,168.44,624.31,9
TRK000004928,09/11/2024,2024-09-15,14-09-2024,In Transit,USPS,Southwest,278.94,426.23,50
TRK000004823,2023-07-01,20230702,07/03/2023,Delayed,DHL,midwest,213.62,551.79,3
TRK000004865,08/09/2023,2023-08-10,20230810,In Transit,,MIDWEST,351.44,475.09,7
TRK000002801,2024-08-13,2024-08-15,2024-08-16,Delayed,FEDEX,MIDWEST,349.48,367.62,22
TRK000001602,2024-03-16,17-03-2024,17-03-2024,delivered,XPO,Midwest,436.53,765.43,38
TRK000002399,09/28/2024,2024-10-05,20241006,late,DHL,Southwest,549.71,50.4,35
TRK000002674,2023-03-19,22-03-2023,24-03-2023,Cancelled,UPS,MIDWEST,368.95,424.93,7
TRK000004923,20230324,20230330,2023-04-04,Delayed,UPS,Midwest,470.47,413.72,11
TRK000003715,07/21/2024,2024-07-22,2024-07-25,in transit,UPS,Southwest,376.01,455.27,44
TRK000003865,20240328,2024-03-29,03-04-2024,Delayed,USPS,Midwest,521.53,587.72,25
TRK000002788,13-10-2024,10/18/2024,2024-10-21,Delivered,XPO,Midwest,563.44,401.97,16
TRK000000727,2024-04-09,04/16/2024,04/17/2024,delivered,USPS,Southwest,207.4,534.33,43
TRK000004666,10/03/2024,20241008,20241012,DELIVERED,XPO,West Coast,43.88,570.71,22
TRK000001180,04-08-2023,08/09/2023,,in transit,UPS,Southwest,176.41,130.11,28
TRK000000450,31-03-2024,07-04-2024,08-04-2024,Cancelled,fedex,midwest,545.84,790.78,32
TRK000004221,20240110,01/16/2024,01/20/2024,delivered,fedex,midwest,481.5,571.56,19
TRK000003372,20241226,29-12-2024,20241227,canceled,ups,Southeast,515.39,310.8,10
TRK000000546,11/19/2024,20-11-2024,2024-11-20,late,USPS,West Coast,466.8,688.09,17
TRK000002022,12/02/2024,12/05/2024,12/04/2024,delivered,,Southwest,277.42,161.34,45
TRK000003679,12/17/2024,23-12-2024,2024-12-21,canceled,fedex,Southeast,419.17,293.84,4
TRK000002839,04/14/2024,20240415,04/15/2024,Delivered,USPS,West Coast,419.53,129.57,18
TRK000001850,11/21/2023,11/22/2023,20231126,Cancelled,ups,Midwest,68.58,465.0,9
TRK000004458,05-06-2023,06/06/2023,06/04/2023,Cancelled,XPO,Southwest,509.62,807.64,44
TRK000002715,2024-08-13,08/17/2024,,in transit,ups,Midwest,511.24,721.49,41
TRK000002095,24-11-2024,20241127,29-11-2024,Delivered,UPS,Midwest,520.39,807.05,10
TRK000000733,25-09-2023,30-09-2023,20230929,In Transit,UPS,Southwest,207.64,821.88,34
TRK000003153,2024-12-08,2024-12-14,12-12-2024,Delivered,UPS,Southeast,145.95,234.23,23
TRK000001654,02/20/2024,20240224,27-02-2024,late,FEDEX,Southeast,212.01,114.47,4
TRK000003294,2023-07-21,20230722,20230720,canceled,ups,Southeast,22.62,137.64,39
TRK000003328,2023-02-08,20230210,2023-02-09,In Transit,DHL,Southeast,310.06,394.08,25
TRK000003375,03/10/2024,03/17/2024,03/21/2024,in transit,ups,Midwest,286.42,145.9,3
TRK000002987,2023-11-25,02-12-2023,,in transit,XPO,Southeast,264.4,874.2,10
TRK000002804,20240712,20240715,07/16/2024,In Transit,USPS,Southwest,543.35,889.28,45
TRK000000654,20240508,05/11/2024,2024-05-10,Cancelled,ups,Midwest,91.82,629.12,33
TRK000000054,2023-12-16,18-12-2023,2023-12-23,Delayed,DHL,Southeast,76.34,201.95,34
TRK000003080,20240115,01/18/2024,2024-01-19,late,UPS,midwest,497.36,53.76,36
TRK000000554,20-06-2023,06/24/2023,29-06-2023,Delayed,FEDEX,MIDWEST,439.76,437.5,42
TRK000004738,31-05-2024,06/04/2024,06/02/2024,delivered,UPS,MIDWEST,174.87,57.33,14
TRK000004459,20241125,2024-11-26,20241201,In Transit,fedex,Southwest,219.49,771.45,40
TRK000003226,03/20/2024,03/23/2024,27-03-2024,delivered,ups,Midwest,11.46,704.22,46
TRK000004692,20240111,01/13/2024,01/15/2024,Delayed,,midwest,53.86,853.23,5
TRK000000705,2023-09-22,24-09-2023,20230922,In Transit,DHL,Midwest,544.82,439.86,22
TRK000003236,2023-02-08,02/14/2023,20230212,DELIVERED,,West Coast,343.52,108.86,14
TRK000001116,16-11-2024,11/19/2024,22-11-2024,late,DHL,Midwest,360.47,558.19,7
TRK000004468,20231018,23-10-2023,10/22/2023,Delayed,ups,Midwest,526.08,745.47,6
TRK000000736,21-05-2024,27-05-2024,,Delayed,USPS,MIDWEST,299.34,608.79,9
TRK000003420,20231025,2023-10-26,,In Transit,,Southeast,400.26,79.23,25
TRK000003808,2023-01-18,20230121,,Cancelled,USPS,MIDWEST,35.16,70.47,42
TRK000001114,12/13/2024,2024-12-19,2024-12-20,Delivered,DHL,Midwest,433.71,322.23,38
TRK000001292,23-02-2023,2023-02-28,03/01/2023,canceled,UPS,MIDWEST,589.46,106.07,15
TRK000004630,2023-12-10,12/16/2023,2023-12-15,delivered,USPS,MIDWEST,133.15,334.84,29
TRK000002074,2024-03-03,03/07/2024,,Delayed,UPS,MIDWEST,381.48,704.77,34
TRK000004124,10-03-2023,03/13/2023,2023-03-15,In Transit,fedex,Midwest,587.71,712.84,44
TRK000000409,15-07-2024,07/17/2024,2024-07-18,canceled,DHL,West Coast,592.47,57.11,48
TRK000001643,2023-11-12,20231114,20231115,in transit,UPS,Southwest,414.36,453.22,7
TRK000002833,20240605,09-06-2024,2024-06-09,In Transit,ups,MIDWEST,393.19,609.47,50
TRK000003852,2024-10-17,10/19/2024,20241023,in transit,ups,Midwest,569.81,196.11,21
TRK000003009,2023-06-23,06/25/2023,23-06-2023,DELIVERED,,West Coast,286.5,444.23,30
TRK000003411,2023-06-05,09-06-2023,2023-06-14,In Transit,,MIDWEST,564.77,373.15,19
TRK000003745,05/08/2023,15-05-2023,20230519,DELIVERED,FEDEX,midwest,56.59,330.21,35
TRK000000982,2024-03-27,03/28/2024,30-03-2024,delivered,,West Coast,422.7,496.74,12
TRK000002605,06/19/2024,06/23/2024,2024-06-28,In Transit,DHL,Midwest,438.92,347.14,10
TRK000002021,2023-12-15,20231221,,DELIVERED,fedex,Northeast,597.28,597.18,11
TRK000001022,2023-08-21,20230828,08/29/2023,Delivered,USPS,Northeast,487.62,747.71,12
TRK000003831,30-01-2024,2024-02-05,05-02-2024,late,DHL,midwest,414.54,270.63,42
TRK000003548,20231011,20231014,10/17/2023,DELIVERED,XPO,MIDWEST,183.05,816.1,24
TRK000000504,08/13/2023,16-08-2023,08/15/2023,delivered,ups,West Coast,445.1,288.58,15
TRK000002528,20241108,11-11-2024,15-11-2024,Cancelled,DHL,Northeast,18.55,585.48,43
TRK000003684,20240416,04/20/2024,25-04-2024,delivered,DHL,Northeast,522.89,53.89,47
TRK000001258,16-03-2024,2024-03-21,03/19/2024,canceled,,Southeast,241.13,352.63,11
TRK000002452,20230109,20230110,01/12/2023,late,DHL,Northeast,506.88,196.38,38
TRK000002871,11/19/2023,22-11-2023,25-11-2023,In Transit,UPS,Southeast,24.03,-616.91,9
TRK000000914,06-12-2024,12/12/2024,2024-12-14,Delayed,FEDEX,Southwest,358.38,893.59,50
TRK000004598,2024-12-01,2024-12-07,12/08/2024,Cancelled,,MIDWEST,212.2,750.71,2
TRK000004628,20231009,10/16/2023,19-10-2023,In Transit,ups,MIDWEST,31.62,206.95,24
TRK000000384,2024-05-22,05/24/2024,27-05-2024,In Transit,ups,Midwest,286.51,346.28,20
TRK000003918,12/19/2023,2023-12-26,20231227,late,ups,Northeast,149.22,635.34,17
TRK000000725,01/30/2024,20240131,31-01-2024,In Transit,,Northeast,452.2,768.98,2
TRK000003860,06/10/2024,2024-06-13,20240618,Cancelled,UPS,Midwest,474.27,383.42,16
TRK000004761,25-09-2024,09/30/2024,09/29/2024,in transit,,Southwest,137.31,420.45,7
TRK000001296,27-06-2023,2023-07-04,05-07-2023,Delayed,UPS,Midwest,88.0,753.62,39
TRK000003769,06-09-2023,09/10/2023,20230908,DELIVERED,DHL,midwest,223.28,780.17,25
TRK000002576,04/22/2024,2024-04-24,04/23/2024,delivered,XPO,Northeast,262.09,143.67,40
TRK000001679,2024-01-17,19-01-2024,2024-01-18,in transit,fedex,Northeast,410.31,803.61,8
TRK000002166,11/20/2024,2024-11-24,20241128,Delayed,fedex,MIDWEST,369.02,817.76,48
TRK000004213,2023-02-24,02-03-2023,20230303,Cancelled,DHL,MIDWEST,276.85,747.08,50
TRK000001879,10-05-2024,11-05-2024,2024-05-14,DELIVERED,UPS,midwest,118.7,166.37,17
TRK000000345,10/08/2023,20231011,,canceled,ups,West Coast,21.49,737.53,14
TRK000004638,2023-11-14,20-11-2023,2023-11-18,Cancelled,ups,Southeast,245.44,194.59,45
TRK000004873,2024-04-15,2024-04-21,2024-04-20,Cancelled,ups,midwest,330.13,506.0,9
TRK000000088,2024-04-02,04-04-2024,,Delayed,XPO,Northeast,2.75,790.65,16
TRK000000251,2024-07-02,20240708,2024-07-11,in transit,DHL,Northeast,249.79,726.68,1
TRK000002065,20230901,06-09-2023,20230905,in transit,ups,Southwest,111.33,601.24,3
TRK000000189,20230124,2023-01-27,,in transit,fedex,Northeast,162.13,268.43,24
TRK000000264,2023-01-29,2023-02-05,08-02-2023,delivered,,Southeast,156.47,138.57,24
TRK000000909,20240306,2024-03-11,03/15/2024,late,USPS,Southwest,440.88,342.5,8
TRK000001323,12/05/2024,20241212,20241216,late,,West Coast,132.04,687.57,2
TRK000000405,2024-01-17,01/20/2024,01/25/2024,Cancelled,fedex,MIDWEST,393.51,133.68,46
TRK000002486,10/23/2023,10/29/2023,2023-10-28,delivered,USPS,MIDWEST,67.16,306.64,30
TRK000000045,03/02/2024,2024-03-09,,in transit,USPS,West Coast,442.54,303.46,14
TRK000001549,20240301,2024-03-04,03/06/2024,in transit,ups,West Coast,335.68,380.05,15
TRK000001701,2023-01-04,05-01-2023,01/06/2023,Delayed,ups,midwest,573.01,463.46,39
TRK000001201,27-04-2023,2023-05-03,20230508,Delayed,XPO,West Coast,57.42,844.79,35
TRK000004302,2024-04-07,20240409,,in transit,UPS,MIDWEST,33.0,183.35,31
TRK000001835,2023-12-09,15-12-2023,12/17/2023,Delayed,fedex,Midwest,294.71,757.74,8
TRK000001836,2023-10-13,20231018,2023-10-21,late,FEDEX,Northeast,379.47,889.67,44
TRK000001291,24-12-2024,27-12-2024,20241228,Delayed,USPS,MIDWEST,520.17,130.51,27
TRK000002465,04/16/2023,2023-04-20,20230424,canceled,FEDEX,Northeast,418.92,235.23,8
TRK000002911,08/01/2023,08/07/2023,20230812,In Transit,USPS,midwest,502.71,115.33,5
TRK000000821,2024-04-26,05/01/2024,20240504,Delayed,XPO,West Coast,215.0,277.6,19
TRK000003539,2024-01-16,01/21/2024,20240122,delivered,DHL,MIDWEST,131.48,340.48,41
TRK000001878,2023-06-07,09-06-2023,20230612,in transit,USPS,Northeast,542.86,139.97,7
TRK000003507,21-12-2024,23-12-2024,27-12-2024,In Transit,DHL,midwest,125.54,739.43,50
TRK000002097,20240722,20240725,24-07-2024,Delivered,,MIDWEST,352.7,316.86,45
TRK000002013,20241108,20241111,11/16/2024,DELIVERED,USPS,MIDWEST,567.48,165.27,6
TRK000000249,20240304,2024-03-08,20240307,Delayed,DHL,Midwest,287.81,795.74,15
TRK000004071,12/24/2024,2024-12-27,20241227,Cancelled,XPO,Northeast,440.38,309.79,28
TRK000000209,17-11-2023,20-11-2023,11/19/2023,Delivered,XPO,Northeast,416.18,807.83,16
TRK000000947,20240112,2024-01-13,15-01-2024,in transit,FEDEX,Southeast,5.83,423.34,37
TRK000004886,19-10-2023,20-10-2023,10/23/2023,delivered,DHL,midwest,195.55,213.54,6
TRK000002044,12/01/2024,07-12-2024,20241207,DELIVERED,,West Coast,161.03,377.71,48
TRK000001127,20240814,08/19/2024,08/17/2024,DELIVERED,ups,Northeast,139.8,589.05,25
TRK000001139,04/06/2023,11-04-2023,04/10/2023,delivered,UPS,MIDWEST,378.92,581.35,10
TRK000004023,10/29/2023,10/30/2023,30-10-2023,Cancelled,DHL,Southwest,223.19,485.53,48
TRK000002723,06/23/2024,27-06-2024,06/29/2024,canceled,,Northeast,230.85,671.91,40
TRK000000064,17-05-2023,05/22/2023,20-05-2023,delivered,UPS,Southwest,506.27,432.3,1
TRK000002822,2023-09-12,17-09-2023,20230921,In Transit,fedex,midwest,330.12,290.87,13
TRK000004067,05-01-2023,20230106,20230109,canceled,DHL,Southwest,258.39,282.87,38
TRK000002929,20240705,2024-07-10,2024-07-15,delivered,UPS,West Coast,264.75,63.94,6
TRK000003841,20230324,20230325,26-03-2023,in transit,fedex,Southwest,437.01,728.66,1
TRK000003593,30-10-2024,02-11-2024,,Delayed,FEDEX,Northeast,171.17,668.78,14
TRK000002405,2024-01-12,17-01-2024,20240121,in transit,XPO,midwest,424.74,539.16,15
TRK000004838,20240511,2024-05-14,20240514,canceled,USPS,West Coast,101.52,751.1,22
TRK000000729,20240401,20240402,03/31/2024,in transit,DHL,midwest,498.72,767.81,33
TRK000001640,2023-03-15,20230321,03/22/2023,DELIVERED,ups,West Coast,211.13,489.71,2
TRK000004780,03/28/2023,2023-03-29,29-03-2023,canceled,FEDEX,midwest,221.96,423.38,46
TRK000002014,2024-05-16,05/20/2024,20240524,Cancelled,,Southeast,183.12,695.14,19
TRK000003602,2023-08-05,08/11/2023,08/15/2023,Cancelled,DHL,Southeast,264.41,482.37,27
TRK000000205,01-04-2023,20230405,20230403,in transit,fedex,Northeast,405.45,431.22,9
TRK000003061,02-02-2024,20240204,09-02-2024,delivered,fedex,MIDWEST,172.83,507.46,16
TRK000000083,2023-10-20,10/27/2023,20231030,in transit,fedex,Southwest,252.52,167.59,31
TRK000004747,20231016,17-10-2023,10/17/2023,delivered,,Midwest,46.54,69.15,49
TRK000002073,27-04-2024,2024-05-04,20240505,DELIVERED,UPS,Southwest,214.88,100.49,33
TRK000004862,20230603,05-06-2023,06/07/2023,DELIVERED,,Northeast,548.36,341.89,44
TRK000000624,2023-05-14,18-05-2023,20230516,Delivered,UPS,midwest,599.72,586.6,48
TRK000002183,2023-03-22,2023-03-23,,canceled,,West Coast,355.35,258.69,26
TRK000001670,18-11-2023,20231119,,in transit,fedex,Midwest,187.86,136.53,20
TRK000004128,26-04-2024,20240430,20240429,in transit,fedex,MIDWEST,390.89,484.12,25
TRK000003130,14-07-2024,2024-07-16,2024-07-14,delivered,,MIDWEST,99.28,679.32,15
TRK000002340,09-12-2024,11-12-2024,,late,XPO,MIDWEST,145.94,203.41,35
TRK000000949,20240308,2024-03-10,09-03-2024,late,FEDEX,Southeast,271.19,265.37,16
TRK000002247,07-08-2023,12-08-2023,08/11/2023,Delivered,USPS,Northeast,197.06,265.33,17
TRK000004675,20231016,10/17/2023,,DELIVERED,DHL,Midwest,322.83,812.61,48
TRK000000426,11/29/2024,2024-12-05,12/09/2024,DELIVERED,fedex,Midwest,303.78,401.58,13
TRK000002122,2023-01-09,11-01-2023,01/14/2023,canceled,,midwest,323.24,216.26,41
TRK000002085,21-06-2023,2023-06-27,,Delayed,UPS,West Coast,587.54,517.82,22
TRK000004830,2024-01-05,01/12/2024,11-01-2024,canceled,DHL,midwest,572.8,370.27,6
TRK000002966,07/14/2024,20-07-2024,07/18/2024,Delayed,XPO,Southeast,548.92,893.84,7
TRK000000644,2024-12-06,12/11/2024,2024-12-16,canceled,UPS,Southeast,93.69,682.88,13
TRK000000955,30-10-2023,31-10-2023,11/02/2023,Delivered,,Midwest,193.12,665.17,3
TRK000002219,20230714,15-07-2023,17-07-2023,DELIVERED,FEDEX,Southeast,274.51,58.72,48
TRK000002198,2024-12-25,12/29/2024,20241231,delivered,USPS,Southeast,92.47,326.71,27
TRK000000217,20231111,20231117,,In Transit,ups,Midwest,36.27,575.41,49
TRK000004869,12/20/2024,20241226,12/26/2024,Delayed,FEDEX,MIDWEST,51.15,186.03,32
TRK000000224,12/31/2023,06-01-2024,20240110,In Transit,,MIDWEST,3.33,760.31,23
TRK000001198,08/05/2024,20240807,,Delivered,,MIDWEST,121.54,729.71,10
TRK000002473,01-02-2023,02/02/2023,20230207,In Transit,fedex,Northeast,366.43,825.94,6
TRK000000416,10/30/2023,20231102,2023-10-31,in transit,UPS,Midwest,173.53,331.51,2
TRK000003377,27-06-2023,20230704,20230704,DELIVERED,XPO,Midwest,431.09,272.83,2
TRK000000479,21-09-2023,09/28/2023,,Delivered,ups,Midwest,540.45,477.27,22
TRK000003457,20241004,11-10-2024,20241011,Cancelled,fedex,Midwest,124.4,237.47,43
TRK000003655,02/23/2023,20230227,2023-02-27,delivered,FEDEX,Southwest,498.59,766.84,18
TRK000000652,2024-11-12,19-11-2024,18-11-2024,Cancelled,UPS,West Coast,101.92,690.62,46
TRK000000669,20240806,08/09/2024,08/08/2024,DELIVERED,,Midwest,574.43,270.67,27
TRK000004469,30-04-2024,20240502,20240505,DELIVERED,,Southwest,413.57,669.41,10
TRK000003611,2024-08-30,09/01/2024,09/01/2024,Cancelled,UPS,Southeast,126.59,791.74,28
TRK000002035,2024-06-06,20240611,13-06-2024,DELIVERED,ups,midwest,331.45,629.28,31
TRK000003253,10/03/2023,2023-10-09,20231012,DELIVERED,DHL,Southeast,410.52,756.31,46
TRK000000535,2023-12-04,09-12-2023,20231214,Delayed,FEDEX,Southwest,266.81,283.36,49
TRK000003079,20230504,11-05-2023,10-05-2023,In Transit,,midwest,215.56,721.42,42
TRK000002762,2024-03-22,03/25/2024,29-03-2024,canceled,UPS,midwest,111.03,424.51,8
TRK000001975,10-02-2024,02/17/2024,02/15/2024,canceled,USPS,Southeast,455.84,122.98,48
TRK000002415,2023-08-09,2023-08-12,2023-08-12,delivered,XPO,Midwest,476.39,457.66,13
TRK000000891,20231104,20231109,,late,DHL,Midwest,557.2,762.73,21
TRK000004068,20230925,20230928,26-09-2023,in transit,UPS,MIDWEST,420.61,343.29,32
TRK000001163,05/20/2023,21-05-2023,20230522,late,FEDEX,MIDWEST,376.3,385.82,44
TRK000001213,06/07/2023,06/14/2023,2023-06-12,late,,Southwest,204.77,195.11,21
TRK000003349,16-07-2024,18-07-2024,,in transit,,Midwest,268.04,184.91,40
TRK000003932,2023-01-23,20230130,20230202,DELIVERED,FEDEX,Southeast,42.04,119.86,37
TRK000004997,20241124,30-11-2024,11/29/2024,canceled,DHL,midwest,404.11,724.45,16
TRK000004413,2024-06-13,20240620,2024-06-25,DELIVERED,,Southeast,182.49,281.3,40
TRK000001036,20230927,2023-10-03,04-10-2023,in transit,ups,midwest,338.64,592.85,10
TRK000003392,03-01-2023,01/10/2023,08-01-2023,late,XPO,Southwest,75.87,463.85,4
TRK000003523,10-11-2024,11/11/2024,,In Transit,DHL,midwest,536.76,857.28,17
TRK000004204,2024-12-11,12/16/2024,16-12-2024,delivered,,MIDWEST,579.88,349.54,41
TRK000004208,14-05-2024,05/17/2024,,Cancelled,DHL,midwest,87.6,503.87,24
TRK000004616,2024-01-17,20240120,20240123,Delivered,,Northeast,472.66,463.09,34
TRK000002802,26-09-2023,2023-10-02,20231003,In Transit,XPO,Southeast,240.87,398.96,38
TRK000004448,2024-03-31,06-04-2024,08-04-2024,DELIVERED,DHL,Midwest,311.4,670.1,14
TRK000000846,2024-05-26,20240529,02-06-2024,Delivered,ups,MIDWEST,507.98,81.52,49
TRK000004150,20230418,04/22/2023,26-04-2023,DELIVERED,UPS,MIDWEST,59.62,441.01,46
TRK000000872,06/09/2023,10-06-2023,06/13/2023,in transit,ups,Southwest,599.91,541.56,24
TRK000002697,2024-11-20,11/27/2024,12/01/2024,DELIVERED,DHL,midwest,64.78,88.65,13
TRK000004215,18-09-2024,09/19/2024,,in transit,XPO,Southwest,510.79,211.13,15
TRK000002383,2023-11-18,11/22/2023,2023-11-26,Delivered,XPO,Southwest,404.45,425.39,15
TRK000002615,08-01-2024,01/15/2024,20240118,Cancelled,USPS,MIDWEST,283.05,526.61,38
TRK000004905,2023-09-28,2023-10-04,10/03/2023,Delayed,ups,Northeast,478.26,170.27,11
TRK000000123,03/19/2023,22-03-2023,22-03-2023,in transit,FEDEX,midwest,455.51,323.93,29
TRK000001008,2023-09-28,2023-10-04,2023-10-08,canceled,,MIDWEST,510.15,827.51,45
TRK000004423,2023-12-17,12/18/2023,20231223,in transit,USPS,West Coast,181.24,209.44,7
TRK000000488,2024-07-03,10-07-2024,07/15/2024,Cancelled,,Northeast,194.86,848.23,4
TRK000004976,20230410,11-04-2023,20230411,late,UPS,Midwest,439.66,510.45,1
TRK000002525,07-03-2024,2024-03-13,20240317,in transit,ups,MIDWEST,290.19,142.15,5
TRK000000213,13-10-2024,2024-10-17,20241016,Cancelled,ups,Midwest,136.49,474.14,43
TRK000000630,2023-06-15,20230619,2023-06-22,DELIVERED,XPO,MIDWEST,543.82,726.47,49
TRK000004609,20230825,2023-08-30,09/03/2023,delivered,UPS,Northeast,202.44,716.93,43
TRK000003234,2023-04-28,05/04/2023,20230509,canceled,,Northeast,348.17,630.28,30
TRK000003038,20230112,01/16/2023,15-01-2023,Delayed,DHL,Southwest,477.74,866.62,9
TRK000001347,06/28/2023,06/29/2023,06/27/2023,DELIVERED,XPO,West Coast,139.24,517.84,33
TRK000004170,20231102,04-11-2023,03-11-2023,delivered,,Southwest,344.77,53.62,50
TRK000004105,12/07/2024,12/13/2024,2024-12-11,DELIVERED,FEDEX,Southeast,308.42,794.67,41
TRK000003112,20240819,2024-08-25,20240823,Delivered,fedex,Northeast,20.56,841.97,27
TRK000001905,2024-05-27,20240531,02-06-2024,canceled,,midwest,139.88,112.66,41
TRK000001421,20241008,20241013,20241014,in transit,fedex,midwest,37.32,253.21,25
TRK000001303,20231014,10/16/2023,2023-10-21,Cancelled,FEDEX,Northeast,107.05,624.87,38
TRK000003764,06-03-2024,2024-03-12,2024-03-17,delivered,XPO,West Coast,169.26,333.33,35
TRK000001110,20230214,2023-02-19,24-02-2023,delivered,FEDEX,Northeast,290.71,666.56,30
TRK000000478,2024-08-31,2024-09-07,2024-09-10,Delivered,fedex,Southwest,572.06,744.98,37
TRK000004989,20240429,05/03/2024,05/08/2024,in transit,,MIDWEST,346.39,357.75,19
TRK000000840,20240603,06-06-2024,20240604,Delivered,XPO,midwest,260.89,694.48,47
TRK000004854,20240827,20240902,20240906,late,,West Coast,225.38,107.53,3
TRK000003819,20241031,2024-11-02,2024-11-06,Delivered,USPS,Southwest,455.81,172.67,23
TRK000003271,05/07/2023,05/09/2023,05/13/2023,Cancelled,USPS,Midwest,472.89,196.53,14
TRK000002963,20240923,28-09-2024,09/30/2024,Delivered,UPS,Southwest,367.57,287.93,42
TRK000002975,05/14/2023,20230516,2023-05-20,Delivered,USPS,midwest,230.14,324.65,17
TRK000004664,2023-09-17,22-09-2023,09/25/2023,DELIVERED,DHL,Southeast,577.89,294.18,10
TRK000004288,26-06-2024,03-07-2024,,Delivered,XPO,Southwest,334.72,260.44,28
TRK000001590,07/17/2024,07/22/2024,2024-07-27,Cancelled,DHL,Midwest,550.31,512.7,3
TRK000003043,20230406,20230411,04/14/2023,canceled,USPS,Southwest,122.59,526.16,45
TRK000002901,20230320,23-03-2023,25-03-2023,In Transit,FEDEX,Southwest,6.0,532.28,13
TRK000003651,20230707,12-07-2023,10-07-2023,In Transit,UPS,Northeast,563.46,450.36,10
TRK000000755,2024-11-28,20241130,28-11-2024,canceled,,Southwest,372.09,119.93,43
TRK000002376,2024-12-13,2024-12-14,,DELIVERED,fedex,Northeast,244.05,804.84,44
TRK000004173,07-08-2024,11-08-2024,08/11/2024,Cancelled,UPS,Midwest,344.15,751.45,24
TRK000001276,2024-06-03,07-06-2024,,DELIVERED,UPS,Southwest,586.72,252.22,10
TRK000001515,20230823,2023-08-25,2023-08-24,DELIVERED,FEDEX,Midwest,433.7,277.71,37
TRK000004652,2024-03-18,2024-03-22,03/27/2024,canceled,FEDEX,MIDWEST,432.8,618.91,9
TRK000001607,01-09-2023,09/03/2023,2023-09-08,DELIVERED,DHL,West Coast,578.84,765.51,41
TRK000003592,01/16/2024,2024-01-19,20240118,DELIVERED,fedex,midwest,561.86,414.95,20
TRK000002307,20241213,12/20/2024,,in transit,fedex,Northeast,208.15,722.96,6
TRK000004493,06/13/2024,20240618,20240617,late,fedex,Northeast,529.24,201.14,17
TRK000002823,11/01/2023,20231103,04-11-2023,late,fedex,Midwest,203.2,585.21,26
TRK000004356,2024-12-29,05-01-2025,01/03/2025,delivered,DHL,Southwest,349.13,759.68,27
TRK000000936,20230221,02/27/2023,,late,ups,Southwest,77.34,92.36,11
TRK000004577,02/20/2024,2024-02-24,2024-02-24,delivered,UPS,midwest,378.09,157.01,4
TRK000002524,04/13/2023,20230419,24-04-2023,In Transit,fedex,Southeast,295.31,255.47,22
TRK000002008,03/07/2024,03/12/2024,10-03-2024,canceled,USPS,MIDWEST,164.47,796.98,20
TRK000000637,20230617,20230619,20230620,In Transit,,Southeast,150.27,758.95,39
TRK000003426,2023-01-21,2023-01-28,02/01/2023,Delayed,DHL,West Coast,338.1,703.78,37
TRK000000579,20230208,20230214,02/12/2023,DELIVERED,XPO,Southeast,156.62,417.48,4
TRK000000953,20231018,20-10-2023,19-10-2023,Cancelled,UPS,West Coast,118.68,390.47,15
TRK000004588,01-12-2024,12/06/2024,20241204,canceled,USPS,MIDWEST,134.24,285.6,30
TRK000000822,07/22/2023,07/24/2023,2023-07-23,Delayed,DHL,Northeast,254.44,808.15,7
TRK000001748,20230703,07/05/2023,2023-07-10,Cancelled,,Northeast,208.76,843.39,21
TRK000001057,2023-03-16,20-03-2023,,DELIVERED,UPS,Southeast,321.06,261.26,32
TRK000000458,25-02-2023,04-03-2023,20230306,delivered,USPS,Midwest,48.14,588.94,40
TRK000002329,2023-06-10,2023-06-13,06/12/2023,DELIVERED,UPS,Midwest,210.23,161.86,48
TRK000004536,20230817,23-08-2023,25-08-2023,late,fedex,Midwest,536.59,841.86,26
TRK000001379,20240318,03/25/2024,2024-03-25,canceled,ups,MIDWEST,219.45,883.56,46
TRK000001029,2024-03-18,20-03-2024,20240318,canceled,UPS,midwest,215.74,9358.18,42
TRK000004460,2024-03-06,2024-03-11,2024-03-10,Delivered,,Midwest,549.96,310.16,49
TRK000002170,03/03/2024,2024-03-09,,delivered,FEDEX,midwest,584.31,92.55,26
TRK000003064,03-11-2024,2024-11-04,05-11-2024,in transit,fedex,West Coast,28.4,521.63,23
TRK000001912,10/04/2024,2024-10-05,2024-10-09,late,USPS,Northeast,429.01,333.96,11
TRK000002381,20230102,01/08/2023,07-01-2023,in transit,USPS,Southeast,11.63,622.25,34
TRK000004476,17-08-2023,2023-08-23,21-08-2023,DELIVERED,fedex,Southeast,364.93,865.51,14
TRK000004299,20240226,20240301,03-03-2024,In Transit,ups,midwest,337.15,379.4,49
TRK000000853,05/18/2024,19-05-2024,,Cancelled,,midwest,54.55,308.67,4
TRK000001834,10/02/2024,10/08/2024,20241008,late,,Southwest,476.97,63.82,2
TRK000003087,2024-11-24,26-11-2024,,delivered,USPS,West Coast,288.81,470.86,10
TRK000002727,2023-01-13,2023-01-20,,DELIVERED,XPO,Southeast,354.32,273.23,3
TRK000003416,20240603,06/09/2024,10-06-2024,in transit,DHL,Midwest,235.64,532.82,1
TRK000001919,2023-07-27,03-08-2023,08/05/2023,DELIVERED,,Northeast,369.44,261.42,40
TRK000001717,20-08-2023,20230821,20230823,Delayed,ups,West Coast,371.9,140.4,45
TRK000003394,19-07-2023,20230722,,Delivered,USPS,Midwest,100.39,564.79,16
TRK000003023,2023-02-08,10-02-2023,2023-02-12,delivered,FEDEX,Midwest,553.89,83.11,41
TRK000001133,06/19/2023,06/26/2023,20230624,canceled,FEDEX,West Coast,177.05,336.29,18
TRK000000073,12-05-2024,18-05-2024,22-05-2024,delivered,fedex,Northeast,9.87,729.71,11
TRK000002921,20230923,09/29/2023,20231001,In Transit,FEDEX,Southeast,220.83,506.19,15
TRK000003336,2023-03-17,24-03-2023,2023-03-23,Cancelled,ups,MIDWEST,344.68,826.39,1
TRK000003594,01/28/2024,29-01-2024,,in transit,FEDEX,MIDWEST,406.25,436.07,10
TRK000003202,11/08/2023,2023-11-14,2023-11-15,In Transit,FEDEX,midwest,599.65,296.05,36
TRK000003317,20241010,2024-10-11,14-10-2024,delivered,,Southwest,24.09,833.39,24
TRK000004499,20240229,03/01/2024,2024-03-03,Delivered,fedex,Northeast,63.64,723.53,23
TRK000004503,2024-02-04,20240207,07-02-2024,Delivered,fedex,Northeast,129.66,854.41,29
TRK000003223,20230929,02-10-2023,2023-10-07,Delayed,FEDEX,midwest,378.41,53.15,20
TRK000000091,2023-03-14,2023-03-15,13-03-2023,late,,Southwest,145.62,240.53,44
TRK000002119,02/07/2023,08-02-2023,,Cancelled,ups,Southwest,23.43,503.74,19
TRK000004007,22-01-2023,23-01-2023,2023-01-25,late,ups,Midwest,539.01,858.0,16
TRK000003811,2024-02-20,20240227,,late,,midwest,517.11,889.99,42
TRK000004581,2024-05-07,2024-05-10,2024-05-12,late,UPS,Midwest,344.67,556.19,49
TRK000002981,09-03-2024,2024-03-16,,DELIVERED,FEDEX,Southeast,509.68,81.04,28
TRK000003247,03-04-2024,06-04-2024,04/07/2024,Cancelled,ups,West Coast,591.4,615.75,31
TRK000002800,11/27/2024,20241128,20241129,DELIVERED,UPS,Northeast,431.89,356.16,46
TRK000002681,04/25/2023,01-05-2023,20230506,Delayed,XPO,Northeast,475.88,250.05,36
TRK000002983,20231224,20231231,2024-01-03,delivered,fedex,MIDWEST,47.87,874.29,16
TRK000003381,20231008,2023-10-13,12-10-2023,DELIVERED,fedex,West Coast,385.01,810.36,31
TRK000000523,08/23/2023,30-08-2023,30-08-2023,in transit,,Southeast,240.99,150.68,38
TRK000004894,2024-07-01,07/07/2024,07/05/2024,delivered,,MIDWEST,80.26,136.38,45
TRK000003011,2023-04-12,18-04-2023,2023-04-22,Delayed,,Southwest,590.96,387.9,1
TRK000003551,19-02-2023,20230225,,In Transit,UPS,Southwest,43.18,864.66,38
TRK000003938,2024-04-15,04/17/2024,2024-04-19,Delivered,FEDEX,MIDWEST,444.18,872.75,33
TRK000003382,20230524,20230530,06/01/2023,Cancelled,UPS,MIDWEST,559.37,616.11,5
TRK000000114,20230304,07-03-2023,06-03-2023,in transit,DHL,Midwest,363.94,469.72,9
TRK000002679,20230315,22-03-2023,2023-03-22,late,FEDEX,Southwest,38.82,796.97,41
TRK000003917,20241004,10/10/2024,08-10-2024,In Transit,ups,Southwest,508.72,182.21,28
TRK000002973,08-10-2023,10/09/2023,10/09/2023,in transit,DHL,midwest,273.07,241.53,7
TRK000001708,06/29/2023,07/03/2023,04-07-2023,Delayed,,West Coast,249.27,441.93,17
TRK000000158,20230922,2023-09-25,2023-09-27,In Transit,ups,Southeast,470.11,696.1,15
TRK000004238,15-08-2023,16-08-2023,14-08-2023,Delivered,fedex,midwest,384.54,564.25,25
TRK000003505,2024-12-16,18-12-2024,20241223,Cancelled,FEDEX,Southwest,101.81,839.71,27
TRK000001459,2023-07-02,07/08/2023,12-07-2023,DELIVERED,XPO,MIDWEST,371.92,666.12,37
TRK000004237,16-05-2024,20-05-2024,2024-05-25,Delayed,,Southeast,432.17,874.65,18
TRK000000131,20241129,11/30/2024,,DELIVERED,,Southwest,574.75,457.56,30
TRK000004933,2024-03-17,2024-03-18,,canceled,USPS,Midwest,217.53,360.05,16
TRK000003803,02/02/2023,02/08/2023,2023-02-08,Delivered,USPS,Southwest,410.09,541.33,34
TRK000002165,21-06-2024,23-06-2024,,Delayed,,Northeast,2.6,591.18,9
TRK000001653,01/07/2023,20230108,20230106,Cancelled,FEDEX,MIDWEST,237.94,517.85,5
TRK000000687,2023-06-10,2023-06-15,2023-06-18,delivered,UPS,MIDWEST,323.12,350.46,17
TRK000000061,20241228,12/30/2024,,Delayed,DHL,Northeast,194.02,795.55,10
TRK000001580,20241031,05-11-2024,11/06/2024,In Transit,XPO,Southwest,460.74,619.22,10
TRK000000242,20240727,20240728,20240727,delivered,ups,Midwest,149.99,790.52,1
TRK000001502,20230918,2023-09-21,2023-09-23,canceled,ups,Southeast,174.8,104.64,48
TRK000003616,20231206,12/11/2023,,canceled,XPO,Midwest,352.22,329.82,19
TRK000003650,20230409,2023-04-10,04/13/2023,In Transit,ups,Southeast,502.04,745.4,46
TRK000001144,12/06/2023,20231209,20231210,delivered,UPS,Northeast,210.56,641.87,18
TRK000002994,2023-02-28,2023-03-06,2023-03-08,In Transit,DHL,Southeast,466.0,472.4,21
TRK000001933,11/24/2023,2023-11-29,20231129,delivered,USPS,West Coast,352.95,443.56,16
TRK000000342,20230121,2023-01-24,20230127,In Transit,UPS,midwest,533.42,731.99,20
TRK000000531,15-05-2023,05/17/2023,2023-05-18,DELIVERED,XPO,MIDWEST,476.28,362.78,37
TRK000002732,02/21/2024,2024-02-25,01-03-2024,DELIVERED,DHL,Southwest,247.59,559.65,10
TRK000002459,20240328,2024-04-04,2024-04-03,DELIVERED,,MIDWEST,557.09,124.6,11
TRK000001604,07/05/2023,06-07-2023,20230707,in transit,,MIDWEST,449.25,372.08,9
TRK000002483,2024-11-18,11/23/2024,20241124,Delayed,ups,Southwest,63.97,55.98,22
TRK000002527,12/13/2024,17-12-2024,20241218,canceled,,MIDWEST,63.84,229.56,50
TRK000003825,20230922,09/29/2023,20231004,delivered,UPS,West Coast,349.85,386.54,40
TRK000002654,31-10-2024,07-11-2024,2024-11-09,Delivered,XPO,Southwest,242.39,315.74,11
TRK000002734,2024-03-12,20240314,2024-03-17,delivered,,Northeast,205.19,292.09,42
TRK000004153,20240611,13-06-2024,16-06-2024,late,UPS,West Coast,454.04,861.58,44
TRK000001908,2024-05-23,20240526,05/25/2024,Delivered,DHL,Southwest,391.64,371.65,7
TRK000000282,2024-12-04,2024-12-11,20241215,canceled,DHL,West Coast,131.53,129.83,38
TRK000002328,10-06-2023,2023-06-12,06/15/2023,Cancelled,,Midwest,459.22,290.14,9
TRK000003994,30-11-2024,20241207,12/08/2024,delivered,,West Coast,414.29,184.83,13
TRK000000245,05/24/2023,26-05-2023,31-05-2023,DELIVERED,,Southeast,417.22,464.2,3
TRK000003264,02-06-2023,03-06-2023,,late,XPO,midwest,235.59,146.51,50
TRK000004562,2023-06-13,20230614,15-06-2023,Delivered,USPS,Southwest,441.23,838.1,7
TRK000004235,07-06-2023,06/09/2023,2023-06-10,delivered,XPO,Southeast,222.46,607.78,22
TRK000002751,20240817,20-08-2024,,Cancelled,UPS,Northeast,388.05,874.1,32
TRK000003016,02/24/2024,20240302,20240229,Delayed,USPS,Southwest,533.99,273.43,37
TRK000004037,20230118,2023-01-20,20230120,Delivered,,Southwest,386.35,177.22,30
TRK000004397,01/25/2023,31-01-2023,,delivered,DHL,West Coast,20.87,339.65,28
TRK000004347,09/05/2024,2024-09-09,09/08/2024,in transit,DHL,midwest,389.63,375.03,10
TRK000004999,2023-04-26,04/27/2023,04/28/2023,canceled,ups,Northeast,391.77,71.16,29
TRK000000929,10/14/2023,2023-10-16,20231014,Cancelled,fedex,Northeast,96.11,318.22,43
TRK000004310,14-06-2024,20240621,20240619,DELIVERED,UPS,West Coast,348.17,865.99,9
TRK000004669,05-10-2023,09-10-2023,10/13/2023,DELIVERED,XPO,Southwest,131.29,745.7,36
TRK000000177,21-04-2024,20240427,02-05-2024,late,UPS,Southwest,275.43,515.34,4
TRK000004346,03/20/2024,20240321,,canceled,USPS,Midwest,477.54,572.6,9
TRK000004594,20240608,2024-06-15,2024-06-19,DELIVERED,ups,Northeast,519.55,633.96,5
TRK000004473,2024-10-22,20241027,20241025,delivered,UPS,Southwest,581.68,334.49,37
TRK000001495,12-01-2024,01/18/2024,,canceled,USPS,MIDWEST,217.22,446.28,24
TRK000004289,20241119,2024-11-25,2024-11-29,late,XPO,Midwest,415.59,723.03,50
TRK000001431,2024-12-02,20241206,05-12-2024,Delivered,FEDEX,Southeast,136.43,361.97,28
TRK000002676,2024-07-15,20-07-2024,2024-07-25,In Transit,XPO,Midwest,555.9,557.54,37
TRK000000136,2023-01-01,02-01-2023,2022-12-31,Delayed,UPS,Southeast,399.41,742.96,37
TRK000004842,04/29/2024,20240501,02-05-2024,late,UPS,Southeast,389.4,647.83,44
TRK000001395,10-12-2024,12/16/2024,19-12-2024,Delayed,fedex,Southwest,398.2,594.0,44
TRK000003874,09/22/2024,20240929,29-09-2024,Delivered,,midwest,472.36,97.73,24
TRK000001710,20230406,20230408,2023-04-09,in transit,ups,midwest,550.42,788.14,34
TRK000001564,24-11-2023,20231127,2023-11-26,delivered,UPS,Southeast,353.35,737.08,3
TRK000001300,11-06-2024,12-06-2024,2024-06-15,canceled,,Southwest,126.25,477.82,17
TRK000003413,2024-01-18,25-01-2024,2024-01-25,canceled,FEDEX,Southeast,246.8,877.91,28
TRK000002294,20240607,2024-06-12,06/15/2024,Delivered,,midwest,395.79,556.99,47
TRK000000670,12-12-2024,20241214,12/12/2024,Delivered,ups,Southeast,511.09,795.95,19
TRK000004590,13-07-2024,20240720,25-07-2024,canceled,USPS,Southeast,268.67,833.18,25
TRK000003888,01/06/2023,2023-01-09,10-01-2023,in transit,XPO,Midwest,275.35,845.15,32
TRK000001655,20231211,20231216,,canceled,USPS,West Coast,277.15,280.71,31
TRK000002442,2023-12-05,12/08/2023,12/10/2023,in transit,DHL,Midwest,415.06,800.96,39
TRK000001048,03/21/2024,2024-03-23,2024-03-26,Delayed,DHL,midwest,168.0,613.97,34
TRK000002555,2023-10-21,28-10-2023,20231029,canceled,FEDEX,midwest,241.84,408.64,46
TRK000004768,16-05-2023,2023-05-22,20-05-2023,Cancelled,ups,Midwest,227.88,871.17,9
TRK000004383,20241224,2024-12-26,20241228,Delayed,USPS,Southeast,179.65,255.08,23
TRK000002312,03/04/2024,20240306,2024-03-05,in transit,UPS,Southwest,47.47,160.55,45
TRK000004774,02-11-2023,2023-11-05,2023-11-08,Delayed,,MIDWEST,512.85,486.56,44
TRK000001857,2024-06-18,20-06-2024,19-06-2024,in transit,ups,West Coast,553.48,847.42,39
TRK000002728,22-06-2024,06/29/2024,2024-06-29,Cancelled,fedex,Midwest,402.24,894.51,44
TRK000001099,2023-06-21,06/28/2023,20230703,in transit,DHL,West Coast,262.45,127.5,19
TRK000003770,05/10/2023,20230517,20230522,Delivered,,MIDWEST,146.68,513.37,1
TRK000002683,06/01/2024,06/05/2024,06-06-2024,DELIVERED,UPS,midwest,522.18,756.49,49
TRK000003680,20241013,20241019,2024-10-20,Delivered,USPS,Southeast,199.02,340.8,22
TRK000004608,06/27/2024,06/30/2024,05-07-2024,late,DHL,Midwest,187.99,235.58,11
TRK000002544,20230918,20230919,2023-09-19,delivered,DHL,Midwest,63.3,331.41,31
TRK000000851,20240725,07/30/2024,20240729,DELIVERED,XPO,Southwest,365.62,355.73,20
TRK000002218,10/13/2023,2023-10-18,10/20/2023,delivered,DHL,West Coast,361.77,684.21,23
TRK000003183,01-07-2024,05-07-2024,10-07-2024,Delayed,USPS,Southwest,165.48,74.66,32
TRK000001460,02/27/2024,2024-02-28,2024-03-02,Cancelled,UPS,MIDWEST,567.25,225.38,32
TRK000003295,2023-04-04,2023-04-11,2023-04-11,In Transit,UPS,Southeast,491.35,512.66,14
TRK000002610,20240413,2024-04-16,17-04-2024,in transit,fedex,Southeast,365.28,327.17,43
TRK000004373,2024-09-27,30-09-2024,02-10-2024,Cancelled,,MIDWEST,377.89,350.44,9
TRK000004179,07/30/2024,05-08-2024,08/10/2024,DELIVERED,XPO,Northeast,443.7,147.52,43
TRK000002893,2024-01-11,20240113,11-01-2024,In Transit,USPS,midwest,41.19,851.04,41
TRK000000124,2024-12-27,12/29/2024,,Delivered,XPO,midwest,484.29,757.4,9
TRK000000082,2024-04-29,05/05/2024,07-05-2024,Cancelled,USPS,Northeast,434.37,443.74,6
TRK000000442,2023-06-22,28-06-2023,2023-06-30,Delayed,ups,midwest,430.21,58.17,36
TRK000004116,09-02-2023,20230212,12-02-2023,In Transit,UPS,Northeast,480.49,350.54,42
TRK000000029,31-08-2023,09/02/2023,06-09-2023,canceled,FEDEX,MIDWEST,220.77,56.94,5
TRK000002480,20230726,07/28/2023,01-08-2023,Delayed,ups,Midwest,461.03,638.12,10
TRK000001203,27-01-2023,03-02-2023,2023-02-02,Delayed,,West Coast,315.86,800.42,39
TRK000000035,2023-02-21,2023-02-26,2023-02-25,canceled,,Northeast,42.99,541.64,14
TRK000004303,20230716,20230719,2023-07-20,delivered,ups,MIDWEST,528.12,129.99,5
TRK000003311,20240510,11-05-2024,,Delivered,FEDEX,Southeast,488.07,606.92,2
TRK000002776,20230425,2023-04-27,20230427,In Transit,XPO,Southeast,536.73,69.49,31
TRK000001563,20240205,02/08/2024,,Cancelled,USPS,Midwest,495.48,658.22,49
TRK000003649,2023-08-02,03-08-2023,20230804,Delivered,FEDEX,Northeast,456.06,612.82,37
TRK000001399,18-09-2024,20240922,20240923,in transit,UPS,MIDWEST,363.15,101.36,46
TRK000003946,2023-05-21,2023-05-28,20230602,In Transit,,Southeast,393.92,100.38,36
TRK000004453,20240306,08-03-2024,09-03-2024,canceled,ups,MIDWEST,316.15,303.51,13
TRK000000862,30-09-2024,10/06/2024,11-10-2024,canceled,fedex,Southeast,445.87,334.8,23
TRK000001165,11/20/2023,27-11-2023,,canceled,ups,midwest,99.89,577.18,49
TRK000001719,08/29/2023,2023-09-02,2023-09-03,delivered,DHL,MIDWEST,142.0,515.63,17
TRK000001763,25-03-2024,2024-03-28,20240401,Cancelled,fedex,Southwest,460.27,407.93,9
TRK000000793,2023-02-09,13-02-2023,18-02-2023,canceled,fedex,Southeast,3.92,332.98,7
TRK000003766,04/24/2023,20230430,2023-05-02,In Transit,FEDEX,Southwest,323.87,729.37,8
TRK000000649,2023-04-15,18-04-2023,16-04-2023,DELIVERED,USPS,MIDWEST,378.72,780.79,25
TRK000003364,12/26/2023,20231229,20240102,In Transit,XPO,Southeast,484.37,475.66,13
TRK000000025,2023-10-25,2023-11-01,11/04/2023,Delivered,ups,midwest,52.65,288.69,39
TRK000001082,20240228,05-03-2024,03/05/2024,In Transit,ups,MIDWEST,514.49,472.06,50
TRK000003165,31-03-2024,20240406,2024-04-07,Cancelled,UPS,Southeast,18.6,381.99,46
TRK000001217,20240911,16-09-2024,,Delivered,FEDEX,Northeast,165.78,630.52,34
TRK000004386,20241005,10/08/2024,20241009,DELIVERED,,MIDWEST,396.8,790.86,22
TRK000001024,27-12-2024,28-12-2024,12/28/2024,In Transit,ups,MIDWEST,451.19,554.83,31
TRK000004506,2024-12-13,20241219,12/23/2024,delivered,UPS,Southeast,277.11,160.87,43
TRK000003787,10/19/2023,20231025,25-10-2023,canceled,DHL,West Coast,292.36,249.1,6
TRK000000791,04-12-2024,10-12-2024,20241208,in transit,FEDEX,Midwest,442.86,126.92,16
TRK000001987,02/11/2023,18-02-2023,20-02-2023,Delayed,XPO,midwest,597.88,525.52,35
TRK000000491,2023-07-26,08/01/2023,2023-08-01,Delayed,ups,Southwest,531.27,623.33,25
TRK000004765,2023-10-08,20231014,2023-10-19,canceled,USPS,midwest,357.12,131.48,5
TRK000002541,20230103,2023-01-07,2023-01-06,canceled,ups,Northeast,37.15,148.59,37
TRK000000112,13-04-2024,04/16/2024,04/16/2024,late,DHL,MIDWEST,401.79,671.74,19
TRK000003801,26-07-2024,08/01/2024,08/06/2024,DELIVERED,FEDEX,Midwest,94.94,439.72,49
TRK000002962,2024-10-27,20241102,20241031,in transit,fedex,MIDWEST,12.7,518.01,35
TRK000000376,20240316,19-03-2024,20240320,canceled,,Northeast,585.08,516.92,50
TRK000003547,01/02/2023,20230109,,canceled,UPS,midwest,37.4,630.44,41
TRK000000387,2024-06-08,06/15/2024,19-06-2024,canceled,UPS,Southeast,356.73,688.74,44
TRK000001044,12-12-2024,2024-12-18,20241220,delivered,USPS,MIDWEST,518.23,509.7,22
TRK000004521,20240209,12-02-2024,20240216,late,USPS,West Coast,210.66,450.26,3
TRK000001061,07/18/2023,2023-07-21,07/21/2023,Delayed,USPS,midwest,446.17,691.58,43
TRK000003360,20230919,22-09-2023,2023-09-25,in transit,UPS,Northeast,201.67,859.58,28
TRK000002624,11-06-2024,06/14/2024,,late,,midwest,380.09,176.21,38
TRK000003733,01/26/2023,01/27/2023,01/30/2023,late,ups,Southwest,139.1,764.48,17
TRK000002167,05/13/2023,20230515,05/18/2023,Delayed,DHL,Southeast,450.8,642.58,14
TRK000003639,15-04-2023,04/16/2023,04/17/2023,delivered,,Midwest,123.44,659.84,29
TRK000003951,12-01-2023,20230115,2023-01-16,Delayed,DHL,Southeast,387.76,803.86,36
TRK000000055,2024-10-02,20241003,20241004,in transit,,West Coast,10.92,423.9,42
TRK000003116,10/04/2024,20241008,10/11/2024,in transit,FEDEX,Southeast,19.04,311.09,14
TRK000003300,31-12-2024,01/02/2025,07-01-2025,Delayed,ups,West Coast,595.23,218.49,14
TRK000004485,2024-10-12,19-10-2024,2024-10-20,Cancelled,DHL,Northeast,57.67,562.75,33
TRK000001245,2024-01-19,20240126,20240130,in transit,UPS,MIDWEST,389.96,869.36,26
TRK000001477,15-10-2024,20241021,10/25/2024,Delayed,ups,West Coast,350.56,599.3,47
TRK000003935,09/22/2024,2024-09-23,21-09-2024,DELIVERED,fedex,West Coast,455.86,246.44,16
TRK000004688,24-11-2024,28-11-2024,02-12-2024,in transit,,Southeast,261.85,243.67,43
TRK000004748,2024-10-30,2024-11-02,11/07/2024,late,USPS,Northeast,228.72,99.48,25
TRK000003206,08/15/2023,08/21/2023,08/21/2023,delivered,DHL,West Coast,271.76,348.29,37
TRK000002889,20230807,20230812,2023-08-16,late,UPS,Northeast,585.72,5960.38,48
TRK000001321,07-06-2023,11-06-2023,16-06-2023,In Transit,DHL,Southwest,595.04,707.52,4
TRK000000568,2024-09-23,2024-09-29,,delivered,,Southeast,450.99,218.15,16
TRK000000508,2023-10-06,10-10-2023,10/12/2023,canceled,DHL,West Coast,18.97,266.7,22
TRK000004226,20240203,2024-02-07,02/06/2024,late,XPO,Southeast,148.06,520.16,17
TRK000004483,30-12-2023,2023-12-31,01/04/2024,Cancelled,ups,Midwest,307.39,481.89,37
TRK000003960,10/22/2024,27-10-2024,10/31/2024,DELIVERED,USPS,Southeast,317.51,288.36,39
TRK000001920,2023-12-04,2023-12-06,2023-12-06,Cancelled,DHL,Southeast,520.8,747.21,27
TRK000001333,20240928,01-10-2024,20240929,in transit,fedex,MIDWEST,548.49,819.0,8
TRK000003965,11/03/2024,20241109,13-11-2024,DELIVERED,UPS,West Coast,473.4,118.9,46
TRK000002265,05/29/2024,06/04/2024,06/03/2024,DELIVERED,XPO,Northeast,507.21,592.7,27
TRK000004804,2024-11-08,11/12/2024,,DELIVERED,UPS,midwest,512.9,742.68,13
TRK000004054,20240615,2024-06-16,,canceled,XPO,Midwest,546.82,794.58,36
TRK000003792,20230226,02-03-2023,2023-03-01,DELIVERED,FEDEX,Southeast,73.37,558.08,7
TRK000000287,20241118,2024-11-25,20241126,Delivered,FEDEX,West Coast,7.87,758.32,20
TRK000004210,2024-09-16,20240918,2024-09-19,Delayed,,West Coast,132.78,651.07,9
TRK000004679,2023-03-18,03/25/2023,20230328,In Transit,XPO,Southwest,298.12,188.71,34
TRK000000178,07/23/2024,2024-07-26,07/31/2024,Delivered,USPS,Southwest,355.55,8994.27,24
TRK000004415,2023-03-17,03/21/2023,03/20/2023,Cancelled,FEDEX,Northeast,36.51,192.82,21
TRK000001899,01-01-2024,06-01-2024,20240111,canceled,USPS,MIDWEST,412.83,543.69,45
TRK000002513,2024-09-11,18-09-2024,16-09-2024,Delivered,ups,Southeast,98.8,799.25,5
TRK000004381,2023-05-25,2023-06-01,,delivered,ups,Southeast,448.54,234.58,27
TRK000004563,13-02-2023,18-02-2023,23-02-2023,DELIVERED,DHL,Midwest,492.32,820.98,1
TRK000000844,20240827,02-09-2024,05-09-2024,in transit,USPS,Southwest,356.88,754.34,15
TRK000000311,12/01/2024,2024-12-06,09-12-2024,DELIVERED,XPO,Southwest,558.02,535.77,42
TRK000003617,2024-03-29,02-04-2024,04/03/2024,Delivered,ups,Midwest,235.06,623.31,19
TRK000002276,22-05-2024,2024-05-24,05/28/2024,in transit,ups,Northeast,365.64,154.94,29
TRK000002348,02/02/2024,03-02-2024,,canceled,ups,Northeast,162.77,381.7,26
TRK000003225,20240715,20240720,24-07-2024,Delivered,ups,Northeast,38.68,460.65,24
TRK000003909,20240524,2024-05-26,2024-05-26,canceled,,Southeast,447.33,323.95,34
TRK000000902,09/26/2024,2024-09-29,28-09-2024,Cancelled,UPS,Southeast,120.33,434.72,6
TRK000003485,07/12/2023,07/18/2023,,Delayed,DHL,Northeast,435.64,281.37,46
TRK000001945,07-05-2023,2023-05-08,08-05-2023,Delivered,DHL,midwest,542.1,833.15,32
TRK000001250,06/08/2024,10-06-2024,2024-06-11,Delayed,fedex,Midwest,556.85,628.78,28
TRK000002818,2024-06-27,2024-06-29,20240630,Delayed,FEDEX,midwest,187.13,468.27,27
TRK000004227,19-12-2023,23-12-2023,12/27/2023,in transit,fedex,Northeast,460.58,739.15,20
TRK000001087,29-05-2024,06/03/2024,06/03/2024,DELIVERED,USPS,Northeast,196.83,216.11,5
TRK000000141,04/22/2024,04/27/2024,20240427,Delayed,XPO,Midwest,592.22,520.51,29
TRK000000293,20240211,2024-02-15,02/19/2024,Delivered,fedex,MIDWEST,284.11,652.3,14
TRK000003432,03/15/2023,20230321,03/22/2023,In Transit,DHL,MIDWEST,393.25,659.27,31
TRK000004441,20231030,2023-11-05,04-11-2023,delivered,,Southeast,86.26,268.39,39
TRK000000273,2024-01-27,30-01-2024,02/04/2024,Cancelled,fedex,midwest,146.58,315.11,18
TRK000001942,17-08-2024,08/21/2024,25-08-2024,delivered,UPS,West Coast,360.19,765.7,24
TRK000003682,20241229,20250103,2025-01-07,Delayed,FEDEX,Midwest,220.45,582.86,38
TRK000001666,07-06-2023,2023-06-11,06/12/2023,Cancelled,USPS,Midwest,96.95,437.89,12
TRK000003455,2023-08-23,30-08-2023,09/01/2023,in transit,XPO,West Coast,278.53,523.24,30
TRK000000784,27-04-2024,20240503,2024-05-05,Delivered,ups,MIDWEST,580.22,55.42,25
TRK000000281,05/23/2023,20230525,05/25/2023,late,USPS,West Coast,474.29,152.12,49
TRK000004508,26-03-2024,20240328,03/29/2024,Delivered,XPO,Southwest,241.13,558.89,26
TRK000003595,03-02-2023,06-02-2023,2023-02-07,In Transit,XPO,West Coast,395.04,130.33,28
TRK000000753,2023-12-26,20231227,2023-12-29,delivered,DHL,West Coast,426.48,204.12,15
TRK000000642,21-01-2024,24-01-2024,01/23/2024,In Transit,,West Coast,148.8,120.69,37
TRK000002560,20230722,20230723,20230727,canceled,fedex,Southwest,286.27,214.41,24
TRK000003051,2024-08-04,06-08-2024,08/10/2024,canceled,fedex,Midwest,576.0,111.12,42
TRK000001651,20240711,20240718,2024-07-22,DELIVERED,UPS,midwest,17.51,718.63,7
TRK000002000,03/18/2023,20230319,18-03-2023,late,XPO,West Coast,94.61,-334.17,5
TRK000000183,20230925,30-09-2023,20230929,Delivered,FEDEX,Southeast,503.71,52.16,43
TRK000000785,20240909,20240914,09/17/2024,in transit,UPS,Southwest,109.72,884.05,3
TRK000001806,08/21/2024,2024-08-27,25-08-2024,canceled,ups,midwest,232.79,730.82,37
TRK000000146,20240325,03/27/2024,03/30/2024,late,,Southwest,5.26,577.38,8
TRK000000979,20241128,2024-12-01,20241130,canceled,USPS,Southeast,244.37,758.51,36
TRK000004040,20241205,12/10/2024,14-12-2024,canceled,,Southwest,591.8,691.18,31
TRK000001422,20240828,08/31/2024,09/01/2024,late,fedex,Southwest,503.95,893.93,43
TRK000004635,20240310,20240317,20-03-2024,delivered,,Southwest,447.0,555.35,23
TRK000004101,12/29/2023,05-01-2024,2024-01-06,DELIVERED,,Northeast,266.17,283.81,11
TRK000003820,09/06/2024,12-09-2024,,DELIVERED,ups,Midwest,142.98,666.23,23
TRK000004995,10/14/2023,19-10-2023,20231017,Cancelled,DHL,Northeast,433.25,706.92,8
TRK000001970,2023-09-11,20230915,09/17/2023,late,XPO,Northeast,34.16,879.62,18
TRK000002666,31-03-2023,2023-04-03,,Delivered,XPO,midwest,443.12,797.92,10
TRK000000017,20240222,25-02-2024,20240301,delivered,XPO,MIDWEST,590.09,586.89,26
TRK000000020,20240318,24-03-2024,,In Transit,fedex,Southeast,357.19,235.65,4
TRK000000912,20241226,2025-01-02,01-01-2025,In Transit,fedex,Southwest,180.12,95.37,34
TRK000004557,2023-09-26,20231001,2023-10-06,delivered,DHL,Southeast,129.76,530.91,21
TRK000001064,02-04-2024,04/09/2024,20240411,Delivered,,Northeast,456.56,649.94,2
TRK000004857,02/18/2024,02/25/2024,20240228,In Transit,FEDEX,midwest,131.83,417.81,8
TRK000004112,2023-05-11,05/13/2023,05/15/2023,late,XPO,Southwest,561.17,359.33,29
TRK000003287,10-01-2023,2023-01-13,2023-01-11,in transit,ups,Southeast,25.46,465.89,3
TRK000003019,04/10/2024,15-04-2024,17-04-2024,late,DHL,Northeast,260.28,425.16,22
TRK000003500,2024-11-06,2024-11-09,11/07/2024,In Transit,fedex,midwest,271.56,787.78,33
TRK000000438,08-09-2023,15-09-2023,19-09-2023,delivered,FEDEX,Midwest,330.94,733.05,43
TRK000000003,09-08-2024,20240812,2024-08-13,DELIVERED,UPS,Northeast,254.57,70.36,40
TRK000000195,20230225,20230226,02/26/2023,Cancelled,USPS,Midwest,575.68,225.71,11
TRK000002143,2023-09-09,12-09-2023,16-09-2023,Delivered,UPS,midwest,108.82,349.73,30
TRK000004860,02-08-2023,2023-08-04,,Delivered,DHL,Southeast,77.69,174.07,6
TRK000001343,2024-11-11,16-11-2024,,canceled,USPS,midwest,75.54,83.13,45
TRK000001986,03-02-2023,20230208,20230206,late,fedex,Northeast,352.56,823.11,34
TRK000002133,2023-06-03,06/06/2023,20230609,Delayed,FEDEX,midwest,407.42,592.37,49
TRK000002671,06/11/2024,18-06-2024,,DELIVERED,FEDEX,MIDWEST,280.76,842.03,27
TRK000003694,2024-06-24,20240701,30-06-2024,delivered,UPS,Southeast,445.3,336.06,30
TRK000004443,2024-02-01,02-02-2024,2024-02-05,canceled,XPO,West Coast,82.6,62.66,17
TRK000004082,23-10-2023,27-10-2023,25-10-2023,Cancelled,ups,Southeast,516.7,251.73,33
TRK000004428,20240607,20240608,20240608,delivered,XPO,Southeast,345.08,614.44,12
TRK000004187,01/14/2024,20240117,20240116,Delivered,XPO,Midwest,296.58,157.26,46
TRK000003290,19-10-2023,2023-10-26,20231029,in transit,ups,Northeast,119.29,559.87,37
TRK000002098,12/16/2023,20231223,20231228,late,,Southeast,374.82,149.8,2
TRK000003966,20240120,23-01-2024,,Cancelled,USPS,midwest,38.59,181.63,19
TRK000001851,12-01-2024,13-01-2024,14-01-2024,canceled,UPS,Northeast,474.39,284.86,23
TRK000004162,12/31/2023,01/05/2024,08-01-2024,late,ups,MIDWEST,582.35,835.09,49
TRK000000762,20240229,2024-03-04,07-03-2024,Cancelled,,Midwest,284.72,694.83,24
TRK000004925,12/04/2023,20231210,20231213,Delivered,fedex,midwest,562.94,701.06,44
TRK000003178,2023-09-06,2023-09-13,,Delivered,,Southeast,223.71,627.97,49
TRK000003661,2024-07-19,2024-07-21,07/20/2024,Cancelled,USPS,MIDWEST,131.06,141.82,37
TRK000001341,2024-03-19,03/21/2024,19-03-2024,delivered,fedex,Southwest,312.32,11691.11,49
TRK000000192,02/27/2024,05-03-2024,2024-03-09,Delayed,USPS,Southeast,112.62,261.2,50
TRK000003018,02/19/2024,02/23/2024,20240225,in transit,UPS,Southwest,144.53,176.56,39
TRK000002496,20241028,2024-10-31,05-11-2024,delivered,USPS,Southwest,489.45,427.08,14
TRK000003107,08/05/2024,08/10/2024,11-08-2024,Delivered,ups,Northeast,376.34,128.07,38
TRK000002377,2023-01-12,2023-01-19,01/23/2023,Delayed,ups,West Coast,469.12,278.03,10
TRK000002254,09/06/2023,09/12/2023,20230912,canceled,UPS,midwest,162.64,276.35,25
TRK000002472,11/22/2024,2024-11-28,,delivered,,midwest,198.49,487.48,38
TRK000002936,20240130,20240205,2024-02-08,Delivered,,Southeast,203.06,624.41,48
TRK000002953,20230515,05/19/2023,05/24/2023,late,XPO,Midwest,221.22,603.91,7
TRK000000271,20230919,20230923,25-09-2023,late,USPS,MIDWEST,60.75,729.69,24
TRK000001863,2023-05-21,22-05-2023,20230521,DELIVERED,,MIDWEST,61.67,586.84,15
TRK000004324,20231121,20231128,20231126,Cancelled,USPS,Northeast,512.67,511.91,43
TRK000003648,2024-08-28,20240903,2024-09-05,Delivered,ups,Southeast,91.51,159.53,39
TRK000002881,20230325,30-03-2023,2023-04-04,DELIVERED,XPO,midwest,80.49,815.15,2
TRK000000002,12/21/2024,2024-12-23,27-12-2024,Delivered,,MIDWEST,290.9,131.33,47
TRK000003092,20240111,12-01-2024,16-01-2024,Cancelled,USPS,midwest,276.48,115.29,19
TRK000002096,2024-04-02,04/04/2024,20240404,in transit,fedex,Southwest,211.48,87.17,3
TRK000002437,06/29/2023,01-07-2023,20230630,DELIVERED,UPS,Southeast,203.68,818.68,27
TRK000001757,12-04-2024,2024-04-14,2024-04-15,Delivered,USPS,Southeast,542.15,394.41,44
TRK000003425,2024-03-23,2024-03-28,20240401,late,FEDEX,midwest,413.21,542.19,13
TRK000002764,04-07-2023,06-07-2023,07-07-2023,DELIVERED,,Midwest,522.65,538.2,27
TRK000003452,05-12-2023,12/09/2023,20231214,delivered,,Southwest,450.18,544.43,22
TRK000002410,2024-10-05,11-10-2024,10-10-2024,canceled,FEDEX,West Coast,20.63,537.51,21
TRK000004431,04/11/2023,04/12/2023,2023-04-13,DELIVERED,DHL,Southwest,425.49,291.77,24
TRK000003689,17-12-2024,12/20/2024,20241218,late,FEDEX,Midwest,384.23,52.46,10
TRK000004996,04/09/2023,04/16/2023,20230418,In Transit,USPS,Southwest,385.52,424.71,35
TRK000003957,01/19/2024,01/23/2024,2024-01-28,In Transit,FEDEX,Midwest,411.69,371.8,47
TRK000003081,01/07/2024,20240114,18-01-2024,late,FEDEX,Midwest,311.96,565.59,46
TRK000000100,21-09-2023,09/27/2023,01-10-2023,late,,Midwest,398.7,347.83,25
TRK000003844,01/13/2024,20240114,2024-01-18,Delayed,,Southwest,16.62,202.94,9
TRK000001398,2024-10-08,10/14/2024,20241013,Delivered,UPS,West Coast,389.96,153.09,38
TRK000003555,20231013,10/20/2023,2023-10-19,DELIVERED,USPS,midwest,481.56,605.63,43
TRK000004837,20241207,12/12/2024,2024-12-17,In Transit,fedex,West Coast,202.18,773.47,42
TRK000004851,02-11-2024,20241109,2024-11-13,Delayed,DHL,Northeast,23.11,310.02,8
TRK000002540,2023-07-29,20230801,06-08-2023,In Transit,USPS,Southwest,280.72,727.52,18
TRK000003351,20240621,25-06-2024,20240626,delivered,FEDEX,Southwest,271.22,358.64,16
TRK000002533,20240118,2024-01-25,01/28/2024,DELIVERED,,Northeast,464.04,606.41,6
TRK000004490,20240918,2024-09-20,,In Transit,FEDEX,West Coast,252.72,372.97,38
TRK000002118,2024-08-12,14-08-2024,20240815,canceled,fedex,Northeast,309.84,626.51,48
TRK000002900,03-05-2024,20240506,09-05-2024,late,UPS,West Coast,75.21,766.64,12
TRK000000692,07/25/2024,07/27/2024,2024-07-28,late,USPS,MIDWEST,276.59,296.83,28
TRK000002739,20231210,20231211,20231213,In Transit,UPS,Southwest,181.09,632.81,5
TRK000003920,09-05-2023,20230515,17-05-2023,Delivered,FEDEX,midwest,352.98,594.63,30
TRK000004114,11-06-2023,20230612,06/10/2023,delivered,,Northeast,120.48,673.11,7
TRK000004846,21-02-2024,02/26/2024,02-03-2024,delivered,,midwest,64.59,880.01,46
TRK000002999,03/11/2023,2023-03-12,2023-03-17,In Transit,DHL,midwest,315.22,712.59,5
TRK000002224,06/01/2024,06-06-2024,20240610,DELIVERED,DHL,Northeast,317.67,569.6,33
TRK000004412,20241011,2024-10-12,,In Transit,XPO,midwest,586.63,326.21,27
TRK000003588,10/21/2023,2023-10-28,10/28/2023,In Transit,,midwest,139.08,376.7,46
TRK000001983,2023-09-14,20230921,09/21/2023,delivered,fedex,Northeast,166.44,172.47,25
TRK000004543,03/05/2023,2023-03-12,2023-03-15,late,UPS,West Coast,597.13,758.22,23
TRK000000815,04/21/2023,04/25/2023,25-04-2023,In Transit,,Southwest,203.43,113.37,5
TRK000002439,28-01-2024,02-02-2024,,In Transit,FEDEX,Northeast,131.78,566.27,13
TRK000001630,20240321,25-03-2024,2024-03-23,late,FEDEX,MIDWEST,367.96,169.41,43
TRK000002428,01/18/2024,2024-01-24,2024-01-24,In Transit,XPO,MIDWEST,170.6,530.95,37
TRK000004020,19-08-2024,20240824,08/23/2024,In Transit,DHL,Southeast,512.98,296.66,27
TRK000000734,2023-11-26,11/28/2023,,Delivered,FEDEX,West Coast,541.4,152.6,42
TRK000002902,2023-11-06,11/12/2023,20231116,late,USPS,MIDWEST,196.84,392.76,39
TRK000004880,04/15/2023,2023-04-19,2023-04-21,In Transit,,Midwest,115.22,639.77,34
TRK000001301,19-11-2023,2023-11-21,11/24/2023,Delayed,DHL,MIDWEST,526.17,392.25,17
TRK000004661,02/09/2024,11-02-2024,02/16/2024,delivered,,Northeast,145.8,758.59,28
TRK000003287,03/27/2024,20240403,,in transit,USPS,MIDWEST,237.69,430.96,31
TRK000001497,06-11-2023,2023-11-07,2023-11-12,Cancelled,,midwest,131.98,463.78,3
TRK000002308,01/15/2024,22-01-2024,,late,fedex,midwest,584.8,634.73,23
TRK000003624,20231011,20231013,10/15/2023,canceled,DHL,Southeast,419.89,802.56,15
TRK000003667,07/22/2024,07/28/2024,,late,DHL,West Coast,390.9,518.63,34
TRK000003285,01/22/2023,2023-01-26,24-01-2023,Cancelled,fedex,Midwest,492.55,283.07,47
TRK000004181,2024-03-12,18-03-2024,2024-03-18,late,XPO,midwest,598.0,623.29,1
TRK000000006,22-05-2024,20240526,20240528,canceled,ups,Southwest,422.91,531.39,27
TRK000001192,09-05-2023,16-05-2023,,DELIVERED,,Southeast,449.2,514.81,11
TRK000004685,2024-01-15,20-01-2024,19-01-2024,In Transit,UPS,West Coast,248.67,216.72,43
TRK000004844,06-12-2024,2024-12-09,,Cancelled,ups,midwest,484.21,685.51,28
TRK000001947,20230823,08/27/2023,08/25/2023,Cancelled,FEDEX,Southeast,81.45,851.36,45
TRK000004134,05/13/2024,05/20/2024,2024-05-25,Delayed,DHL,West Coast,49.03,788.12,5
TRK000003816,2024-06-22,2024-06-29,06/30/2024,late,,MIDWEST,190.99,350.31,38
TRK000001797,2024-03-09,2024-03-11,20240316,Delayed,DHL,Northeast,33.25,807.48,28
TRK000002811,2023-12-09,12/16/2023,20231218,delivered,FEDEX,West Coast,571.15,622.33,46
TRK000001423,2023-04-05,2023-04-11,,late,FEDEX,Midwest,81.69,87.85,17
TRK000000570,08-03-2024,20240309,2024-03-14,Cancelled,USPS,MIDWEST,77.89,503.02,2
TRK000003543,20231014,16-10-2023,2023-10-21,Delivered,USPS,midwest,13.47,267.44,26
TRK000001056,20230102,03-01-2023,,Delayed,,Midwest,432.73,298.45,49
TRK000003412,2023-05-31,20230606,20230607,In Transit,fedex,MIDWEST,314.12,557.28,49
TRK000002405,20240906,13-09-2024,2024-09-18,Cancelled,fedex,West Coast,288.75,658.02,43
TRK000004632,20230320,03/22/2023,2023-03-21,delivered,USPS,Southeast,71.03,503.08,17
TRK000001803,11/23/2023,26-11-2023,2023-11-30,canceled,fedex,West Coast,539.4,839.98,2
TRK000001628,20240525,30-05-2024,01-06-2024,Cancelled,FEDEX,West Coast,64.52,668.73,35
TRK000002350,10/14/2024,10/17/2024,20241021,In Transit,XPO,MIDWEST,338.56,662.25,17
TRK000003640,2023-02-01,05-02-2023,02/08/2023,late,UPS,West Coast,394.38,770.32,12
TRK000002788,26-02-2023,04-03-2023,2023-03-07,late,DHL,midwest,563.5,630.08,34
TRK000000769,12/26/2024,2024-12-31,2025-01-05,Delivered,USPS,Southwest,468.0,447.79,44
TRK000002396,11/13/2024,14-11-2024,20241112,In Transit,FEDEX,MIDWEST,266.71,703.67,43
TRK000002931,20240518,20240523,2024-05-25,canceled,XPO,Southwest,155.01,130.56,18
TRK000000551,20230602,20230606,,In Transit,UPS,Midwest,483.32,298.49,8
TRK000001296,29-05-2024,06/02/2024,2024-05-31,late,UPS,Northeast,81.63,246.29,25
TRK000004574,2024-11-06,10-11-2024,11/15/2024,canceled,UPS,Midwest,481.88,608.68,29
TRK000000292,2024-10-01,2024-10-06,10/06/2024,Delivered,,Midwest,307.48,271.95,50
TRK000002629,2023-10-23,2023-10-25,,Delayed,ups,Southwest,220.96,121.18,6
TRK000004363,05/01/2024,02-05-2024,,in transit,DHL,midwest,409.9,280.54,19
TRK000001385,2023-01-30,06-02-2023,09-02-2023,In Transit,USPS,MIDWEST,40.81,228.49,38
TRK000001728,01/28/2023,2023-02-03,,Delivered,ups,Southeast,522.81,372.3,12
TRK000002314,19-03-2023,03/25/2023,25-03-2023,Delayed,DHL,Southeast,465.2,599.72,8
TRK000000507,05/07/2023,20230514,2023-05-17,canceled,XPO,Southeast,510.76,617.86,22
TRK000003947,2023-11-19,21-11-2023,24-11-2023,Delivered,,Northeast,479.64,505.02,9
TRK000000660,07/19/2023,2023-07-22,23-07-2023,Delivered,,midwest,298.01,751.66,3
TRK000001457,24-05-2024,30-05-2024,29-05-2024,Delayed,fedex,Southeast,109.32,548.02,46
TRK000002691,12/19/2024,2024-12-23,28-12-2024,in transit,ups,Southeast,484.23,265.15,4
TRK000000512,21-03-2024,03/22/2024,20240322,late,fedex,West Coast,137.49,381.65,36
TRK000000272,12/27/2023,02-01-2024,06-01-2024,DELIVERED,,MIDWEST,119.67,67.59,28
TRK000001774,14-02-2023,20230215,2023-02-13,late,DHL,West Coast,86.85,537.48,9
TRK000003198,01/05/2024,01/11/2024,10-01-2024,Delivered,ups,MIDWEST,495.31,650.66,48
TRK000000520,11/27/2024,20241203,05-12-2024,Delayed,XPO,MIDWEST,554.86,259.55,28
TRK000001136,03-04-2023,10-04-2023,20230412,canceled,XPO,Midwest,104.81,534.42,47
TRK000004005,2023-07-17,07/23/2023,,Delayed,USPS,midwest,87.89,653.19,44
TRK000001686,20231014,15-10-2023,2023-10-16,delivered,ups,Midwest,167.62,385.02,25
TRK000003270,11-12-2023,2023-12-17,12/16/2023,Delayed,FEDEX,West Coast,431.36,188.86,11
TRK000003859,20230208,20230212,20230214,delivered,USPS,Northeast,124.56,627.3,14
TRK000004614,11/22/2023,20231128,11/29/2023,In Transit,USPS,midwest,575.15,746.93,8
TRK000002827,12-02-2023,20230213,,in transit,XPO,midwest,555.94,51.2,22
TRK000001199,2023-08-10,08/17/2023,2023-08-20,canceled,UPS,Southwest,133.97,817.21,43
TRK000004486,08/04/2024,20240807,,Cancelled,DHL,Southeast,564.86,579.29,48
TRK000004519,2023-11-15,11/20/2023,20231120,canceled,,MIDWEST,12.1,631.71,39
TRK000001152,2023-03-02,06-03-2023,04-03-2023,Delayed,USPS,Northeast,358.13,526.66,42
TRK000003739,2024-12-17,20241220,18-12-2024,late,fedex,midwest,373.01,161.69,13
TRK000000244,21-06-2023,2023-06-23,,late,ups,Southeast,8.06,845.55,47
TRK000002197,20231014,15-10-2023,13-10-2023,canceled,fedex,Southeast,569.75,90.02,1
TRK000000847,08/24/2024,20240827,20240826,delivered,fedex,MIDWEST,236.61,308.11,29
TRK000002251,07/02/2023,07-07-2023,10-07-2023,Delivered,,MIDWEST,572.7,138.73,17
TRK000000680,02/15/2024,17-02-2024,,In Transit,XPO,Southwest,470.68,795.23,46
TRK000001754,22-01-2024,26-01-2024,20240124,delivered,ups,West Coast,46.15,425.38,49
TRK000001437,03/30/2023,20230331,04-04-2023,Cancelled,FEDEX,Southwest,284.15,439.07,5
TRK000000860,13-06-2023,06/16/2023,20230615,canceled,USPS,Midwest,162.97,416.49,1
TRK000003334,10/27/2023,20231028,10/29/2023,Delivered,fedex,midwest,582.49,380.63,50
TRK000002542,14-08-2023,20230820,20230820,Delayed,fedex,Midwest,93.43,449.18,16
TRK000001799,01/05/2023,06-01-2023,01/09/2023,DELIVERED,FEDEX,midwest,233.63,439.16,2
TRK000000357,2023-01-08,01/13/2023,2023-01-11,Cancelled,DHL,Southeast,44.83,794.14,16
TRK000004139,20241014,20241018,2024-10-19,late,XPO,midwest,27.06,156.26,3
TRK000004246,2023-01-26,30-01-2023,2023-02-03,late,,Southeast,535.15,134.42,19
TRK000004773,20230721,20230725,07/24/2023,In Transit,ups,Southeast,535.33,611.27,46
TRK000003310,05/16/2024,23-05-2024,20240521,delivered,ups,Midwest,165.16,678.2,32
TRK000002911,06/02/2024,05-06-2024,06/04/2024,In Transit,fedex,MIDWEST,97.46,263.09,14
TRK000004422,2024-12-31,01/02/2025,01/02/2025,Delivered,fedex,Southeast,431.31,154.27,33
TRK000000420,20230922,20230929,20231004,Delivered,XPO,Southeast,190.07,835.11,36
TRK000001742,20240826,20240902,20240901,in transit,XPO,Southeast,490.04,808.15,47
TRK000004656,19-03-2024,03/23/2024,20240325,delivered,,Southeast,528.4,458.56,12
TRK000001808,20230314,03/18/2023,20230320,DELIVERED,USPS,Southeast,444.5,537.24,10
TRK000000171,06/20/2023,20230621,24-06-2023,Delivered,fedex,Midwest,228.56,638.49,31
TRK000001503,2023-05-24,05/27/2023,2023-05-31,canceled,FEDEX,MIDWEST,114.76,221.84,37
TRK000003218,20230902,04-09-2023,03-09-2023,canceled,XPO,West Coast,194.71,142.22,34
TRK000003469,20240525,20240528,30-05-2024,DELIVERED,FEDEX,Southwest,424.8,352.16,34
TRK000000464,2023-08-05,08/08/2023,,DELIVERED,fedex,Southeast,581.36,435.11,28
TRK000002029,20240924,28-09-2024,2024-09-29,late,,MIDWEST,320.8,608.49,10
TRK000001874,20231201,12/07/2023,05-12-2023,in transit,FEDEX,West Coast,184.6,638.63,31
TRK000004331,07-03-2024,2024-03-13,20240314,late,XPO,Northeast,261.03,384.33,37
TRK000003383,2024-09-12,13-09-2024,,Delayed,fedex,midwest,6.41,796.07,35
TRK000000921,07-11-2024,11-11-2024,20241111,Delayed,FEDEX,midwest,183.54,155.57,47
TRK000003927,10/05/2023,10/09/2023,09-10-2023,Delivered,DHL,West Coast,94.24,80.3,13
TRK000000134,20230515,19-05-2023,,DELIVERED,UPS,midwest,357.58,254.49,34
TRK000001197,18-10-2023,2023-10-19,20231019,delivered,DHL,Southeast,9.68,102.1,48
TRK000003929,06-09-2024,08-09-2024,2024-09-09,delivered,,midwest,122.12,850.41,2
TRK000000127,09/26/2024,20240927,20240926,Cancelled,DHL,Southwest,262.26,618.88,22
TRK000004232,2023-09-21,25-09-2023,20230930,In Transit,,Northeast,545.57,158.18,27
TRK000000686,03/14/2024,20240315,2024-03-16,Delayed,USPS,Midwest,208.1,543.08,42
TRK000002493,11-04-2023,04/13/2023,14-04-2023,late,fedex,Southwest,114.18,591.1,46
TRK000003899,20240801,02-08-2024,07/31/2024,DELIVERED,FEDEX,Southeast,277.71,237.89,6
TRK000003127,20231022,29-10-2023,2023-10-28,Delivered,UPS,Midwest,430.57,408.21,17
TRK000002015,20230714,2023-07-18,19-07-2023,Delayed,USPS,Northeast,414.32,383.45,46
TRK000000914,01/08/2023,14-01-2023,,Delayed,fedex,Southwest,305.66,584.86,41
TRK000003069,03-06-2024,06/07/2024,2024-06-10,Delivered,DHL,Midwest,353.21,618.36,4
TRK000004361,12-11-2024,16-11-2024,20241116,DELIVERED,fedex,West Coast,248.5,340.79,31
TRK000003440,06/19/2023,06/24/2023,29-06-2023,in transit,ups,Southeast,389.46,606.09,49
TRK000000800,17-11-2024,2024-11-21,20241123,DELIVERED,ups,Southwest,123.2,847.53,49
TRK000000560,20230311,18-03-2023,21-03-2023,in transit,ups,Southeast,473.65,141.99,1
TRK000001985,20230212,19-02-2023,20-02-2023,Delayed,USPS,Midwest,6.21,649.54,11
TRK000000040,07/08/2023,20230710,07/12/2023,Cancelled,,Southwest,238.5,337.73,3
TRK000001471,2023-10-07,10/08/2023,20231012,Delayed,fedex,Northeast,354.61,310.85,10
TRK000003168,05/05/2023,06-05-2023,2023-05-07,In Transit,DHL,MIDWEST,593.56,357.45,43
TRK000003554,2023-11-09,20231114,11/14/2023,delivered,,midwest,299.8,523.44,30
TRK000002398,20241204,20241209,,delivered,XPO,MIDWEST,337.64,858.25,28
TRK000000767,01-12-2024,2024-12-08,,canceled,ups,Southeast,201.9,872.59,12
TRK000000575,12/09/2023,16-12-2023,20231216,Delayed,USPS,Southwest,147.78,535.23,20
TRK000002910,02/27/2024,03-03-2024,03-03-2024,in transit,fedex,Southwest,239.26,452.54,3
TRK000004801,20231228,12/29/2023,20231231,canceled,UPS,MIDWEST,313.54,559.57,31
TRK000000684,22-09-2024,2024-09-24,20240926,DELIVERED,DHL,Southwest,480.2,563.46,15
TRK000002930,2024-11-14,20241117,11/18/2024,delivered,DHL,Southwest,253.08,641.09,5
TRK000003934,2023-05-19,2023-05-25,05/26/2023,Delayed,DHL,midwest,17.65,469.87,25
TRK000001576,2023-08-09,08/10/2023,08/13/2023,in transit,,MIDWEST,456.16,6532.9,14
TRK000004051,2024-11-26,20241127,20241125,Delayed,UPS,Midwest,500.41,554.6,12
TRK000004096,2024-09-29,2024-10-02,2024-10-03,In Transit,,MIDWEST,349.52,133.03,49
TRK000004641,23-03-2023,03/27/2023,30-03-2023,Cancelled,USPS,midwest,518.46,766.46,50
TRK000003741,2024-05-07,20240508,2024-05-07,Delayed,FEDEX,Southwest,85.24,315.72,12
TRK000002481,02/03/2023,10-02-2023,2023-02-08,Delayed,UPS,midwest,123.73,579.76,8
TRK000002093,2024-01-25,01/31/2024,01/29/2024,DELIVERED,USPS,Northeast,427.13,368.46,25
TRK000003695,20230614,17-06-2023,,delivered,FEDEX,Northeast,317.95,788.6,48
TRK000004687,2023-08-09,2023-08-11,20230816,late,ups,midwest,497.77,627.69,35
TRK000000750,26-02-2024,03/03/2024,,in transit,DHL,Southwest,141.08,558.13,2
TRK000001308,2023-06-24,26-06-2023,,Delivered,,Southeast,475.37,537.37,5
TRK000001251,14-09-2024,19-09-2024,09/18/2024,canceled,,Southeast,248.3,101.55,32
TRK000000978,04/02/2024,2024-04-03,20240408,in transit,UPS,Southeast,396.27,478.58,3
TRK000003872,20231214,12/19/2023,12/22/2023,canceled,USPS,Northeast,339.26,9975.51,8
TRK000003886,07-12-2024,2024-12-12,20241212,Cancelled,FEDEX,midwest,230.63,59.25,2
TRK000003059,20230316,21-03-2023,20230324,In Transit,FEDEX,MIDWEST,54.14,75.05,4
TRK000003685,2024-11-15,11/19/2024,22-11-2024,Delivered,ups,Southwest,443.23,848.29,39
TRK000004295,2023-01-26,2023-01-29,28-01-2023,DELIVERED,FEDEX,MIDWEST,244.72,849.03,45
TRK000003737,2024-02-16,20240220,2024-02-19,Delayed,ups,midwest,57.64,546.8,28
TRK000002293,11/10/2023,11/13/2023,,canceled,UPS,Midwest,151.7,814.57,23
TRK000004615,2023-08-24,27-08-2023,08/27/2023,canceled,DHL,Southeast,314.96,424.36,36
TRK000004832,30-04-2024,20240507,2024-05-12,Delayed,DHL,MIDWEST,540.78,198.45,2
TRK000003843,19-09-2024,21-09-2024,25-09-2024,Delayed,XPO,MIDWEST,273.49,616.08,38
TRK000001608,20240724,20240726,20240730,Delayed,FEDEX,midwest,582.76,726.65,31
TRK000001592,2023-09-12,2023-09-15,20230916,in transit,ups,Northeast,148.26,755.87,50
TRK000001284,20230302,03/03/2023,20230303,Delayed,,midwest,521.38,128.09,36
TRK000002005,2024-03-05,07-03-2024,03/08/2024,delivered,,midwest,175.0,359.77,10
TRK000001075,28-03-2023,03/29/2023,,In Transit,,MIDWEST,332.97,338.6,46
TRK000003788,2023-11-03,2023-11-05,20231107,delivered,FEDEX,midwest,295.18,371.78,40
TRK000003415,20230627,06/30/2023,02-07-2023,Cancelled,fedex,MIDWEST,544.54,201.33,40
TRK000000808,24-06-2024,28-06-2024,2024-06-27,canceled,,Northeast,514.12,356.11,31
TRK000001336,08/05/2024,2024-08-07,2024-08-08,canceled,USPS,Midwest,85.05,91.41,26
TRK000003054,20231104,2023-11-06,20231110,in transit,FEDEX,MIDWEST,446.32,848.8,25
TRK000003379,2023-04-27,05/03/2023,,In Transit,fedex,West Coast,547.8,737.65,39
TRK000004946,17-12-2024,2024-12-23,,In Transit,XPO,Midwest,540.33,337.44,21
TRK000000257,20230103,01/05/2023,20230106,canceled,UPS,Northeast,383.68,119.19,8
TRK000001141,20230626,20230627,20230626,late,USPS,West Coast,525.18,274.63,11
TRK000004913,20230203,02/04/2023,20230206,Delayed,,Northeast,423.63,122.06,35
TRK000000880,09-03-2024,20240310,13-03-2024,late,,MIDWEST,262.65,541.99,49
TRK000000019,05/16/2024,20240522,20240522,in transit,fedex,Midwest,281.96,554.08,47
TRK000004795,02-10-2024,10/03/2024,,Delivered,FEDEX,Northeast,205.26,548.64,28
TRK000001760,2023-01-27,20230203,,Cancelled,ups,Southeast,185.05,352.23,30
TRK000003104,02/07/2024,20240208,02/11/2024,Delayed,FEDEX,Southwest,187.17,768.47,42
TRK000003787,10/20/2023,21-10-2023,20231021,DELIVERED,,Northeast,202.48,776.41,18
TRK000000120,20241018,20-10-2024,25-10-2024,late,fedex,Northeast,292.02,699.22,17
TRK000002288,27-07-2024,03-08-2024,20240806,late,USPS,midwest,355.95,668.31,41
TRK000001771,20230222,23-02-2023,02/26/2023,Cancelled,USPS,midwest,374.88,706.93,32
TRK000003251,20230918,2023-09-24,2023-09-22,canceled,,Southeast,456.01,170.88,22
TRK000000756,07-08-2024,08/13/2024,,canceled,,Southeast,42.45,159.57,13
TRK000003876,11/22/2024,20241127,12/01/2024,Delivered,ups,Southeast,36.67,649.62,23
TRK000004421,05/25/2023,20230526,05/27/2023,canceled,fedex,Northeast,390.77,223.82,23
TRK000001893,20240909,2024-09-16,09/17/2024,Cancelled,FEDEX,midwest,443.05,637.81,44
TRK000004979,20230825,2023-08-26,08/29/2023,Delivered,DHL,MIDWEST,363.33,298.09,13
TRK000001356,20230331,20230402,20230331,late,DHL,midwest,278.8,671.49,16
TRK000004829,2024-03-02,05-03-2024,10-03-2024,Cancelled,UPS,Southeast,463.14,370.85,47
TRK000000715,2023-04-24,04/25/2023,04/25/2023,Cancelled,DHL,Northeast,392.03,374.55,6
TRK000003570,07/30/2023,20230802,01-08-2023,Delivered,UPS,Southwest,84.03,314.63,28
TRK000001000,20230115,20230119,01/18/2023,In Transit,XPO,Southwest,575.55,321.85,36
TRK000003696,09/08/2023,14-09-2023,2023-09-14,in transit,fedex,West Coast,196.99,435.19,31
TRK000004955,06/22/2023,20230625,20230623,In Transit,,Northeast,225.17,184.03,12
TRK000004033,03-07-2024,2024-07-06,20240705,DELIVERED,XPO,West Coast,349.84,552.98,48
TRK000000093,24-12-2024,12/30/2024,01/02/2025,Delivered,XPO,Midwest,155.44,760.78,24
TRK000004580,20230623,20230626,30-06-2023,Delivered,UPS,Midwest,536.08,471.19,20
TRK000000184,01/20/2024,2024-01-24,2024-01-25,delivered,,MIDWEST,46.95,409.99,31
TRK000001230,2024-12-29,12/30/2024,04-01-2025,Delivered,DHL,MIDWEST,292.91,255.12,40
TRK000003681,11-05-2023,05/18/2023,05/17/2023,Delayed,USPS,midwest,337.37,377.54,26
TRK000002616,20240516,2024-05-22,25-05-2024,DELIVERED,ups,MIDWEST,281.39,832.36,45
TRK000001854,11/29/2023,20231202,12/06/2023,in transit,XPO,Southeast,244.99,118.81,1
TRK000003321,16-12-2023,20231221,12/24/2023,Delayed,FEDEX,Northeast,157.22,151.51,24
TRK000000400,20230318,20230323,,delivered,FEDEX,West Coast,503.86,385.69,45
TRK000001951,2024-02-02,20240207,02/09/2024,Delivered,ups,Southeast,98.06,496.76,41
TRK000003536,2023-02-22,20230225,01-03-2023,Delayed,,Northeast,3.59,535.1,8
TRK000004355,20230518,05/22/2023,20230520,Delivered,FEDEX,midwest,314.98,144.01,43
TRK000002316,20231221,20231223,12/21/2023,DELIVERED,ups,Southwest,273.41,407.05,26
TRK000000848,09/27/2024,20241003,10/05/2024,Delivered,UPS,Northeast,451.69,7979.69,20
TRK000001866,06/20/2024,22-06-2024,20240624,In Transit,,Midwest,334.52,785.14,45
TRK000001406,20230604,06/05/2023,2023-06-03,canceled,,Southeast,120.72,633.72,42
TRK000001278,2024-11-11,11/18/2024,,in transit,FEDEX,Southwest,231.58,137.53,15
TRK000001427,06-02-2024,12-02-2024,14-02-2024,Delivered,USPS,Northeast,121.43,458.14,44
TRK000002170,20240518,23-05-2024,,Cancelled,UPS,Southeast,380.13,197.08,13
TRK000000476,20241113,19-11-2024,,in transit,USPS,Southwest,498.45,220.74,38
TRK000004712,20241008,2024-10-11,,late,,midwest,41.17,735.3,45
TRK000003210,02/12/2024,02/15/2024,2024-02-17,In Transit,USPS,Southeast,73.36,726.16,38
TRK000003356,20240423,20240427,29-04-2024,Delayed,ups,West Coast,541.43,538.19,11
TRK000000429,2023-05-18,05/24/2023,28-05-2023,canceled,XPO,midwest,158.86,142.24,50
TRK000004596,2023-10-31,11/02/2023,20231104,DELIVERED,ups,MIDWEST,204.62,679.3,50
TRK000004537,02/04/2023,02/10/2023,09-02-2023,Cancelled,fedex,Southwest,484.43,642.82,8
TRK000003447,20240816,2024-08-23,20240823,canceled,,Midwest,597.15,591.55,29
TRK000003749,2023-05-20,2023-05-21,05/19/2023,Delivered,DHL,midwest,547.86,817.02,40
TRK000003903,03/13/2024,17-03-2024,21-03-2024,canceled,DHL,Northeast,592.17,881.73,25
TRK000002579,06-01-2024,20240110,15-01-2024,Cancelled,,West Coast,245.41,594.51,31
TRK000001603,04-02-2023,07-02-2023,20230212,canceled,UPS,MIDWEST,320.08,221.04,48
TRK000001533,04-09-2023,09/10/2023,2023-09-13,Delayed,UPS,West Coast,480.68,489.86,28
TRK000001826,05-03-2024,2024-03-07,2024-03-12,delivered,,Southwest,74.17,710.75,21
TRK000002608,2024-09-14,20240921,09/19/2024,canceled,UPS,West Coast,562.97,84.75,17
TRK000004878,02/06/2024,2024-02-10,11-02-2024,In Transit,ups,Northeast,65.28,586.18,34
TRK000004287,11/22/2023,27-11-2023,11/26/2023,DELIVERED,UPS,MIDWEST,41.59,495.12,6
TRK000004611,08/19/2024,25-08-2024,,In Transit,UPS,midwest,109.68,692.34,37
TRK000001060,20240404,20240409,20240407,in transit,DHL,midwest,258.69,669.39,41
TRK000002872,02/01/2024,20240208,02/11/2024,canceled,,Southwest,172.78,811.83,43
TRK000000044,20241217,2024-12-23,12/22/2024,in transit,DHL,midwest,229.75,483.95,33
TRK000003862,2023-06-20,2023-06-21,20230624,canceled,FEDEX,Southwest,34.83,843.39,29
TRK000004971,04/04/2024,2024-04-08,04/13/2024,canceled,USPS,Southwest,192.43,110.75,29
TRK000002385,20231004,20231005,2023-10-05,Delayed,UPS,Southeast,456.01,252.49,31
TRK000001637,20241109,20241111,14-11-2024,DELIVERED,ups,Midwest,416.94,688.05,20
TRK000004243,11/20/2023,22-11-2023,11/22/2023,in transit,XPO,MIDWEST,506.34,352.13,39
TRK000000682,20240810,20240811,08/14/2024,Cancelled,FEDEX,West Coast,518.9,856.04,5
TRK000001455,2023-11-24,11/28/2023,12/02/2023,In Transit,ups,midwest,350.15,470.28,17
TRK000003936,20-03-2024,23-03-2024,20240323,Cancelled,UPS,MIDWEST,145.39,695.49,14
TRK000002873,07-07-2024,2024-07-12,14-07-2024,DELIVERED,,MIDWEST,282.83,580.12,34
TRK000000349,10/15/2024,20241017,2024-10-15,in transit,XPO,Midwest,399.39,750.3,48
TRK000002200,11/18/2024,11/22/2024,20241126,Delivered,fedex,Northeast,411.03,543.0,23
TRK000002766,10/29/2024,2024-11-01,11/06/2024,Delayed,FEDEX,MIDWEST,343.57,689.28,18
TRK000000151,20230403,04/10/2023,10-04-2023,Cancelled,UPS,MIDWEST,348.28,843.19,47
TRK000002227,04/08/2023,2023-04-13,16-04-2023,Delivered,USPS,Midwest,534.43,362.85,23
TRK000001714,16-02-2024,2024-02-18,,delivered,fedex,Southwest,348.16,818.89,49
TRK000002076,2024-07-13,07/17/2024,07/16/2024,DELIVERED,ups,Midwest,315.18,412.64,12
TRK000004370,07/06/2024,07/10/2024,2024-07-13,Delayed,fedex,midwest,217.54,378.04,29
TRK000003037,20230701,07/06/2023,07/08/2023,Delivered,ups,midwest,332.91,385.8,25
TRK000002598,20230212,13-02-2023,2023-02-17,canceled,DHL,midwest,486.15,872.33,43
TRK000001840,2024-05-26,05/29/2024,2024-05-28,Delivered,DHL,MIDWEST,570.5,418.14,7
TRK000003217,02-02-2024,06-02-2024,2024-02-10,delivered,XPO,midwest,2.59,416.8,41
TRK000003181,06-12-2023,20231210,2023-12-14,Delivered,FEDEX,Southwest,438.94,179.42,50
TRK000003508,2024-02-29,2024-03-06,,late,UPS,Southeast,367.88,610.85,22
TRK000004510,24-07-2023,2023-07-29,2023-07-28,in transit,USPS,Southwest,376.27,822.66,35
TRK000004344,2024-07-11,07/14/2024,19-07-2024,Delayed,FEDEX,Northeast,464.74,792.59,37
TRK000001464,2023-07-19,20230722,07/24/2023,canceled,FEDEX,Southeast,15.36,770.07,16
TRK000003176,2024-11-08,14-11-2024,,canceled,ups,Southeast,141.16,344.15,15
TRK000000571,2024-11-03,11/05/2024,11/10/2024,delivered,,midwest,455.3,699.37,12
TRK000002497,06/10/2023,2023-06-11,11-06-2023,Delayed,,Midwest,507.0,481.5,26
TRK000001676,14-07-2024,2024-07-15,,late,,MIDWEST,137.56,743.04,46
TRK000000284,05/20/2023,23-05-2023,2023-05-22,Delayed,DHL,Southwest,151.11,246.93,26
TRK000003574,20230605,12-06-2023,13-06-2023,Cancelled,DHL,West Coast,350.84,479.95,18
TRK000001796,08-06-2023,2023-06-15,18-06-2023,canceled,UPS,Southwest,393.56,676.77,9
TRK000000859,20240827,2024-09-02,,DELIVERED,XPO,West Coast,17.61,321.42,21
TRK000001891,01-05-2023,06-05-2023,,late,UPS,West Coast,414.83,229.69,37
TRK000000111,20-04-2023,26-04-2023,,in transit,,West Coast,408.08,156.14,33
TRK000002254,05-12-2024,20241208,20241212,in transit,fedex,Midwest,266.05,330.12,15
TRK000000737,2024-02-08,2024-02-12,02/14/2024,in transit,,West Coast,356.93,773.52,33
TRK000003150,10/16/2024,10/18/2024,18-10-2024,In Transit,,Southwest,11.91,721.94,26
TRK000000819,14-09-2024,2024-09-21,09/26/2024,In Transit,ups,Southwest,118.58,878.13,31
TRK000003942,20240619,20-06-2024,06/20/2024,canceled,,Northeast,453.76,272.38,15
TRK000001496,12-01-2023,01/14/2023,01/17/2023,canceled,ups,midwest,281.33,254.28,16
TRK000002662,25-10-2023,31-10-2023,20231030,Cancelled,XPO,MIDWEST,521.79,121.47,29
TRK000004064,20240419,20-04-2024,20240418,late,XPO,Northeast,366.15,539.54,7
TRK000004090,2023-02-02,2023-02-08,2023-02-10,delivered,ups,midwest,66.59,68.05,44
TRK000001335,20240523,20240526,2024-05-28,in transit,USPS,West Coast,353.33,806.85,25
TRK000002960,24-11-2023,20231129,20231130,late,UPS,Midwest,564.59,398.65,25
TRK000003273,20231202,09-12-2023,12/09/2023,delivered,FEDEX,West Coast,573.21,516.83,38
TRK000003481,07-03-2023,12-03-2023,03/10/2023,late,,MIDWEST,136.92,592.45,46
TRK000004463,2023-10-12,20231014,2023-10-18,in transit,ups,midwest,373.73,222.72,17
TRK000004541,20230919,24-09-2023,20230923,Delivered,,Northeast,143.83,-280.34,8
TRK000000728,02/22/2023,02/28/2023,26-02-2023,delivered,ups,Northeast,272.62,427.85,14
TRK000004500,20231001,10/04/2023,20231009,in transit,,MIDWEST,494.58,539.36,21
TRK000004726,20231010,2023-10-14,2023-10-17,DELIVERED,DHL,Northeast,584.38,482.42,48
TRK000004341,12/13/2024,20241215,2024-12-13,In Transit,FEDEX,Southwest,174.4,726.68,15
TRK000003249,2024-12-18,20241219,20241219,late,XPO,Southwest,211.92,347.67,31
TRK000002606,20230101,01/05/2023,,DELIVERED,fedex,Midwest,246.85,182.39,49
TRK000000558,2023-10-30,20231101,20231106,late,XPO,Southwest,82.16,183.69,11
TRK000002864,24-03-2024,25-03-2024,,in transit,DHL,Southeast,531.59,345.58,9
TRK000001372,2023-12-10,12/14/2023,,in transit,USPS,West Coast,13.84,290.35,45
TRK000001804,2023-04-21,20230424,04/27/2023,In Transit,FEDEX,midwest,81.9,77.89,50
TRK000001350,19-11-2024,11/20/2024,11/24/2024,delivered,XPO,Northeast,376.7,376.3,42
TRK000002353,20230427,2023-05-03,05-05-2023,canceled,ups,Midwest,144.62,238.07,34
TRK000001361,02-02-2023,05-02-2023,02/05/2023,in transit,ups,Midwest,189.87,148.38,2
TRK000004482,27-03-2024,2024-03-28,20240331,canceled,USPS,Southwest,533.8,615.76,18
TRK000002462,24-10-2023,20231025,,Delayed,ups,midwest,240.1,212.31,21
TRK000001248,20240317,18-03-2024,,In Transit,,midwest,351.43,600.93,31
TRK000002767,17-06-2024,20-06-2024,2024-06-21,In Transit,DHL,West Coast,596.16,106.88,28
TRK000003068,2024-12-05,07-12-2024,,Delayed,XPO,MIDWEST,482.91,847.23,28
TRK000004452,2023-12-10,2023-12-12,2023-12-12,delivered,,West Coast,414.9,158.38,11
TRK000000801,19-08-2024,2024-08-25,08/27/2024,in transit,XPO,West Coast,66.87,87.03,49
TRK000002597,2024-09-07,2024-09-09,,delivered,UPS,Midwest,116.36,62.07,19
TRK000001011,12/30/2024,06-01-2025,,canceled,UPS,MIDWEST,494.34,894.87,28
TRK000003562,20240828,02-09-2024,,in transit,FEDEX,Midwest,533.94,206.72,41
TRK000001480,2023-03-18,03/20/2023,22-03-2023,canceled,XPO,midwest,114.9,819.86,50
TRK000002508,12-06-2023,2023-06-13,06/15/2023,in transit,XPO,Midwest,517.33,578.61,10
TRK000002918,2023-01-01,20230103,20230105,DELIVERED,,Southwest,510.52,683.32,33
TRK000002993,20241008,09-10-2024,2024-10-11,in transit,XPO,Southeast,211.67,882.98,34
TRK000001725,01/30/2024,01-02-2024,20240204,in transit,,Southeast,57.32,211.53,12
TRK000001131,20240228,2024-02-29,2024-03-03,DELIVERED,XPO,midwest,302.9,742.53,37
TRK000001781,20230909,12-09-2023,2023-09-10,Delayed,XPO,Midwest,260.59,490.37,25
TRK000000685,20240117,01/21/2024,01/21/2024,Cancelled,USPS,Southwest,323.78,364.89,6
TRK000000260,20230628,2023-07-02,07/04/2023,Delayed,,West Coast,11.63,154.35,30
TRK000003007,20240524,25-05-2024,23-05-2024,late,UPS,Northeast,466.39,407.42,43
TRK000002020,08/07/2023,08/10/2023,,Cancelled,,MIDWEST,420.43,798.18,34
TRK000003625,20240317,24-03-2024,20240328,late,ups,MIDWEST,381.22,871.38,49
TRK000003503,02/22/2023,20230228,02/27/2023,in transit,DHL,Midwest,475.62,-612.59,42
TRK000001102,13-07-2024,07/17/2024,07/22/2024,DELIVERED,DHL,Northeast,355.29,717.97,40
TRK000003338,13-05-2023,15-05-2023,20230518,DELIVERED,USPS,Midwest,99.75,802.31,7
TRK000004206,2024-11-05,11/12/2024,20241115,Cancelled,XPO,West Coast,138.95,208.7,26
TRK000003147,12/29/2024,05-01-2025,07-01-2025,late,XPO,midwest,285.41,199.89,25
TRK000004813,2024-08-13,08/19/2024,20-08-2024,delivered,USPS,Southwest,49.65,630.1,27
TRK000002135,2024-12-30,20250105,01/10/2025,in transit,fedex,MIDWEST,551.79,553.24,15
TRK000003799,2024-08-10,2024-08-13,15-08-2024,late,USPS,Northeast,138.56,713.23,41
TRK000004184,12/07/2023,20231213,,DELIVERED,ups,Southeast,459.71,575.96,37
TRK000000347,2024-09-29,2024-10-03,2024-10-02,In Transit,,MIDWEST,154.06,651.8,33
TRK000001589,2024-02-22,28-02-2024,2024-02-26,in transit,,Southwest,59.79,385.85,45
TRK000004734,17-11-2024,11/24/2024,,Delayed,fedex,Southwest,514.83,7651.69,42
TRK000001196,10/28/2023,2023-11-03,07-11-2023,In Transit,XPO,Southwest,75.45,410.01,30
TRK000000051,20230609,20230615,15-06-2023,late,DHL,MIDWEST,290.95,604.65,29
TRK000004566,08/06/2023,2023-08-09,2023-08-09,delivered,fedex,MIDWEST,388.59,379.8,29
TRK000003969,2024-09-05,20240906,2024-09-11,Delivered,USPS,Southwest,505.58,825.59,26
TRK000004074,02/07/2024,13-02-2024,02/18/2024,DELIVERED,FEDEX,Southwest,254.49,757.65,43
TRK000003764,08-09-2023,15-09-2023,20230913,in transit,,Southwest,124.92,235.32,47
TRK000001450,11-01-2023,20230115,20230114,delivered,DHL,MIDWEST,249.7,684.2,44
TRK000000368,03/15/2023,2023-03-17,20230316,Delayed,DHL,midwest,577.28,271.26,29
TRK000003240,08-12-2023,20231212,20231214,Cancelled,,Midwest,37.94,239.52,26
TRK000004988,2023-07-25,20230729,,canceled,FEDEX,Southwest,522.21,836.74,46
TRK000001672,20241025,10/26/2024,20241025,DELIVERED,DHL,Northeast,290.16,126.85,41
TRK000003943,17-06-2023,24-06-2023,27-06-2023,canceled,fedex,West Coast,351.28,543.63,50
TRK000002273,02/07/2023,20230211,,Delivered,FEDEX,Midwest,394.46,204.82,37
TRK000003114,11-09-2023,20230913,2023-09-12,Delayed,DHL,Midwest,150.58,230.32,49
TRK000003608,07/12/2024,19-07-2024,2024-07-18,DELIVERED,FEDEX,midwest,248.79,355.75,6
TRK000003911,04/29/2024,03-05-2024,20240506,Delivered,,midwest,593.0,335.6,28
TRK000003473,07/19/2023,07/20/2023,20-07-2023,Delayed,USPS,West Coast,512.46,702.61,34
TRK000004775,09/19/2024,20240923,,canceled,ups,MIDWEST,186.57,667.27,48
TRK000000543,2024-05-25,2024-05-28,31-05-2024,Delivered,DHL,West Coast,328.25,322.82,35
TRK000000419,2024-05-06,09-05-2024,2024-05-11,In Transit,,Midwest,337.65,746.0,42
TRK000001105,07/23/2024,20240729,20240803,in transit,fedex,Northeast,498.22,555.36,41
TRK000001475,20231030,11/03/2023,11/04/2023,late,fedex,West Coast,536.6,845.62,10
TRK000001822,06/09/2023,06/16/2023,20230620,delivered,FEDEX,Northeast,330.1,831.9,41
TRK000002698,2024-05-25,27-05-2024,20240530,Delayed,,midwest,250.61,92.74,40
TRK000002854,20240504,20240511,2024-05-15,canceled,fedex,midwest,445.15,189.27,21
TRK000000375,17-08-2024,08/18/2024,20240817,canceled,DHL,West Coast,210.69,423.22,29
TRK000000437,03-11-2023,08-11-2023,11-11-2023,in transit,DHL,Midwest,551.37,817.68,16
TRK000003468,2024-08-01,08/04/2024,08/09/2024,canceled,fedex,Southeast,309.61,263.33,29
TRK000004399,20240114,01/18/2024,01/17/2024,Delayed,fedex,midwest,357.19,717.63,41
TRK000001596,30-01-2023,31-01-2023,2023-01-29,DELIVERED,DHL,MIDWEST,340.8,321.74,37
TRK000002354,08/18/2023,08/21/2023,08/21/2023,Cancelled,fedex,Midwest,465.09,296.88,49
TRK000004488,2024-02-21,20240224,02/27/2024,canceled,fedex,Northeast,438.41,795.69,8
TRK000003167,08/31/2024,20240904,09/09/2024,late,fedex,midwest,563.73,526.12,16
TRK000001098,20230218,20230223,2023-02-28,late,DHL,MIDWEST,342.06,236.57,32
TRK000004646,30-05-2024,2024-06-06,20240609,Delayed,XPO,West Coast,240.44,879.67,40
TRK000004214,01/28/2023,20230203,,canceled,USPS,Northeast,208.03,839.72,25
TRK000003497,20230901,02-09-2023,09/04/2023,canceled,FEDEX,midwest,462.62,620.1,47
TRK000004481,28-03-2024,2024-03-30,20240402,DELIVERED,fedex,MIDWEST,189.94,520.57,13
TRK000000352,12/08/2024,13-12-2024,2024-12-16,late,fedex,MIDWEST,419.23,216.43,2
TRK000001557,24-12-2023,20231225,12/23/2023,canceled,USPS,Southwest,469.05,397.43,12
TRK000000761,05/10/2024,17-05-2024,2024-05-20,Cancelled,USPS,Southwest,62.95,240.74,16
TRK000004073,03-01-2023,01/10/2023,20230111,canceled,,Midwest,254.61,531.4,11
TRK000001538,23-07-2023,28-07-2023,20230731,Cancelled,fedex,MIDWEST,548.49,616.7,21
TRK000004558,10/25/2023,26-10-2023,2023-10-29,delivered,fedex,Midwest,108.12,851.93,45
TRK000001458,06/29/2024,07/05/2024,04-07-2024,late,,West Coast,175.88,71.92,24
TRK000004924,2024-04-28,04-05-2024,,Delivered,UPS,midwest,280.68,497.44,49
TRK000004466,07-11-2023,20231112,20231116,In Transit,FEDEX,Northeast,389.09,372.13,2
TRK000003747,2024-12-22,12/25/2024,12/28/2024,late,,Midwest,244.28,88.28,37
TRK000003389,29-09-2024,2024-10-05,,Cancelled,DHL,midwest,393.59,603.19,14
TRK000004144,07/29/2024,07/31/2024,05-08-2024,In Transit,FEDEX,midwest,458.14,169.09,19
TRK000001337,10/20/2024,2024-10-26,2024-10-28,Delivered,ups,Southeast,214.82,599.87,38
TRK000002537,12/28/2024,02-01-2025,,In Transit,ups,Southeast,7.14,646.25,37
TRK000001396,2024-01-21,2024-01-22,20240120,in transit,FEDEX,West Coast,546.71,529.93,7
TRK000000312,2023-08-17,20230818,20-08-2023,DELIVERED,FEDEX,Southeast,556.56,372.77,25
TRK000000951,20230607,20230610,06/09/2023,Delayed,USPS,midwest,453.79,181.57,38
TRK000001791,12/30/2023,01/03/2024,2024-01-05,DELIVERED,fedex,midwest,298.13,465.04,28
TRK000000401,07-02-2023,2023-02-10,09-02-2023,delivered,FEDEX,midwest,63.77,275.3,12
TRK000000220,16-03-2024,19-03-2024,22-03-2024,In Transit,ups,MIDWEST,404.23,629.86,37
TRK000001417,04/28/2023,05/05/2023,20230510,Cancelled,ups,West Coast,235.91,524.05,21
TRK000004455,18-06-2023,21-06-2023,2023-06-26,Delayed,FEDEX,Southwest,416.58,13016.48,13
TRK000000322,20231227,12/29/2023,2024-01-01,Cancelled,USPS,West Coast,154.24,350.24,8
TRK000003949,20241205,08-12-2024,2024-12-06,DELIVERED,,Southwest,541.67,539.29,33
TRK000001573,20241015,2024-10-16,10/18/2024,in transit,UPS,Northeast,124.11,600.15,3
TRK000001359,20241209,12/15/2024,20241216,Cancelled,DHL,Northeast,93.64,465.41,27
TRK000002215,09-05-2023,20230513,20230517,late,FEDEX,midwest,177.24,423.12,44
TRK000001594,20230604,20230609,10-06-2023,Delivered,fedex,MIDWEST,198.87,719.26,26
TRK000003203,10/26/2024,2024-10-30,20241031,late,FEDEX,West Coast,9.87,698.77,16
TRK000000985,2023-11-06,20231107,20231108,delivered,FEDEX,West Coast,490.86,211.0,11
TRK000004432,2023-09-13,2023-09-17,,DELIVERED,,Southeast,465.16,99.57,43
TRK000003136,2023-09-04,2023-09-09,20230908,in transit,,Midwest,300.56,355.56,12
TRK000003002,30-08-2023,20230905,09/03/2023,Delayed,USPS,Southeast,63.75,296.25,36
TRK000000316,20241214,12/16/2024,2024-12-20,Delivered,DHL,West Coast,174.17,867.42,5
TRK000003559,20231127,04-12-2023,12/09/2023,in transit,,West Coast,238.0,834.74,24
TRK000004131,2023-02-20,20230225,02/24/2023,late,USPS,Northeast,33.3,698.38,44
TRK000004962,2024-04-09,10-04-2024,20240411,Delayed,,Southwest,477.86,541.78,31
TRK000002463,01/08/2023,2023-01-14,01/16/2023,Delayed,fedex,Southwest,137.82,468.57,8
TRK000001289,05-12-2023,07-12-2023,2023-12-08,In Transit,USPS,Southeast,356.0,196.98,44
TRK000004435,20230912,17-09-2023,19-09-2023,delivered,FEDEX,Southwest,328.1,465.91,4
TRK000000135,05/01/2024,20240508,08-05-2024,DELIVERED,ups,MIDWEST,390.09,675.98,42
TRK000003160,20230118,20230121,2023-01-24,Delivered,UPS,MIDWEST,113.78,512.53,29
TRK000002895,05/29/2023,05/30/2023,2023-05-29,DELIVERED,UPS,MIDWEST,252.95,724.56,27
TRK000002989,09/28/2023,29-09-2023,,Delayed,DHL,Midwest,509.68,120.89,28
TRK000003162,06/20/2023,20230622,20230626,Cancelled,ups,Northeast,71.07,96.37,7
TRK000000191,27-10-2023,28-10-2023,20231028,delivered,FEDEX,Midwest,201.34,9753.59,8
TRK000002878,10-09-2024,20240916,20240919,Cancelled,,MIDWEST,215.51,74.52,27
TRK000001948,2023-08-20,08/23/2023,08/22/2023,canceled,XPO,midwest,454.5,451.07,31
TRK000002322,11-04-2023,20230412,20230415,late,USPS,Southeast,49.61,681.12,20
TRK000003921,20240816,17-08-2024,08/16/2024,in transit,fedex,Midwest,190.23,473.62,30
TRK000000942,2024-06-19,24-06-2024,2024-06-23,In Transit,FEDEX,Midwest,155.58,390.89,47
TRK000004165,09/27/2023,20230928,2023-09-30,late,fedex,midwest,530.98,894.9,17
TRK000004436,05-04-2023,20230410,2023-04-08,Cancelled,,Southeast,5.46,630.03,8
TRK000004372,10/27/2024,2024-11-03,,In Transit,UPS,Midwest,403.59,468.98,29
TRK000004368,2023-08-07,08/12/2023,11-08-2023,late,FEDEX,West Coast,229.03,614.97,28
TRK000004091,09/23/2023,20230924,,Delivered,,MIDWEST,536.71,534.28,29
TRK000001778,07/20/2024,27-07-2024,2024-07-29,In Transit,XPO,Southeast,527.24,113.85,31
TRK000003491,2023-11-21,20231124,28-11-2023,Delayed,USPS,MIDWEST,44.9,172.82,6
TRK000003370,08-03-2024,03/13/2024,03/11/2024,delivered,,MIDWEST,254.12,240.67,21
TRK000004737,20230531,01-06-2023,06-06-2023,Delivered,DHL,Southwest,21.21,293.63,21
TRK000000039,23-10-2024,20241030,10/29/2024,In Transit,FEDEX,midwest,410.47,637.38,32
TRK000000230,20240710,2024-07-15,2024-07-13,canceled,,midwest,459.81,593.13,15
TRK000004142,20230115,01/18/2023,,Cancelled,XPO,Southeast,421.58,622.63,24
TRK000004374,01-11-2024,11/08/2024,13-11-2024,Cancelled,FEDEX,Midwest,399.79,261.32,45
TRK000003164,2024-05-10,17-05-2024,20240515,canceled,FEDEX,West Coast,418.22,10635.09,18
TRK000002651,21-10-2024,20241022,10/25/2024,canceled,,Midwest,318.85,193.78,29
TRK000002758,20230606,2023-06-10,2023-06-08,DELIVERED,USPS,midwest,162.38,387.22,45
TRK000003722,2024-10-13,20241020,10/24/2024,In Transit,UPS,midwest,74.52,200.88,43
TRK000004694,2023-05-01,05/05/2023,08-05-2023,in transit,USPS,Southwest,299.52,562.27,23
TRK000000331,01/03/2023,20230110,2023-01-11,delivered,ups,Midwest,114.5,491.24,12
TRK000003422,05/23/2024,2024-05-29,30-05-2024,Delayed,fedex,Midwest,365.91,172.38,12
TRK000000926,05-02-2023,02/09/2023,14-02-2023,Delivered,FEDEX,midwest,397.84,271.77,37
TRK000003861,20-05-2023,26-05-2023,20230529,late,UPS,West Coast,480.64,242.29,46
TRK000002315,2024-09-13,20240915,2024-09-15,Delayed,USPS,West Coast,90.0,465.28,16
TRK000001881,20231125,26-11-2023,,Cancelled,UPS,Southeast,567.38,804.92,44
TRK000003135,2023-02-15,02/17/2023,02/21/2023,Delayed,XPO,midwest,437.84,878.19,12
TRK000002467,20230822,2023-08-29,27-08-2023,Cancelled,,West Coast,498.75,524.06,7
TRK000002566,09/12/2023,2023-09-16,,Cancelled,DHL,Midwest,255.13,497.77,48
TRK000001626,21-07-2024,2024-07-23,,Cancelled,DHL,Midwest,555.32,602.08,35
TRK000001095,11/05/2023,2023-11-08,2023-11-09,Cancelled,fedex,midwest,126.11,509.27,4
TRK000002925,20241118,2024-11-21,2024-11-25,DELIVERED,UPS,Northeast,551.01,193.69,21
TRK000004110,2024-10-27,11/01/2024,11/02/2024,canceled,FEDEX,Southeast,35.72,829.64,9
TRK000003641,01-07-2024,20240704,04-07-2024,In Transit,DHL,Southeast,530.67,867.3,16
TRK000003656,20230810,08/16/2023,,Cancelled,fedex,Midwest,60.82,706.03,5
TRK000002583,03/17/2024,20240323,,Cancelled,,MIDWEST,69.34,138.7,13
TRK000000610,09/19/2023,20230925,,Cancelled,UPS,Midwest,249.09,464.52,35
TRK000002815,2024-08-17,20240819,08/17/2024,delivered,UPS,Southwest,584.29,293.78,20
TRK000000395,20230511,14-05-2023,05/16/2023,Delivered,,Southeast,430.19,841.93,15
TRK000000439,2024-01-29,05-02-2024,20240210,canceled,fedex,midwest,397.2,580.63,39
TRK000000735,24-01-2023,31-01-2023,03-02-2023,in transit,ups,Southeast,570.93,59.5,29
TRK000004353,14-12-2024,20-12-2024,2024-12-19,DELIVERED,,Midwest,584.27,750.72,24
TRK000004947,20241208,20241214,19-12-2024,Cancelled,USPS,Midwest,554.93,727.93,2
TRK000000071,20230315,2023-03-17,2023-03-16,delivered,UPS,midwest,471.33,307.74,28
TRK000001175,20240103,06-01-2024,04-01-2024,delivered,,West Coast,277.72,879.83,34
TRK000002195,20230805,20230808,08/13/2023,DELIVERED,USPS,Southwest,253.81,348.36,6
TRK000003789,2023-07-17,20230722,,DELIVERED,FEDEX,Northeast,409.08,449.94,24
TRK000004465,2023-03-03,20230308,2023-03-11,late,FEDEX,Southeast,43.62,531.22,28
TRK000002991,2024-12-01,2024-12-04,12/09/2024,Delayed,DHL,MIDWEST,149.26,778.24,38
TRK000004727,14-04-2024,20240418,20240418,delivered,XPO,Southeast,456.89,357.89,42
TRK000001685,2024-06-01,2024-06-06,06/06/2024,late,DHL,MIDWEST,77.07,263.6,48
TRK000003232,30-11-2024,2024-12-06,11-12-2024,delivered,fedex,West Coast,545.78,843.51,37
TRK000002180,11/10/2023,11/11/2023,13-11-2023,canceled,XPO,MIDWEST,505.96,376.82,33
TRK000003597,21-05-2024,20240526,,Cancelled,fedex,Southwest,319.15,863.93,21
TRK000004113,20230912,15-09-2023,20230918,in transit,FEDEX,midwest,275.18,144.79,28
TRK000004791,11-12-2024,12/15/2024,14-12-2024,Cancelled,USPS,Midwest,269.55,550.08,38
TRK000001980,2024-05-23,2024-05-30,28-05-2024,in transit,fedex,MIDWEST,471.95,501.31,47
TRK000000248,20240828,2024-09-03,07-09-2024,Delivered,fedex,Southeast,483.17,462.2,30
TRK000003031,2023-02-26,28-02-2023,20230226,DELIVERED,XPO,Northeast,222.75,642.63,41
TRK000001868,20230810,20230814,20230816,Cancelled,,Northeast,497.02,843.72,45
TRK000002072,2023-10-06,20231008,,Delayed,,Southwest,557.19,818.98,31
TRK000000585,14-05-2023,05/19/2023,20230519,in transit,fedex,Midwest,141.62,453.58,28
TRK000003868,09/16/2024,21-09-2024,,Cancelled,XPO,MIDWEST,216.85,590.79,4
TRK000003797,08-05-2024,05/13/2024,12-05-2024,late,fedex,Midwest,252.62,417.5,19
TRK000000279,20240731,08/01/2024,05-08-2024,Delayed,UPS,Southeast,22.61,214.09,25
TRK000004861,2024-09-12,2024-09-13,2024-09-18,Cancelled,DHL,Northeast,452.77,500.64,48
TRK000002855,20231112,11/19/2023,17-11-2023,delivered,DHL,Midwest,331.77,170.21,6
TRK000001690,14-12-2024,20241218,21-12-2024,Delivered,USPS,Northeast,41.83,821.48,7
TRK000000027,07/09/2024,2024-07-11,07/10/2024,Cancelled,FEDEX,West Coast,488.35,273.69,48
TRK000000199,02-03-2023,03/05/2023,03/09/2023,late,XPO,Southeast,528.44,886.28,44
TRK000004200,21-10-2023,2023-10-23,10/25/2023,Delivered,XPO,midwest,588.7,377.17,12
TRK000000139,2024-04-04,08-04-2024,07-04-2024,Cancelled,ups,Northeast,255.29,896.13,40
TRK000004359,20240912,20240914,09/16/2024,canceled,fedex,MIDWEST,316.37,624.24,18
TRK000000241,20240831,2024-09-01,2024-09-05,delivered,fedex,Midwest,266.43,426.08,46
TRK000004225,2023-06-19,2023-06-24,06/28/2023,Delivered,,Southeast,13.09,316.47,5
TRK000002586,12/22/2024,20241223,2024-12-22,Delayed,XPO,Southwest,219.28,531.76,34
TRK000004301,2023-04-13,2023-04-16,2023-04-17,In Transit,DHL,MIDWEST,194.66,730.31,20
TRK000002239,2024-01-14,20240118,19-01-2024,Cancelled,UPS,Midwest,543.21,861.23,29
TRK000003204,01/04/2024,01/08/2024,20240113,Delivered,fedex,Midwest,505.03,14437.2,1
TRK000000694,04/11/2023,17-04-2023,2023-04-19,Delivered,USPS,Southwest,47.33,530.83,34
TRK000004629,26-01-2024,01/29/2024,02-02-2024,canceled,,MIDWEST,25.81,837.56,18
TRK000000690,27-04-2024,2024-04-28,,In Transit,UPS,Southeast,448.07,523.55,5
TRK000001888,12/25/2024,20241226,20241229,Cancelled,ups,midwest,533.32,569.56,18
TRK000002010,21-05-2024,20240525,29-05-2024,Delivered,,midwest,164.75,92.23,12
TRK000004973,20231114,18-11-2023,16-11-2023,In Transit,ups,MIDWEST,311.42,378.77,32
TRK000001055,2024-05-25,2024-05-26,20240528,DELIVERED,UPS,Southeast,546.38,527.49,3
TRK000003441,2024-07-24,26-07-2024,30-07-2024,Delayed,XPO,West Coast,583.78,772.74,17
TRK000002256,2023-05-29,06/04/2023,20230602,canceled,UPS,MIDWEST,249.62,500.53,50
TRK000002046,2023-07-01,20230705,20230710,canceled,FEDEX,Midwest,264.04,86.55,1
TRK000001007,20230215,20230219,20230221,In Transit,DHL,MIDWEST,29.38,236.97,17
TRK000002334,20230505,12-05-2023,2023-05-11,canceled,UPS,Midwest,4.26,324.08,29
TRK000002894,20240429,2024-05-04,20240506,in transit,ups,Southwest,79.6,877.83,6
TRK000003904,2024-09-10,09/16/2024,2024-09-16,DELIVERED,FEDEX,Northeast,272.03,520.25,12
TRK000001352,2024-01-08,2024-01-13,01/14/2024,Delivered,XPO,Southeast,356.21,216.84,18
TRK000000804,10/21/2023,27-10-2023,20231031,Delayed,UPS,Midwest,319.74,552.26,27
TRK000000625,20230409,04/15/2023,,Delivered,UPS,MIDWEST,392.61,525.45,46
TRK000001210,20230904,20230908,,in transit,FEDEX,midwest,47.06,816.3,46
TRK000003879,02/28/2024,20240301,2024-03-05,Delayed,ups,midwest,216.49,794.57,25
TRK000002373,2024-06-09,20240613,13-06-2024,Delivered,XPO,West Coast,264.08,737.98,30
TRK000002393,29-07-2023,2023-08-05,2023-08-10,Delivered,DHL,MIDWEST,3.68,824.66,25
TRK000003046,2023-11-27,02-12-2023,20231204,Delivered,DHL,Northeast,421.24,893.46,21
TRK000003323,2024-10-27,02-11-2024,07-11-2024,late,DHL,West Coast,586.54,804.45,41
TRK000003451,20231119,20231125,26-11-2023,DELIVERED,UPS,Midwest,598.67,99.03,1
TRK000000598,03-12-2024,20241210,,DELIVERED,FEDEX,Southeast,289.84,832.96,35
TRK000000907,04-06-2024,2024-06-11,,late,USPS,Northeast,207.34,290.34,15
TRK000002305,2023-07-08,07/09/2023,09-07-2023,Delayed,,Southeast,281.4,867.75,6
TRK000000188,24-03-2024,2024-03-29,2024-04-01,DELIVERED,FEDEX,MIDWEST,56.46,61.44,19
TRK000001696,15-04-2023,2023-04-17,,DELIVERED,UPS,Southwest,348.71,656.21,14
TRK000001282,10-08-2023,20230817,08/22/2023,canceled,ups,Southwest,502.58,396.09,13
TRK000001519,02/13/2023,20230218,2023-02-21,late,UPS,Midwest,90.08,201.44,8
TRK000002568,20230728,20230801,03-08-2023,Cancelled,FEDEX,Southwest,179.19,573.3,28
TRK000001312,20231225,2023-12-31,30-12-2023,Delivered,XPO,midwest,326.29,609.12,21
TRK000004195,20230422,20230425,04/26/2023,Cancelled,fedex,MIDWEST,456.03,721.31,9
TRK000000404,20230723,2023-07-24,07/25/2023,DELIVERED,DHL,Midwest,366.74,254.57,46
TRK000004957,20241105,07-11-2024,20241109,Delivered,ups,midwest,300.29,54.9,10
TRK000002188,2024-02-03,04-02-2024,02/09/2024,late,ups,Northeast,318.42,317.31,36
TRK000002101,20240622,2024-06-24,20240622,DELIVERED,USPS,Midwest,314.66,529.6,26
TRK000001474,20230522,20230523,,canceled,ups,MIDWEST,105.15,480.96,42
TRK000002768,2024-10-27,10/28/2024,20241101,Delivered,ups,Southeast,436.42,59.58,11
TRK000003083,01/14/2024,01/16/2024,18-01-2024,In Transit,FEDEX,MIDWEST,367.08,370.82,30
TRK000001472,2024-09-11,15-09-2024,,delivered,XPO,Southeast,545.09,154.81,30
TRK000003174,20240718,23-07-2024,,canceled,DHL,Southwest,550.84,746.94,30
TRK000001910,20241011,20241013,13-10-2024,Delivered,UPS,Southeast,553.22,134.97,39
TRK000001877,08/14/2024,20240818,08/20/2024,DELIVERED,UPS,MIDWEST,553.26,239.18,16
TRK000001160,2024-03-25,26-03-2024,,DELIVERED,UPS,Southwest,324.77,674.71,41
TRK000004433,11-04-2023,20230413,04/18/2023,delivered,FEDEX,Southwest,356.93,220.24,18
TRK000002262,20230916,20230918,20230917,Delayed,UPS,Midwest,317.2,472.26,1
TRK000004551,20240327,20240401,04/05/2024,In Transit,fedex,West Coast,369.06,265.11,32
TRK000004653,07-06-2024,20240613,20240617,late,XPO,Northeast,366.47,341.5,37
TRK000004121,2024-09-13,2024-09-14,14-09-2024,delivered,XPO,Midwest,137.37,164.98,11
TRK000004205,03/24/2024,20240330,03/31/2024,Delayed,DHL,Southeast,388.49,523.53,17
TRK000004654,09-03-2024,20240315,19-03-2024,late,FEDEX,Southeast,385.21,208.71,4
TRK000002445,07/26/2024,29-07-2024,2024-07-28,in transit,ups,Midwest,32.32,650.13,5
TRK000003066,2023-06-02,2023-06-09,2023-06-11,Delivered,ups,West Coast,64.72,777.05,26
TRK000000779,2023-12-31,20240107,10-01-2024,in transit,,Northeast,393.06,312.57,32
TRK000000868,20231102,11/09/2023,2023-11-09,late,USPS,midwest,575.01,11467.1,11
TRK000000063,20230422,2023-04-26,20230429,In Transit,FEDEX,midwest,71.65,747.82,32
TRK000001242,04/06/2023,04/08/2023,20230410,in transit,UPS,midwest,155.08,50.79,20
TRK000001364,12-08-2024,08/18/2024,22-08-2024,late,,Southwest,403.47,337.67,17
TRK000000856,20230323,24-03-2023,22-03-2023,canceled,,Southwest,553.9,183.42,37
TRK000001964,2023-07-11,2023-07-12,20230711,delivered,USPS,MIDWEST,139.36,622.14,43
TRK000004867,10-09-2023,09/16/2023,09/16/2023,Delayed,XPO,West Coast,421.63,562.63,23
TRK000004337,20241126,20241130,12/05/2024,delivered,UPS,MIDWEST,382.24,639.24,26
TRK000002407,2023-10-08,2023-10-13,2023-10-14,late,UPS,West Coast,175.65,612.27,12
TRK000000771,20240920,25-09-2024,26-09-2024,late,USPS,midwest,31.14,106.12,50
TRK000003132,04-07-2023,07/07/2023,06-07-2023,DELIVERED,FEDEX,Southwest,210.82,51.5,8
TRK000000162,2024-10-28,20241030,10/31/2024,In Transit,fedex,MIDWEST,144.36,293.8,22
TRK000002470,2024-09-16,20240922,09/25/2024,In Transit,XPO,Northeast,314.31,843.01,5
TRK000002478,14-10-2024,20241015,10/15/2024,late,FEDEX,MIDWEST,582.98,384.43,4
TRK000001545,05/14/2024,20240515,05/13/2024,Delayed,UPS,Southwest,243.39,427.36,17
TRK000001100,2024-12-31,06-01-2025,20250107,Delivered,fedex,Southwest,308.54,160.5,48
TRK000004146,20241018,10/20/2024,20241025,In Transit,DHL,midwest,311.99,470.44,24
TRK000000781,10/11/2023,10/14/2023,,in transit,,midwest,88.94,627.03,39
TRK000002194,19-01-2023,20230120,20230123,In Transit,USPS,Southeast,386.03,138.96,48
TRK000004802,08/18/2023,20-08-2023,20230819,DELIVERED,DHL,Southwest,528.04,879.62,40
TRK000003305,2024-03-09,2024-03-15,,Delayed,FEDEX,Southwest,317.48,445.07,20
TRK000003306,2024-11-09,14-11-2024,2024-11-17,Delayed,fedex,Southeast,137.16,804.63,42
TRK000004257,20230224,03/03/2023,03/07/2023,canceled,DHL,Southwest,380.58,-214.29,44
TRK000002859,20230621,27-06-2023,07/02/2023,In Transit,USPS,Midwest,448.37,293.94,23
TRK000000833,06/17/2023,2023-06-23,24-06-2023,delivered,fedex,Southeast,392.83,508.2,18
TRK000004085,28-04-2023,05/03/2023,07-05-2023,Delivered,ups,West Coast,568.77,610.8,46
TRK000004402,2023-05-25,20230601,2023-05-31,DELIVERED,ups,MIDWEST,66.78,767.23,35
TRK000004601,20230609,20230612,,Delayed,FEDEX,Midwest,286.64,821.7,38
TRK000002813,20230418,20230421,2023-04-24,In Transit,ups,MIDWEST,200.4,402.11,46
TRK000002171,04-10-2023,20231006,04-10-2023,in transit,,midwest,385.8,6853.69,50
TRK000004882,2024-02-09,12-02-2024,2024-02-13,in transit,XPO,West Coast,195.33,666.35,2
TRK000002986,20230605,2023-06-07,20230609,In Transit,FEDEX,midwest,225.75,807.52,22
TRK000001691,14-08-2023,08/21/2023,2023-08-26,late,DHL,MIDWEST,317.38,236.77,41
TRK000002304,20240303,2024-03-05,2024-03-03,in transit,,Southwest,73.93,844.37,39
TRK000002701,20230225,20230227,20230304,Cancelled,FEDEX,Midwest,357.06,99.03,19
TRK000002655,20240227,2024-03-02,,Delayed,fedex,Northeast,363.45,840.57,33
TRK000000592,08/13/2023,20230814,19-08-2023,in transit,USPS,West Coast,444.75,509.9,35
TRK000001232,2024-12-04,20241208,2024-12-13,DELIVERED,,Southeast,293.39,888.54,22
TRK000003591,08/27/2024,2024-08-30,,In Transit,DHL,midwest,197.19,740.55,29
TRK000003446,2024-06-18,06/19/2024,20240619,In Transit,ups,Southwest,475.48,820.35,4
TRK000003401,20240804,08/07/2024,20240807,canceled,,Midwest,477.99,614.32,8
TRK000002204,2024-10-31,2024-11-07,10-11-2024,late,ups,West Coast,29.85,140.28,28
TRK000000754,11/09/2023,12-11-2023,11/10/2023,late,,West Coast,339.22,704.49,6
TRK000001542,20241221,2024-12-27,20241227,canceled,UPS,Midwest,535.63,418.91,19
TRK000003254,20231112,11/19/2023,,delivered,FEDEX,Northeast,582.24,812.01,27
TRK000000612,2024-04-25,26-04-2024,20240424,late,USPS,MIDWEST,410.81,340.94,45
TRK000001673,20231127,2023-12-03,20231205,DELIVERED,FEDEX,West Coast,335.47,898.7,28
TRK000001706,2023-07-02,09-07-2023,11-07-2023,canceled,XPO,Northeast,109.51,569.16,24
TRK000003773,03/19/2023,03/24/2023,20230323,late,DHL,MIDWEST,456.11,58.52,4
TRK000002149,28-06-2024,07/01/2024,01-07-2024,delivered,,West Coast,472.92,409.25,6
TRK000004378,2023-09-04,09-09-2023,2023-09-08,Cancelled,ups,West Coast,327.85,152.61,24
TRK000001411,01/13/2024,2024-01-20,20240120,DELIVERED,DHL,Northeast,489.67,819.81,10
TRK000000193,20241128,20241204,06-12-2024,in transit,DHL,Northeast,331.47,249.52,32
TRK000001253,2023-07-22,24-07-2023,07/22/2023,delivered,,Midwest,286.04,407.27,44
TRK000002277,20240708,2024-07-10,20240710,Delayed,USPS,MIDWEST,384.24,360.52,33
TRK000001750,04/19/2024,2024-04-25,20240423,late,USPS,Southeast,509.66,495.04,5
TRK000002565,2023-03-28,31-03-2023,20230331,late,DHL,Southeast,454.51,590.52,45
TRK000002834,20240711,2024-07-16,2024-07-20,DELIVERED,fedex,Northeast,304.02,229.81,35
TRK000004267,20240820,25-08-2024,20240824,DELIVERED,DHL,midwest,117.96,728.38,42
TRK000004011,05/13/2024,05/20/2024,05/22/2024,Delivered,,West Coast,578.86,735.47,43
TRK000000250,20230730,2023-08-06,08/10/2023,canceled,USPS,Midwest,269.09,756.45,36
TRK000001128,25-11-2024,29-11-2024,,In Transit,DHL,Midwest,570.75,669.56,43
TRK000001231,06/25/2024,20240627,27-06-2024,late,,midwest,479.46,573.9,49
TRK000001694,28-02-2023,2023-03-02,20230303,delivered,ups,Midwest,84.96,588.88,21
TRK000000906,2023-06-22,2023-06-27,2023-06-25,late,ups,Midwest,170.12,625.76,48
TRK000002136,28-06-2023,30-06-2023,28-06-2023,Cancelled,,midwest,499.76,257.81,9
TRK000003991,04/26/2023,05/03/2023,2023-05-07,In Transit,fedex,MIDWEST,553.42,780.05,4
TRK000002896,20231108,10-11-2023,20231112,canceled,fedex,MIDWEST,472.47,643.66,12
TRK000004516,05/01/2023,2023-05-06,,Cancelled,fedex,Midwest,74.7,695.36,25
TRK000001314,2024-01-01,20240106,2024-01-08,late,DHL,midwest,450.97,379.5,20
TRK000002450,01-07-2023,07/07/2023,2023-07-07,in transit,FEDEX,Northeast,15.56,469.84,17
TRK000001630,30-04-2023,05/04/2023,2023-05-09,Delivered,,Midwest,584.17,192.34,5
TRK000001307,2024-04-15,2024-04-20,04/20/2024,late,USPS,Midwest,106.8,694.08,37
TRK000004980,20241030,2024-11-04,11/03/2024,in transit,XPO,Midwest,561.47,757.64,32
TRK000002625,05/27/2023,31-05-2023,06/02/2023,Cancelled,UPS,Northeast,218.09,359.79,8
TRK000004380,2024-02-16,20240222,02/22/2024,Delivered,XPO,Southeast,399.66,326.64,47
TRK000002064,2023-12-13,20231214,14-12-2023,In Transit,USPS,MIDWEST,505.64,74.92,22
TRK000004848,03-08-2024,20240809,13-08-2024,Cancelled,ups,Northeast,363.4,336.82,38
TRK000000232,20231124,01-12-2023,2023-11-29,In Transit,USPS,MIDWEST,186.74,73.51,34
TRK000000890,04-09-2023,10-09-2023,,canceled,XPO,MIDWEST,405.64,13303.66,46
TRK000003645,10/25/2023,2023-10-29,2023-10-31,in transit,UPS,Southeast,63.99,596.41,34
TRK000000960,2024-07-14,20240719,,DELIVERED,fedex,Midwest,551.57,682.51,48
TRK000004718,20240815,08/17/2024,08/22/2024,canceled,ups,MIDWEST,567.6,452.19,13
TRK000003835,09/10/2024,2024-09-16,09/20/2024,Delivered,fedex,Southeast,507.34,507.24,36
TRK000000913,12-05-2024,2024-05-13,14-05-2024,delivered,fedex,midwest,86.45,375.94,46
TRK000001003,25-04-2024,26-04-2024,2024-05-01,canceled,XPO,Midwest,30.79,847.01,41
TRK000003329,20240924,09/25/2024,28-09-2024,Cancelled,XPO,Southwest,377.88,309.26,3
TRK000003719,16-09-2024,20240917,2024-09-17,Delayed,XPO,midwest,119.67,271.91,1
TRK000001829,26-03-2024,03/29/2024,,In Transit,,Northeast,153.51,100.36,6
TRK000000138,05-04-2024,2024-04-09,2024-04-09,in transit,FEDEX,Northeast,586.5,514.09,29
TRK000002433,20240920,2024-09-21,2024-09-23,canceled,DHL,Northeast,481.01,521.3,28
TRK000000414,29-10-2024,20241104,20241108,in transit,ups,Southeast,278.66,859.39,23
TRK000003757,27-01-2024,01/29/2024,01/27/2024,DELIVERED,FEDEX,Southwest,529.79,521.82,38
TRK000000845,08/15/2024,17-08-2024,16-08-2024,Delayed,FEDEX,Midwest,148.42,57.04,44
TRK000004278,07/08/2024,07/15/2024,2024-07-14,DELIVERED,UPS,Northeast,10.05,506.21,28
TRK000004965,20240515,20240517,20240518,in transit,,West Coast,86.25,740.08,45
TRK000003342,2023-03-08,13-03-2023,20230312,delivered,FEDEX,midwest,184.61,674.29,46
TRK000001718,12-10-2023,10/13/2023,2023-10-12,DELIVERED,ups,MIDWEST,480.79,806.18,27
TRK000000132,20240522,05/26/2024,05/31/2024,delivered,ups,Northeast,293.93,581.19,3
TRK000000463,2023-07-15,21-07-2023,2023-07-20,Cancelled,ups,Southeast,115.52,535.33,29
TRK000000459,2024-02-11,20240216,2024-02-17,DELIVERED,ups,midwest,432.87,177.77,6
TRK000001130,20240820,21-08-2024,08/19/2024,late,ups,Northeast,320.93,186.12,5
TRK000000636,20230812,08/13/2023,20230815,In Transit,fedex,Midwest,66.08,213.86,19
TRK000003187,04/17/2024,21-04-2024,21-04-2024,In Transit,fedex,Southeast,495.07,71.4,21
TRK000001887,24-12-2023,12/31/2023,20240102,in transit,FEDEX,Northeast,284.58,434.25,47
TRK000002797,2023-01-20,20230121,23-01-2023,in transit,,Midwest,311.93,240.05,4
TRK000004480,20241125,12/02/2024,12/01/2024,in transit,USPS,Midwest,280.91,482.02,17
TRK000001554,2024-12-10,14-12-2024,,Cancelled,ups,MIDWEST,57.12,848.44,6
TRK000002179,2023-07-14,07/18/2023,2023-07-18,canceled,UPS,midwest,443.32,551.05,18
TRK000004166,20240804,2024-08-05,08/09/2024,Cancelled,fedex,MIDWEST,285.56,293.29,9
TRK000004464,12/16/2024,2024-12-18,12/17/2024,In Transit,USPS,Northeast,239.12,524.53,5
TRK000004769,02/22/2024,20240223,24-02-2024,Delivered,fedex,Southwest,96.76,478.11,45
TRK000002824,2024-12-03,12/06/2024,12/05/2024,late,FEDEX,West Coast,380.59,53.23,39
TRK000000094,10/25/2024,20241030,2024-10-31,delivered,USPS,Southwest,343.73,850.5,16
TRK000000015,08/30/2024,02-09-2024,20240906,In Transit,USPS,midwest,407.79,551.55,22
TRK000000913,2024-03-18,25-03-2024,20240325,late,fedex,Midwest,596.99,246.52,18
TRK000000522,12/21/2024,20241222,12/20/2024,delivered,,West Coast,268.41,267.02,33
TRK000004220,12/04/2023,12/08/2023,20231213,late,FEDEX,Southwest,16.17,512.86,27
TRK000003004,20230712,17-07-2023,2023-07-20,in transit,UPS,West Coast,329.72,594.53,42
TRK000002201,2023-08-13,17-08-2023,18-08-2023,Cancelled,,Southeast,289.63,624.14,31
TRK000000732,05/22/2024,20240527,27-05-2024,delivered,DHL,West Coast,525.83,634.79,11
TRK000000486,20230714,20230721,2023-07-25,Delayed,UPS,Midwest,591.67,81.9,34
TRK000001425,20230627,07/02/2023,07/01/2023,delivered,DHL,Midwest,134.45,826.17,33
TRK000000545,20230201,04-02-2023,06-02-2023,In Transit,UPS,Midwest,314.88,126.52,50
TRK000002209,04/15/2023,2023-04-20,04/25/2023,Delayed,DHL,West Coast,183.09,9960.27,11
TRK000000329,23-11-2024,27-11-2024,29-11-2024,late,ups,Southeast,313.33,204.37,14
TRK000001539,20241011,2024-10-13,11-10-2024,DELIVERED,UPS,Southwest,126.9,632.66,46
TRK000001547,20241002,2024-10-09,20241011,In Transit,UPS,MIDWEST,206.38,148.43,6
TRK000004922,2024-03-27,2024-03-31,31-03-2024,Cancelled,fedex,Northeast,455.73,299.29,25
TRK000001567,09/26/2024,30-09-2024,10/03/2024,in transit,UPS,Midwest,224.26,769.91,16
TRK000004852,2024-06-21,2024-06-26,20240628,DELIVERED,ups,West Coast,334.03,566.8,19
TRK000004824,2023-04-21,04/24/2023,20230425,In Transit,fedex,West Coast,528.02,406.18,29
TRK000002842,19-09-2024,20-09-2024,09/20/2024,In Transit,UPS,MIDWEST,98.83,606.71,13
TRK000003155,09-10-2023,20231016,20231019,canceled,UPS,Southwest,79.54,756.69,16
TRK000000555,28-02-2023,2023-03-04,2023-03-08,delivered,fedex,Midwest,142.45,346.19,32
TRK000000738,04/11/2024,15-04-2024,20240420,late,DHL,Northeast,281.28,565.28,38
TRK000003723,2024-03-07,03/11/2024,16-03-2024,delivered,XPO,Northeast,336.33,545.23,48
TRK000003895,25-06-2024,20240627,20240702,Delivered,ups,West Coast,459.84,393.13,34
TRK000002959,2024-03-10,12-03-2024,2024-03-11,delivered,DHL,midwest,175.33,888.87,30
TRK000001934,20231013,2023-10-15,2023-10-20,DELIVERED,USPS,Southeast,276.58,167.05,42
TRK000000283,17-06-2023,20230622,2023-06-20,Cancelled,DHL,Southwest,328.14,437.92,36
TRK000000247,20230201,20230203,2023-02-02,late,,Southeast,18.61,624.57,13
TRK000002217,20240812,20240818,19-08-2024,in transit,,midwest,147.65,762.33,49
TRK000000262,05/05/2024,05/12/2024,20240516,Cancelled,ups,midwest,320.95,204.1,16
TRK000003208,11-01-2023,20230113,,in transit,ups,Southeast,485.69,729.47,18
TRK000002060,03-08-2024,07-08-2024,2024-08-10,Delayed,DHL,Midwest,392.0,241.25,25
TRK000004217,06/24/2023,2023-06-25,2023-06-23,Delayed,DHL,midwest,12.25,770.67,16
TRK000000300,2024-01-30,2024-02-02,,Delayed,ups,Northeast,113.7,588.04,21
TRK000002369,17-05-2023,05/24/2023,20230526,in transit,fedex,West Coast,250.93,808.49,6
TRK000000893,10/29/2024,11/05/2024,10-11-2024,in transit,DHL,midwest,369.72,742.05,10
TRK000000013,01/21/2023,22-01-2023,2023-01-24,in transit,FEDEX,Southeast,40.13,727.05,14
TRK000004836,03/21/2023,26-03-2023,20230331,DELIVERED,,MIDWEST,536.03,804.58,24
TRK000004053,20231016,20231020,10/20/2023,in transit,XPO,Southeast,182.33,745.48,4
TRK000000090,19-03-2023,03/26/2023,26-03-2023,delivered,XPO,midwest,108.92,649.56,41
TRK000001263,03/16/2024,18-03-2024,20240322,DELIVERED,FEDEX,midwest,44.72,735.19,48
TRK000001894,09/21/2023,28-09-2023,,Delivered,,midwest,208.11,621.76,21
TRK000004132,03-10-2023,20231007,10/06/2023,late,ups,Northeast,197.59,161.47,1
TRK000004401,08/26/2023,2023-08-27,29-08-2023,delivered,XPO,MIDWEST,11.1,371.8,38
TRK000004285,06/18/2023,2023-06-25,26-06-2023,Cancelled,fedex,West Coast,17.16,141.35,3
TRK000003013,03-09-2023,10-09-2023,11-09-2023,DELIVERED,ups,MIDWEST,595.62,853.75,10
TRK000001702,06/01/2024,06/04/2024,07-06-2024,Cancelled,DHL,Midwest,18.66,376.88,44
TRK000003561,2023-12-26,27-12-2023,20231230,Delayed,USPS,MIDWEST,521.57,697.58,33
TRK000000541,06-09-2023,20230911,2023-09-12,late,ups,midwest,176.11,60.3,27
TRK000003133,20230611,17-06-2023,20230621,DELIVERED,FEDEX,Midwest,477.01,7091.99,36
TRK000000228,20230202,2023-02-08,,late,USPS,Southeast,125.69,462.79,2
TRK000001825,09-10-2024,13-10-2024,2024-10-15,late,UPS,Northeast,381.64,458.01,37
TRK000003845,05/10/2024,2024-05-11,20240509,delivered,ups,Northeast,536.03,152.67,6
TRK000004964,10/15/2024,22-10-2024,10/26/2024,late,UPS,Southeast,252.76,612.94,9
TRK000002905,2024-12-18,2024-12-24,,in transit,,Midwest,381.69,260.77,34
TRK000002389,20230815,20230817,,delivered,fedex,Northeast,569.69,184.59,36
TRK000000842,01/22/2024,23-01-2024,20240123,delivered,fedex,Southeast,285.04,522.79,3
TRK000000477,01/25/2024,2024-01-26,24-01-2024,In Transit,fedex,West Coast,71.61,415.55,4
TRK000001810,2024-04-15,20240417,2024-04-15,DELIVERED,UPS,midwest,235.03,478.22,30
TRK000004696,10/15/2024,10/22/2024,20241025,late,fedex,midwest,437.21,508.45,41
TRK000003017,08/26/2024,20240902,04-09-2024,canceled,UPS,MIDWEST,512.01,702.98,21
TRK000000674,06/16/2023,2023-06-18,20230616,Delivered,,Midwest,15.05,295.66,26
TRK000000614,2024-04-24,20240427,05/02/2024,canceled,ups,Northeast,205.56,345.13,7
TRK000003063,04/27/2024,20240504,05/05/2024,Cancelled,USPS,midwest,18.48,94.79,50
TRK000002958,20230224,2023-03-03,2023-03-05,Delayed,UPS,midwest,221.03,520.38,2
TRK000000829,11/06/2023,2023-11-09,2023-11-10,Delayed,fedex,Southwest,65.1,101.07,26
TRK000003078,20240612,06/13/2024,,DELIVERED,fedex,Northeast,52.06,501.18,10
TRK000002244,20240304,08-03-2024,20240313,delivered,ups,Midwest,175.2,147.36,16
TRK000000253,12/25/2023,01-01-2024,01/03/2024,DELIVERED,fedex,Southwest,267.11,413.57,25
TRK000004307,20240705,2024-07-10,07/15/2024,Delayed,,MIDWEST,390.84,659.83,43
TRK000002311,2024-05-06,20240512,2024-05-11,DELIVERED,,MIDWEST,597.36,275.28,7
TRK000000320,20240927,2024-10-02,2024-10-03,DELIVERED,fedex,MIDWEST,578.74,169.71,39
TRK000001482,2024-12-23,20241226,12/27/2024,canceled,FEDEX,MIDWEST,458.6,245.59,6
TRK000002164,2023-11-25,01-12-2023,2023-12-05,canceled,,Northeast,158.57,387.96,13
TRK000004231,10/08/2023,15-10-2023,20231019,Delayed,fedex,Southeast,541.36,262.23,17
TRK000003417,20230407,13-04-2023,20230417,delivered,XPO,Northeast,362.02,172.61,13
TRK000000336,24-05-2023,2023-05-28,20230530,Delayed,USPS,West Coast,426.02,494.12,3
TRK000002441,07/23/2024,26-07-2024,2024-07-26,Delayed,DHL,MIDWEST,461.36,370.98,36
TRK000001014,21-04-2024,25-04-2024,20240426,in transit,fedex,Southeast,429.3,276.06,50
TRK000000895,2023-05-13,20230516,20-05-2023,In Transit,ups,Southwest,63.48,488.64,24
TRK000002721,05-12-2024,2024-12-11,,Delivered,UPS,Southeast,483.54,520.37,29
TRK000002202,09/24/2023,2023-09-30,09/28/2023,late,XPO,Southwest,28.83,461.99,35
TRK000001929,29-08-2023,08/31/2023,02-09-2023,canceled,USPS,West Coast,72.1,509.56,1
TRK000004758,2024-11-10,12-11-2024,2024-11-13,In Transit,,MIDWEST,459.61,312.83,42
TRK000004092,04/22/2023,23-04-2023,25-04-2023,delivered,FEDEX,West Coast,589.96,622.55,46
TRK000001531,09-01-2023,20230115,,canceled,fedex,Southeast,117.59,439.88,39
TRK000002482,2023-01-05,01/12/2023,2023-01-17,canceled,,West Coast,440.44,289.52,11
TRK000004318,02-08-2024,2024-08-08,,Delayed,ups,MIDWEST,339.46,392.0,30
TRK000000628,03/06/2024,20240309,13-03-2024,in transit,UPS,Northeast,594.42,593.96,3
TRK000001959,01/14/2023,2023-01-19,,Delivered,,Southeast,556.72,542.67,30
TRK000000548,07/04/2024,2024-07-06,20240710,In Transit,USPS,Midwest,591.04,785.48,35
TRK000000898,20230306,03/13/2023,2023-03-13,DELIVERED,fedex,Southeast,42.39,848.61,45
TRK000000905,03/11/2023,03/16/2023,14-03-2023,Delayed,USPS,MIDWEST,335.61,428.54,14
TRK000002518,20231207,12-12-2023,13-12-2023,DELIVERED,DHL,West Coast,53.98,310.4,40
TRK000004028,05/25/2023,06/01/2023,02-06-2023,in transit,,MIDWEST,130.11,849.12,34
TRK000002799,2024-09-15,09/16/2024,20240915,In Transit,fedex,Southeast,432.03,613.22,39
TRK000002793,20241116,23-11-2024,,Delayed,XPO,MIDWEST,26.25,721.07,30
TRK000000356,2024-09-02,20240909,09/08/2024,canceled,FEDEX,Southeast,202.98,283.61,34
TRK000004956,20231105,10-11-2023,2023-11-12,late,USPS,MIDWEST,112.05,548.87,2
TRK000003172,02/27/2023,04-03-2023,20230302,DELIVERED,fedex,MIDWEST,88.97,352.17,40
TRK000004532,2023-05-12,2023-05-15,2023-05-18,DELIVERED,XPO,MIDWEST,392.33,792.26,8
TRK000003094,2023-05-11,2023-05-18,05/18/2023,DELIVERED,XPO,Midwest,343.72,282.22,3
TRK000001257,20240207,20240213,02/13/2024,delivered,,West Coast,288.04,312.03,19
TRK000001907,2024-04-14,2024-04-18,2024-04-16,Delivered,USPS,MIDWEST,414.79,852.34,27
TRK000000485,09/13/2023,2023-09-16,09/18/2023,Delayed,XPO,Northeast,10.23,583.42,50
TRK000003261,20240731,20240804,09-08-2024,late,USPS,Southeast,436.87,261.81,23
TRK000004676,23-05-2023,20230526,05/29/2023,in transit,ups,Southeast,525.0,849.62,33
TRK000003830,04/29/2024,04/30/2024,28-04-2024,late,XPO,West Coast,306.32,95.69,9
TRK000001473,22-08-2024,20240825,08/27/2024,Cancelled,XPO,Southwest,25.18,13182.6,39
TRK000004691,20231209,15-12-2023,,DELIVERED,FEDEX,Southeast,338.74,105.82,11
TRK000004939,20230702,20230707,2023-07-06,In Transit,USPS,West Coast,4.48,615.4,7
TRK000000047,2024-12-31,06-01-2025,01/11/2025,late,XPO,Midwest,596.87,300.34,15
TRK000002347,20241201,12/05/2024,20241207,In Transit,XPO,Southwest,379.48,449.78,6
TRK000004491,12/18/2024,2024-12-23,20241228,DELIVERED,UPS,Northeast,435.65,375.63,45
TRK000001237,20240402,2024-04-09,07-04-2024,DELIVERED,FEDEX,MIDWEST,507.69,594.16,20
TRK000003712,05-03-2023,07-03-2023,2023-03-09,Delayed,fedex,Southwest,309.99,837.47,15
TRK000001094,05-02-2023,2023-02-09,02/14/2023,Cancelled,DHL,midwest,446.4,786.8,17
TRK000001830,02-12-2023,20231207,2023-12-08,In Transit,USPS,midwest,230.54,199.97,12
TRK000000965,20241217,12/21/2024,12/22/2024,late,USPS,MIDWEST,33.77,333.0,14
TRK000004835,20230413,20230417,04/15/2023,delivered,,Southeast,125.5,160.25,18
TRK000001069,27-11-2024,20241201,,delivered,DHL,Midwest,426.5,602.12,41
TRK000000028,2023-07-03,08-07-2023,07/13/2023,DELIVERED,,midwest,523.62,82.07,31
TRK000003095,05/14/2023,20230520,2023-05-24,Delayed,XPO,midwest,433.73,834.54,16
TRK000001326,12/08/2023,2023-12-11,20231211,In Transit,,Midwest,596.05,795.66,40
TRK000002848,20230118,2023-01-19,19-01-2023,in transit,XPO,West Coast,477.03,452.28,43
TRK000000576,08/19/2023,21-08-2023,08/24/2023,late,FEDEX,Southeast,318.4,391.57,25
TRK000004945,08/16/2024,2024-08-21,,late,DHL,West Coast,584.18,793.1,9
TRK000000391,20240220,26-02-2024,2024-02-28,DELIVERED,,Southwest,407.97,58.53,26
TRK000002742,12/22/2023,12/29/2023,12/27/2023,Delayed,fedex,Southeast,109.83,598.7,17
TRK000003988,20230903,2023-09-04,,Cancelled,UPS,Southwest,455.52,253.22,22
TRK000004126,08/28/2024,20240829,2024-08-28,Delayed,UPS,midwest,87.5,768.36,11
TRK000004512,21-07-2024,07/25/2024,07/24/2024,delivered,XPO,MIDWEST,357.18,279.13,11
TRK000004576,10/22/2023,10/24/2023,,late,,West Coast,563.01,246.72,11
TRK000004393,07/11/2024,17-07-2024,07/19/2024,Delayed,fedex,West Coast,194.31,612.95,25
TRK000001661,20230430,20230506,10-05-2023,Delivered,XPO,midwest,322.88,206.22,39
TRK000002617,20240410,2024-04-14,2024-04-17,in transit,,Northeast,537.78,233.2,16
TRK000003985,01/21/2024,20240122,,In Transit,,Southwest,447.79,856.15,50
TRK000000719,20230722,07/26/2023,07/26/2023,delivered,fedex,Northeast,567.86,297.76,10
TRK000000792,2023-03-07,03/10/2023,10-03-2023,Delayed,DHL,MIDWEST,98.84,190.89,22
TRK000002763,2024-09-07,2024-09-08,13-09-2024,delivered,XPO,Midwest,103.89,629.39,22
TRK000002326,06/14/2023,06/16/2023,16-06-2023,Delivered,UPS,Southeast,249.57,263.89,11
TRK000004154,12/11/2024,12/16/2024,20241217,canceled,DHL,MIDWEST,566.02,596.31,24
TRK000001381,20241001,02-10-2024,30-09-2024,Delivered,XPO,West Coast,419.89,339.29,12
TRK000000058,2023-12-20,20231227,2023-12-27,canceled,,Southwest,362.2,241.25,20
TRK000003288,2024-05-30,06-06-2024,06/11/2024,DELIVERED,USPS,MIDWEST,229.11,292.36,24
TRK000001054,12-02-2023,02/17/2023,21-02-2023,delivered,UPS,MIDWEST,62.88,535.67,8
TRK000004345,20241114,20241115,20241118,canceled,FEDEX,Midwest,471.79,351.82,37
TRK000001880,29-09-2023,30-09-2023,10/04/2023,Delayed,XPO,Midwest,258.68,306.88,18
TRK000003005,19-08-2023,08/21/2023,20-08-2023,Cancelled,DHL,midwest,72.74,300.69,39
TRK000001355,2023-03-08,03/11/2023,03/15/2023,DELIVERED,,Northeast,442.84,503.47,50
TRK000000462,02/16/2024,20240219,02/21/2024,Delivered,ups,Southwest,589.62,422.32,48
TRK000000790,31-01-2023,2023-02-04,02-02-2023,in transit,XPO,West Coast,384.46,671.98,9
TRK000004018,2023-04-18,2023-04-19,2023-04-24,late,XPO,Northeast,419.48,311.28,45
TRK000001918,20230315,21-03-2023,2023-03-23,delivered,,Midwest,78.92,829.89,4
TRK000003042,2024-04-14,04/15/2024,2024-04-17,DELIVERED,,MIDWEST,313.79,632.3,30
TRK000000550,16-07-2024,2024-07-19,,delivered,,West Coast,137.54,402.97,5
TRK000003239,12/07/2023,2023-12-11,,DELIVERED,fedex,midwest,138.97,348.5,25
TRK000002967,28-04-2023,04/29/2023,28-04-2023,Cancelled,fedex,Southeast,68.01,149.86,26
TRK000004753,18-04-2023,24-04-2023,04/27/2023,In Transit,fedex,midwest,419.56,58.85,32
TRK000003701,24-07-2023,28-07-2023,07/28/2023,delivered,UPS,Midwest,329.73,173.78,28
TRK000001862,2023-02-05,02/11/2023,2023-02-11,In Transit,,midwest,423.4,319.96,18
TRK000004475,03/02/2023,03/03/2023,20230302,delivered,FEDEX,MIDWEST,47.05,190.03,46
TRK000001373,08/28/2024,20240904,20240904,delivered,,MIDWEST,105.05,730.44,16
TRK000004522,2024-06-29,07/05/2024,07/09/2024,late,,Northeast,491.7,763.87,13
TRK000004636,2023-01-20,2023-01-26,20230131,Delivered,fedex,West Coast,415.01,473.03,9
TRK000002327,2023-09-15,16-09-2023,20230917,Delayed,DHL,Midwest,337.59,588.1,43
TRK000002913,09/12/2023,19-09-2023,2023-09-18,Delayed,FEDEX,Southwest,387.0,754.33,26
TRK000000038,2023-03-01,07-03-2023,2023-03-11,Cancelled,FEDEX,West Coast,17.15,858.44,37
TRK000000154,20230704,07/10/2023,07/15/2023,Cancelled,UPS,midwest,350.35,382.42,42
TRK000003878,2023-12-21,2023-12-22,26-12-2023,Delivered,,MIDWEST,365.44,596.35,36
TRK000004395,12-08-2023,20230813,13-08-2023,delivered,UPS,midwest,47.62,356.6,37
TRK000002030,10/22/2023,2023-10-29,,late,UPS,Southwest,56.24,157.78,8
TRK000003896,07-10-2024,2024-10-12,,Cancelled,DHL,Northeast,502.71,813.52,6
TRK000000149,2024-04-05,09-04-2024,04/08/2024,late,,Southeast,385.37,877.97,13
TRK000000721,2023-04-18,04/21/2023,20230424,Delivered,USPS,Northeast,568.15,597.93,4
TRK000001712,07-08-2023,2023-08-11,15-08-2023,Cancelled,,Southeast,397.17,425.79,32
TRK000003429,2023-10-19,10/21/2023,20231021,canceled,fedex,Midwest,513.89,472.0,8
TRK000000153,20230104,2023-01-06,2023-01-04,late,FEDEX,Southeast,293.95,477.36,34
TRK000002192,01-07-2024,08-07-2024,07-07-2024,Delivered,fedex,Southeast,134.81,803.63,38
TRK000004197,20231023,20231029,11/02/2023,in transit,USPS,Midwest,12.17,659.89,18
TRK000004024,25-10-2024,20241101,30-10-2024,DELIVERED,USPS,West Coast,86.13,193.97,6
TRK000002672,20241225,30-12-2024,03-01-2025,Cancelled,DHL,West Coast,578.07,509.79,35
TRK000000367,02/13/2023,02/15/2023,20230217,Cancelled,XPO,Southwest,462.91,522.99,42
TRK000000243,20230207,20230212,02/10/2023,In Transit,fedex,West Coast,429.48,485.28,42
TRK000002646,19-09-2023,09/21/2023,09/19/2023,delivered,fedex,Southwest,434.94,61.07,43
TRK000003387,2023-03-22,20230325,,Delivered,ups,Midwest,12.82,880.03,28
TRK000003361,21-11-2023,11/26/2023,12/01/2023,canceled,,midwest,198.46,476.73,45
TRK000001177,20241015,10/16/2024,10/18/2024,delivered,DHL,Southwest,588.07,663.61,25
TRK000004339,09/09/2024,20240916,,DELIVERED,ups,Northeast,110.8,151.83,36
TRK000002665,2024-12-27,2024-12-29,01-01-2025,canceled,fedex,MIDWEST,298.22,613.38,28
TRK000004993,01/24/2023,25-01-2023,26-01-2023,delivered,,midwest,53.09,825.22,14
TRK000003751,24-07-2023,2023-07-31,20230730,delivered,XPO,Northeast,316.29,308.67,9
TRK000002675,20230216,20230223,20230226,DELIVERED,UPS,Southeast,1.35,752.16,50
TRK000001667,11/25/2023,20231127,20231130,Cancelled,ups,Northeast,598.46,461.54,5
TRK000004296,10/03/2023,10/05/2023,10-10-2023,in transit,FEDEX,Southwest,425.56,288.71,42
TRK000002255,2023-10-09,20231014,10/14/2023,late,XPO,MIDWEST,217.65,866.63,32
TRK000003519,30-04-2024,2024-05-02,,in transit,UPS,Southeast,16.36,378.8,47
TRK000001402,20230303,03/04/2023,20230304,canceled,,Northeast,375.9,328.29,36
TRK000002791,30-04-2024,04-05-2024,2024-05-07,Cancelled,fedex,Southwest,164.26,271.6,1
TRK000004697,05/11/2023,05/16/2023,20230516,late,ups,Southeast,233.71,405.43,30
TRK000004178,14-01-2024,21-01-2024,23-01-2024,Cancelled,DHL,Southwest,394.36,61.79,41
TRK000004710,23-06-2023,06/25/2023,2023-06-27,In Transit,fedex,West Coast,437.4,422.33,30
TRK000001693,01/30/2024,20240206,2024-02-06,DELIVERED,,midwest,414.08,759.6,15
TRK000003437,10/05/2023,11-10-2023,13-10-2023,delivered,fedex,midwest,508.5,241.0,18
TRK000003962,20230304,2023-03-06,20230308,in transit,ups,Northeast,533.14,747.11,17
TRK000000954,11/03/2024,20241105,2024-11-07,DELIVERED,fedex,Southwest,74.43,423.32,26
TRK000002614,10-06-2023,2023-06-11,06/12/2023,In Transit,fedex,West Coast,414.81,371.37,8
TRK000000925,20240212,20240216,20240215,Delayed,ups,MIDWEST,46.52,410.57,9
TRK000004992,20230704,2023-07-07,20230707,late,ups,Midwest,383.08,157.06,34
TRK000002744,11/12/2024,2024-11-17,2024-11-17,Cancelled,DHL,Southeast,455.32,333.89,15
TRK000004304,28-03-2024,30-03-2024,04/01/2024,Delayed,FEDEX,Midwest,334.87,159.29,37
TRK000000994,12/08/2023,2023-12-09,12/07/2023,In Transit,ups,midwest,508.83,433.3,20
TRK000000981,17-11-2023,11/19/2023,11/20/2023,Delayed,UPS,midwest,439.93,390.21,3
TRK000004306,13-04-2023,20230415,20230417,Delivered,FEDEX,Northeast,58.08,643.39,31
TRK000002522,01/02/2023,05-01-2023,05-01-2023,DELIVERED,XPO,Southwest,482.96,364.24,13
TRK000000448,10-02-2024,17-02-2024,2024-02-18,Delivered,XPO,MIDWEST,242.88,421.4,13
TRK000004063,2023-05-16,23-05-2023,05/28/2023,delivered,ups,Northeast,369.98,697.15,9
TRK000001113,20230320,03/21/2023,2023-03-21,Cancelled,,West Coast,288.6,276.4,8
TRK000003527,2023-04-07,2023-04-09,10-04-2023,Delivered,DHL,midwest,400.22,484.86,50
TRK000002303,20241124,2024-11-27,11/29/2024,Delivered,UPS,Southeast,436.71,466.56,2
TRK000001111,07-01-2023,01/14/2023,01/16/2023,in transit,DHL,Midwest,549.51,789.65,32
TRK000002207,09/26/2023,2023-09-28,20230927,In Transit,,West Coast,227.98,151.76,40
TRK000000828,11/04/2024,2024-11-05,04-11-2024,delivered,ups,West Coast,381.05,249.7,26
TRK000004958,01/26/2023,20230131,2023-01-30,in transit,FEDEX,Southeast,126.92,407.46,20
TRK000001963,20240108,2024-01-14,2024-01-15,DELIVERED,USPS,Northeast,201.53,606.94,41
TRK000001051,30-01-2023,20230202,2023-02-05,delivered,UPS,Southwest,166.49,870.45,45
TRK000002687,05-12-2023,20231208,07-12-2023,In Transit,,Midwest,547.08,630.68,37
TRK000003793,20230729,20230801,20230731,Delivered,FEDEX,West Coast,520.56,582.75,24
TRK000001419,06/08/2023,09-06-2023,06/12/2023,Delivered,UPS,Midwest,597.97,624.98,33
TRK000004193,11/24/2024,2024-11-30,11/30/2024,late,,Midwest,129.4,327.58,31
TRK000003734,31-07-2023,07-08-2023,,Cancelled,ups,MIDWEST,37.87,93.98,17
TRK000004043,2024-06-16,20-06-2024,2024-06-19,DELIVERED,,Midwest,446.43,733.21,36
TRK000003255,14-04-2023,16-04-2023,2023-04-20,Delayed,XPO,MIDWEST,116.19,-113.72,17
TRK000003828,06/02/2024,20240603,,Delayed,,Southeast,505.28,666.37,28
TRK000003941,2023-03-22,03/25/2023,03/25/2023,In Transit,fedex,Southeast,88.24,613.69,17
TRK000001617,2023-04-21,20230425,24-04-2023,Delayed,DHL,MIDWEST,247.38,144.08,5
TRK000002277,2023-05-15,05/16/2023,05/20/2023,Cancelled,,MIDWEST,14.74,896.8,27
TRK000003492,04/10/2024,04/15/2024,04/18/2024,in transit,fedex,West Coast,185.15,884.48,19
TRK000002772,2023-09-04,07-09-2023,09/07/2023,canceled,XPO,MIDWEST,597.48,198.93,47
TRK000003883,2024-08-08,20240815,08/18/2024,in transit,XPO,Northeast,199.48,670.6,29
TRK000003502,18-05-2024,2024-05-20,,DELIVERED,FEDEX,MIDWEST,276.88,645.12,37
TRK000004045,05-06-2024,06/11/2024,20240610,delivered,,Northeast,376.52,367.16,9
TRK000004253,05/22/2023,2023-05-23,05/23/2023,Delivered,fedex,Northeast,370.71,518.94,42
TRK000002296,14-04-2024,20240416,2024-04-15,Cancelled,UPS,Midwest,175.31,605.71,49
TRK000001429,2024-01-24,2024-01-26,2024-01-27,Cancelled,FEDEX,Midwest,169.73,101.47,20
TRK000001966,11-11-2023,13-11-2023,,Delayed,UPS,MIDWEST,80.75,261.08,31
TRK000003215,20240430,20240501,05/01/2024,DELIVERED,ups,Southwest,403.44,413.31,28
TRK000002003,20241025,20241101,10/31/2024,late,ups,MIDWEST,242.32,229.94,14
TRK000002909,2024-08-01,05-08-2024,08/03/2024,Delayed,XPO,Midwest,58.0,426.46,10
TRK000004362,05/10/2024,05/17/2024,05/15/2024,Cancelled,,midwest,331.59,672.39,20
TRK000002938,20230826,28-08-2023,,delivered,ups,Southwest,349.75,810.74,3
TRK000002888,2024-05-14,15-05-2024,,late,FEDEX,West Coast,541.67,896.61,9
TRK000001184,20230903,08-09-2023,,Delayed,,Northeast,242.52,217.67,12
TRK000001220,06-11-2023,20231109,20231111,DELIVERED,fedex,midwest,16.46,654.57,43
TRK000000922,24-01-2023,27-01-2023,2023-02-01,Delivered,fedex,Northeast,440.25,583.01,17
TRK000004935,20240605,2024-06-10,12-06-2024,delivered,DHL,West Coast,453.71,310.81,48
TRK000003710,04/14/2024,15-04-2024,,late,fedex,Southwest,173.65,495.42,27
TRK000001143,2024-03-24,2024-03-29,01-04-2024,in transit,DHL,Southwest,196.93,645.22,19
TRK000001010,20230504,2023-05-11,20230514,Delivered,,Southwest,536.17,285.69,42
TRK000000788,2023-02-26,05-03-2023,2023-03-08,Delayed,FEDEX,Southwest,104.08,336.78,23
TRK000003302,24-08-2024,2024-08-26,,DELIVERED,fedex,Southeast,205.82,205.92,42
TRK000002499,20241003,05-10-2024,10/04/2024,delivered,ups,Northeast,263.22,473.36,10
TRK000004239,01-06-2024,20240607,,Delivered,,Southwest,98.0,180.84,22
TRK000002840,20230610,20230616,,Cancelled,fedex,Southwest,102.97,754.33,3
TRK000002635,2023-02-26,03-03-2023,2023-03-03,in transit,DHL,MIDWEST,209.08,878.11,26
TRK000002961,04-08-2024,08/08/2024,08/07/2024,in transit,XPO,Southeast,348.64,622.07,17
TRK000002769,20230315,20230316,20230314,Delivered,UPS,Southeast,36.03,730.33,27
TRK000001452,20230528,20230530,05/29/2023,in transit,fedex,Midwest,203.06,761.03,28
TRK000002238,20231229,2023-12-31,,delivered,USPS,Northeast,48.12,280.02,44
TRK000001403,02/16/2023,20230220,20230220,delivered,,Northeast,324.9,171.9,26
TRK000002184,2023-02-03,2023-02-04,2023-02-08,In Transit,fedex,midwest,124.76,886.81,42
TRK000001883,20231225,20231227,27-12-2023,Delivered,USPS,Southeast,172.63,853.23,34
TRK000004619,31-01-2023,2023-02-04,02/04/2023,in transit,XPO,Midwest,238.21,274.35,48
TRK000001286,2024-01-11,14-01-2024,20240114,In Transit,fedex,MIDWEST,231.93,447.02,48
TRK000003632,05-02-2023,08-02-2023,12-02-2023,In Transit,ups,West Coast,449.19,111.93,49
TRK000002153,09/29/2023,01-10-2023,20230929,Delayed,UPS,Northeast,569.65,191.91,12
TRK000004759,2023-10-08,2023-10-12,20231015,DELIVERED,,midwest,236.36,884.84,16
TRK000003690,2023-06-30,07/07/2023,11-07-2023,Delayed,fedex,MIDWEST,273.01,462.44,38
TRK000000005,03/21/2023,25-03-2023,2023-03-25,canceled,USPS,Southwest,198.88,698.35,31
TRK000004019,02/04/2024,20240205,20240208,Delivered,,Southwest,351.6,627.69,14
TRK000000850,2023-08-29,04-09-2023,09/05/2023,in transit,DHL,Southwest,313.95,673.12,25
TRK000002125,2024-10-21,2024-10-26,,Delayed,,midwest,86.73,852.88,24
TRK000000566,2023-01-14,01/19/2023,01/23/2023,late,UPS,midwest,53.11,610.16,10
TRK000002891,11/29/2024,20241130,05-12-2024,DELIVERED,DHL,Southeast,95.52,295.38,27
TRK000004123,09-05-2023,2023-05-14,20230515,Delayed,DHL,midwest,550.02,848.91,6
TRK000001932,2024-09-23,2024-09-30,29-09-2024,Delivered,UPS,West Coast,125.51,586.03,26
TRK000002505,01-07-2023,07/05/2023,,in transit,USPS,Southwest,140.31,278.38,9
TRK000002056,12/07/2024,12/13/2024,18-12-2024,Delivered,,midwest,58.7,202.53,40
TRK000001681,20240815,17-08-2024,2024-08-17,in transit,FEDEX,Midwest,328.44,531.69,12
TRK000004026,2023-10-31,07-11-2023,20231110,DELIVERED,ups,midwest,90.22,796.93,37
TRK000002829,02/20/2024,2024-02-24,20240229,Delayed,DHL,Northeast,442.35,105.84,8
TRK000001692,08/19/2024,20240825,,canceled,UPS,Southeast,598.14,273.63,5
TRK000000621,20240123,20240127,20240131,in transit,FEDEX,Midwest,444.64,601.48,9
TRK000001716,07/22/2023,20230726,2023-07-28,delivered,FEDEX,Northeast,532.53,536.29,17
TRK000001285,08-06-2023,06/11/2023,06/15/2023,Delayed,fedex,Midwest,514.85,182.03,44
TRK000004720,2023-11-05,2023-11-07,11/06/2023,delivered,DHL,Southwest,123.2,738.57,30
TRK000003517,12/01/2023,12/02/2023,,Delayed,,Southwest,61.57,200.16,20
TRK000000782,18-11-2023,11/20/2023,2023-11-23,late,DHL,Midwest,363.66,124.44,41
TRK000000451,03/08/2023,03/12/2023,03/13/2023,DELIVERED,,Southeast,65.54,695.75,27
TRK000002870,2024-07-11,07/16/2024,16-07-2024,DELIVERED,XPO,Southwest,71.98,77.71,36
TRK000002346,03/03/2024,08-03-2024,07-03-2024,Cancelled,FEDEX,Midwest,552.25,693.05,21
TRK000004140,20230912,20230918,17-09-2023,in transit,FEDEX,Midwest,259.21,220.26,28
TRK000000993,2023-01-12,01/15/2023,20230116,delivered,DHL,Southwest,3.43,434.77,39
TRK000004604,20240119,20240121,01/21/2024,in transit,XPO,Southwest,591.59,141.81,4
TRK000004282,20231007,20231008,08-10-2023,canceled,FEDEX,Southwest,414.46,570.93,32
TRK000003907,20230922,23-09-2023,22-09-2023,Delivered,DHL,Southeast,235.26,566.4,7
TRK000002539,20240320,03/21/2024,20240322,late,UPS,Southeast,169.52,510.28,29
TRK000003813,20240304,03/11/2024,20240309,Delivered,UPS,Northeast,306.16,544.59,42
TRK000004479,11/26/2023,28-11-2023,11/28/2023,DELIVERED,ups,West Coast,419.87,211.35,43
TRK000004682,20240109,01/14/2024,01/19/2024,DELIVERED,,MIDWEST,388.64,799.74,18
TRK000000699,2023-08-21,20230825,26-08-2023,Cancelled,FEDEX,MIDWEST,206.15,407.79,49
TRK000001968,12/07/2023,10-12-2023,20231212,Cancelled,,midwest,481.47,836.46,39
TRK000002985,08/10/2024,16-08-2024,08/16/2024,In Transit,FEDEX,Southeast,538.36,492.43,46
TRK000004047,20230502,20230505,05/04/2023,delivered,UPS,Northeast,330.6,352.79,24
TRK000002955,20240521,2024-05-24,,Cancelled,fedex,Southeast,151.64,69.2,30
TRK000000933,20240317,21-03-2024,2024-03-22,Delivered,fedex,West Coast,17.87,92.49,46
TRK000002366,20241102,2024-11-05,04-11-2024,Delivered,DHL,Southeast,71.89,578.24,48
TRK000002370,2023-03-06,03/10/2023,,Delivered,USPS,Midwest,108.42,180.0,45
TRK000003391,2023-12-31,01-01-2024,,DELIVERED,fedex,Southeast,76.8,675.67,31
TRK000001088,31-05-2024,02-06-2024,20240531,canceled,fedex,Southeast,170.85,264.59,25
TRK000004270,20230826,28-08-2023,2023-08-29,Delivered,XPO,Northeast,428.05,710.31,36
TRK000003490,20230724,31-07-2023,,delivered,ups,midwest,349.41,167.2,13
TRK000004634,01/10/2024,01/16/2024,17-01-2024,Cancelled,fedex,midwest,425.5,793.26,3
TRK000002578,12/21/2024,2024-12-28,20250102,Delivered,FEDEX,Southwest,399.43,144.38,37
TRK000002819,2023-06-18,2023-06-20,,Delayed,FEDEX,midwest,142.09,839.32,35
TRK000002971,24-07-2024,07/26/2024,31-07-2024,in transit,,Southeast,162.99,823.36,5
TRK000001261,03/13/2023,20230318,03/19/2023,delivered,USPS,midwest,10.98,346.38,11
TRK000004388,2023-08-26,2023-08-31,2023-08-31,Cancelled,FEDEX,West Coast,405.26,98.94,50
TRK000003148,20240505,05/07/2024,05/11/2024,Cancelled,,West Coast,111.4,573.36,25
TRK000000449,20231124,12/01/2023,12/03/2023,canceled,XPO,Southeast,329.16,509.2,47
TRK000002760,06-12-2023,12-12-2023,11-12-2023,late,,West Coast,85.58,51.37,29
TRK000001357,20231005,20231006,11-10-2023,Delivered,FEDEX,Northeast,207.29,61.83,17
TRK000001509,04-10-2024,2024-10-09,2024-10-10,Cancelled,,MIDWEST,292.58,538.05,33
TRK000000069,2023-03-11,03/12/2023,20230317,Cancelled,,Southwest,34.45,196.47,4
TRK000001946,20240520,20240527,20240528,canceled,,West Coast,367.08,226.67,8
TRK000001228,18-06-2023,20230622,22-06-2023,in transit,,Northeast,39.3,133.86,11
TRK000002306,04-09-2024,20240910,08-09-2024,Cancelled,XPO,midwest,263.96,545.95,13
TRK000004563,07-04-2024,20240414,20240414,in transit,,West Coast,215.5,346.52,43
TRK000002007,20231128,04-12-2023,02-12-2023,In Transit,UPS,Midwest,225.06,323.32,42
TRK000002181,20230106,20230109,12-01-2023,Delivered,USPS,midwest,437.96,400.91,4
TRK000002088,2023-11-03,09-11-2023,2023-11-07,in transit,USPS,Northeast,458.05,638.73,22
TRK000002078,01/01/2023,2023-01-08,01/08/2023,delivered,USPS,Southeast,420.26,73.46,25
TRK000001378,20230518,2023-05-22,25-05-2023,In Transit,fedex,Northeast,404.08,862.89,22
TRK000002432,10-10-2023,2023-10-13,20231014,DELIVERED,DHL,Northeast,566.45,670.61,49
TRK000001226,2024-10-22,2024-10-28,2024-10-31,canceled,,Midwest,298.43,171.68,20
TRK000004919,2024-08-11,2024-08-15,2024-08-14,DELIVERED,DHL,MIDWEST,2.75,154.13,44
TRK000001610,26-11-2023,20231201,30-11-2023,canceled,XPO,Northeast,157.77,575.68,44
TRK000004501,25-10-2023,2023-10-28,10/30/2023,canceled,UPS,MIDWEST,555.81,192.83,27
TRK000004898,25-11-2023,2023-11-28,2023-12-03,Cancelled,,Southwest,222.43,515.11,29
TRK000004570,20240422,2024-04-23,20240428,delivered,UPS,Midwest,127.54,754.14,24
TRK000003358,13-04-2023,15-04-2023,04/17/2023,late,,Southwest,442.5,719.95,45
TRK000000573,20240224,29-02-2024,2024-02-29,in transit,FEDEX,Midwest,510.7,803.27,42
TRK000003526,2023-07-02,06-07-2023,04-07-2023,in transit,FEDEX,West Coast,66.7,59.15,50
TRK000002484,20240425,27-04-2024,29-04-2024,In Transit,ups,Northeast,439.7,798.69,48
TRK000000611,04/29/2024,05/05/2024,20240503,DELIVERED,FEDEX,MIDWEST,561.8,146.05,14
TRK000004098,2023-07-26,07/27/2023,20230727,canceled,fedex,Southwest,463.36,284.16,27
TRK000002128,09/03/2023,09/05/2023,2023-09-10,canceled,FEDEX,Northeast,109.45,695.54,4
TRK000001941,09-11-2023,12-11-2023,20231113,In Transit,FEDEX,midwest,455.57,782.3,19
TRK000003849,25-05-2023,2023-05-31,20230529,Delivered,XPO,MIDWEST,75.52,62.63,50
TRK000002923,10/31/2024,07-11-2024,2024-11-08,Cancelled,fedex,Midwest,503.94,774.07,48
TRK000000245,14-11-2024,2024-11-18,11/21/2024,in transit,DHL,West Coast,98.81,651.13,11
TRK000001324,18-02-2023,19-02-2023,20230222,Delayed,fedex,Midwest,56.36,778.17,29
TRK000003053,20230109,20230115,,in transit,USPS,Southeast,431.7,189.51,41
TRK000000165,12-12-2023,2023-12-18,2023-12-22,In Transit,DHL,Northeast,163.25,179.51,39
TRK000004277,22-01-2024,27-01-2024,30-01-2024,delivered,XPO,MIDWEST,356.69,73.0,10
TRK000004886,27-12-2023,12/30/2023,2023-12-30,late,XPO,midwest,217.07,609.91,15
TRK000002086,20240805,08-08-2024,20240810,delivered,XPO,West Coast,41.86,741.31,19
TRK000003365,22-11-2023,11/24/2023,2023-11-28,late,DHL,West Coast,176.95,303.29,5
TRK000000816,09/01/2023,09/06/2023,,late,fedex,Southwest,290.74,710.33,9
TRK000000591,27-03-2024,2024-04-02,,Cancelled,FEDEX,midwest,316.71,357.74,14
TRK000001498,2023-10-09,20231016,,delivered,fedex,Midwest,359.92,294.78,23
TRK000004618,08/10/2023,08/17/2023,15-08-2023,Delayed,fedex,Midwest,595.35,777.51,34
TRK000003380,12/16/2023,12/21/2023,2023-12-26,canceled,USPS,West Coast,169.41,360.85,50
TRK000001529,2024-01-14,15-01-2024,01/18/2024,canceled,FEDEX,Midwest,298.65,700.44,46
TRK000001614,27-07-2024,07/29/2024,07/27/2024,delivered,,West Coast,406.64,399.98,46
TRK000003101,04/12/2023,19-04-2023,04/19/2023,Delivered,DHL,midwest,15.63,581.63,42
TRK000000528,2023-03-24,20230330,04/04/2023,delivered,XPO,Southeast,288.59,241.23,16
TRK000000487,20240809,2024-08-15,,Delivered,USPS,Northeast,182.67,463.05,8
TRK000002503,2024-08-05,20240810,20240810,In Transit,,Southeast,86.86,450.15,35
TRK000002787,20230804,05-08-2023,,Delivered,,Midwest,527.66,708.09,4
TRK000002553,02/23/2023,02/26/2023,2023-02-24,in transit,FEDEX,Northeast,204.36,688.71,31
TRK000004202,12-01-2024,01/13/2024,,late,,MIDWEST,142.83,78.59,18
TRK000004328,20240406,04/12/2024,2024-04-11,Delayed,,Midwest,105.25,683.32,5
TRK000001845,2024-07-02,07/04/2024,2024-07-05,Delivered,FEDEX,Northeast,229.01,884.98,15
TRK000002066,03/27/2024,03/28/2024,04/01/2024,DELIVERED,USPS,Southeast,509.47,714.98,26
TRK000004885,11-12-2023,2023-12-18,12/20/2023,in transit,FEDEX,Southeast,135.96,470.17,48
TRK000000302,20231016,10/18/2023,10/19/2023,in transit,ups,MIDWEST,289.62,424.82,5
TRK000001183,19-05-2024,05/22/2024,2024-05-20,DELIVERED,USPS,West Coast,469.26,285.87,17
TRK000004943,20230531,2023-06-03,06/08/2023,delivered,FEDEX,midwest,450.69,502.54,33
TRK000001485,09/29/2024,03-10-2024,10/04/2024,In Transit,ups,Midwest,463.57,108.73,41
TRK000000798,20241129,2024-12-02,20241202,canceled,XPO,Midwest,319.2,266.81,33
TRK000002302,04-09-2023,07-09-2023,20230910,DELIVERED,DHL,midwest,368.14,808.55,37
TRK000002336,2024-08-01,08-08-2024,08/13/2024,in transit,USPS,West Coast,101.38,270.95,31
TRK000000210,20231201,20231205,12/10/2023,DELIVERED,fedex,Northeast,34.98,803.27,33
TRK000003858,2023-04-20,04/23/2023,04/27/2023,delivered,XPO,Southwest,289.92,868.9,42
TRK000000186,2024-10-19,10/24/2024,24-10-2024,in transit,,Northeast,191.58,444.54,50
TRK000003056,07/26/2024,2024-08-02,2024-08-07,delivered,DHL,Southeast,484.39,97.25,18
TRK000001652,04/21/2023,20230426,20230426,DELIVERED,FEDEX,West Coast,571.82,653.54,25
TRK000001499,2024-08-04,20240811,2024-08-11,Cancelled,,Midwest,450.5,652.79,46
TRK000003835,20240511,05/12/2024,20240511,Cancelled,UPS,MIDWEST,64.24,499.67,27
TRK000004647,2024-08-07,20240814,,late,UPS,Southwest,175.94,343.28,1
TRK000000549,2024-08-31,2024-09-06,20240905,In Transit,ups,Midwest,316.46,486.59,22
TRK000001766,09/07/2023,2023-09-14,09/12/2023,in transit,USPS,West Coast,497.43,474.68,40
TRK000000441,2023-02-12,20230215,,Cancelled,FEDEX,midwest,161.9,683.42,38
TRK000000034,2023-04-25,26-04-2023,01-05-2023,In Transit,,Midwest,475.1,420.91,50
TRK000004622,11-03-2024,20240313,2024-03-13,in transit,XPO,Southwest,88.37,682.13,5
TRK000001171,2024-05-11,05/12/2024,12-05-2024,Delayed,ups,MIDWEST,51.09,740.83,34
TRK000001928,20241110,17-11-2024,,DELIVERED,UPS,Midwest,589.74,326.76,11
TRK000002755,20231029,31-10-2023,31-10-2023,canceled,DHL,Southwest,299.14,406.09,8
TRK000002680,2024-12-03,20241205,20241205,in transit,,midwest,439.49,64.14,30
TRK000002448,2023-10-14,2023-10-17,17-10-2023,in transit,fedex,Northeast,19.74,201.2,38
TRK000002028,20240131,04-02-2024,2024-02-09,Delivered,UPS,Southeast,475.41,694.0,32
TRK000001153,20230506,10-05-2023,20230513,late,XPO,MIDWEST,568.01,785.18,16
TRK000003538,12/05/2024,20241212,12/17/2024,Delayed,DHL,midwest,466.33,144.57,30
TRK000000200,22-01-2024,20240126,28-01-2024,DELIVERED,fedex,MIDWEST,165.81,692.76,4
TRK000003477,13-07-2023,19-07-2023,,DELIVERED,DHL,Northeast,332.92,73.73,36
TRK000002390,20230626,20230628,,canceled,DHL,midwest,97.98,261.51,9
TRK000003978,06/20/2024,2024-06-25,06/29/2024,canceled,XPO,Midwest,68.71,743.57,15
TRK000000987,2024-10-12,2024-10-16,15-10-2024,In Transit,fedex,Midwest,555.29,723.49,23
TRK000003495,2024-06-25,26-06-2024,20240626,in transit,USPS,Southeast,24.39,230.08,50
TRK000002071,03/07/2023,2023-03-11,16-03-2023,In Transit,fedex,Midwest,393.67,798.41,39
TRK000001611,07/24/2024,20240731,,late,,Northeast,83.86,75.86,1
TRK000000369,11/24/2024,20241128,11/30/2024,Delayed,UPS,midwest,236.75,174.13,29
TRK000000095,20240303,2024-03-09,08-03-2024,In Transit,fedex,Southeast,510.47,124.56,12
TRK000004300,2024-03-18,24-03-2024,03/24/2024,canceled,XPO,MIDWEST,121.87,553.13,47
TRK000003931,2024-06-02,09-06-2024,13-06-2024,late,,Southeast,148.43,472.64,38
TRK000002043,27-10-2023,20231031,10/31/2023,Delayed,USPS,midwest,173.35,726.99,23
TRK000004484,20241209,2024-12-12,,In Transit,UPS,midwest,497.96,603.54,31
TRK000002109,20240401,20240406,20240408,Delayed,UPS,MIDWEST,259.24,366.0,12
TRK000002041,09-08-2023,08/11/2023,12-08-2023,Delayed,USPS,midwest,384.12,837.43,26
TRK000000653,10-12-2024,20241212,2024-12-17,In Transit,,Northeast,599.89,617.96,48
TRK000000778,30-04-2023,05/01/2023,2023-04-30,DELIVERED,DHL,Midwest,204.54,466.95,38
TRK000003120,11/13/2023,16-11-2023,2023-11-21,Delivered,FEDEX,Southeast,470.29,803.02,18
TRK000004722,05-07-2024,07/12/2024,07/12/2024,In Transit,DHL,Southwest,50.39,331.18,10
TRK000002367,01/01/2023,20230107,20230107,DELIVERED,fedex,Midwest,189.38,843.34,26
TRK000004660,20241104,20241108,2024-11-06,Delayed,,MIDWEST,328.37,639.05,48
TRK000000655,2024-02-10,2024-02-15,17-02-2024,in transit,DHL,midwest,382.69,297.61,35
TRK000001017,2023-11-22,11/25/2023,20231125,Cancelled,UPS,Northeast,139.31,378.81,24
TRK000001713,05/06/2023,2023-05-11,20230511,Cancelled,,midwest,372.45,172.92,29
TRK000003520,20230322,28-03-2023,30-03-2023,late,,MIDWEST,293.7,629.37,19
TRK000001574,2023-05-05,20230511,05/15/2023,Cancelled,FEDEX,midwest,105.84,748.55,24
TRK000001189,20230816,20230823,2023-08-24,late,,Midwest,112.92,649.92,22
TRK000000208,24-01-2023,01/28/2023,20230201,In Transit,,Midwest,253.1,413.53,40
TRK000000397,24-02-2024,2024-02-27,02/28/2024,delivered,XPO,Midwest,404.95,165.55,17
TRK000000578,2023-07-20,2023-07-25,07/27/2023,Delivered,ups,West Coast,293.47,487.58,25
TRK000001016,2024-10-09,10/11/2024,2024-10-10,canceled,USPS,Southwest,525.27,553.55,9
TRK000004478,2023-04-09,2023-04-13,2023-04-12,canceled,,Southwest,427.96,770.51,44
TRK000004004,11/24/2023,11/30/2023,,canceled,,Midwest,544.28,399.77,26
TRK000000502,20240322,25-03-2024,03/24/2024,In Transit,FEDEX,Northeast,196.37,464.37,46
TRK000001911,15-05-2024,2024-05-21,2024-05-21,canceled,fedex,Northeast,192.97,715.91,49
TRK000003484,10-03-2024,16-03-2024,03/15/2024,in transit,fedex,Northeast,321.47,375.87,48
TRK000003118,20230719,22-07-2023,,in transit,,midwest,381.19,716.58,33
TRK000000435,20240327,03/30/2024,04/01/2024,In Transit,USPS,midwest,77.13,413.71,22
TRK000003284,2023-11-30,05-12-2023,2023-12-10,Cancelled,,Southeast,458.72,864.64,25
TRK000002110,01/18/2024,20240119,23-01-2024,delivered,ups,Southwest,530.87,324.73,6
TRK000001518,2023-08-22,2023-08-25,,in transit,DHL,Southeast,466.14,338.54,9
TRK000004526,2024-09-17,20240923,20240928,Delivered,USPS,midwest,142.55,408.34,39
TRK000004093,27-08-2023,08/29/2023,20230903,In Transit,,MIDWEST,463.47,776.72,8
TRK000001415,06/16/2024,18-06-2024,06/16/2024,late,,MIDWEST,410.82,816.79,32
TRK000003008,20230722,28-07-2023,20230728,DELIVERED,UPS,Midwest,505.69,743.21,33
TRK000001308,20231001,05-10-2023,20231010,late,XPO,Midwest,60.27,658.72,39
TRK000002943,03/30/2023,04/03/2023,05-04-2023,In Transit,ups,Midwest,323.81,404.23,42
TRK000004087,2023-07-29,07/31/2023,08/04/2023,in transit,XPO,midwest,199.24,383.61,42
TRK000003482,20230822,23-08-2023,2023-08-23,Cancelled,UPS,Northeast,203.05,272.3,37
TRK000002485,2023-10-17,2023-10-22,26-10-2023,Delayed,ups,midwest,431.38,95.09,31
TRK000001394,20230225,20230228,20230301,in transit,FEDEX,Northeast,69.01,493.28,41
TRK000000836,2023-07-20,23-07-2023,07/26/2023,canceled,DHL,MIDWEST,115.51,393.42,20
TRK000004291,25-07-2024,2024-08-01,04-08-2024,Delivered,,midwest,18.69,258.27,12
TRK000001984,10/14/2023,10/15/2023,2023-10-20,Cancelled,DHL,Southeast,490.53,77.21,10
TRK000002787,2023-11-15,20231116,20231121,delivered,ups,MIDWEST,85.52,155.33,42
TRK000001801,09/16/2024,2024-09-18,,DELIVERED,XPO,Midwest,541.85,743.3,50
TRK000000648,2023-12-12,13-12-2023,20231218,In Transit,USPS,West Coast,540.3,631.28,45
TRK000004065,20241021,27-10-2024,20241031,canceled,fedex,Southwest,98.58,383.34,50
TRK000002821,08/08/2023,2023-08-12,20230817,in transit,FEDEX,MIDWEST,445.98,443.12,1
TRK000000299,12-11-2024,19-11-2024,24-11-2024,Delayed,ups,Southwest,303.96,6712.63,19
TRK000004094,20-07-2023,20230721,19-07-2023,delivered,UPS,MIDWEST,358.48,236.5,43
TRK000001219,2024-07-07,07/11/2024,07/13/2024,Delayed,DHL,Southwest,332.19,560.89,26
TRK000003431,28-05-2024,01-06-2024,,late,fedex,MIDWEST,416.5,632.29,25
TRK000002806,2023-11-29,12/01/2023,,Delayed,,Northeast,104.81,171.81,30
TRK000001004,2024-01-15,16-01-2024,16-01-2024,DELIVERED,,MIDWEST,388.47,189.08,29
TRK000001979,20230826,2023-08-27,08/27/2023,canceled,XPO,Northeast,483.47,610.57,33
TRK000001238,20230302,03/06/2023,20230304,late,ups,West Coast,147.52,91.61,49
TRK000002630,10/17/2024,20241019,10/20/2024,DELIVERED,fedex,West Coast,74.53,258.91,29
TRK000001187,08/04/2023,08/09/2023,13-08-2023,Delivered,,Southwest,485.15,871.75,41
TRK000003363,2024-09-09,20240916,17-09-2024,in transit,,Midwest,400.47,457.93,14
TRK000002569,20231024,10/26/2023,2023-10-29,Delivered,USPS,Southwest,243.09,98.89,30
TRK000002040,2024-03-30,2024-04-06,10-04-2024,late,fedex,Southeast,544.52,867.55,33
TRK000000125,10-08-2024,08/15/2024,20240813,In Transit,ups,Midwest,425.8,357.32,16
TRK000003498,2023-06-05,20230608,20230613,In Transit,XPO,Northeast,85.6,473.38,20
TRK000004313,22-01-2023,20230126,01/29/2023,in transit,DHL,MIDWEST,420.08,875.98,21
TRK000003474,2023-02-05,2023-02-06,20230208,in transit,,MIDWEST,559.77,766.97,37
TRK000002344,2023-06-14,21-06-2023,2023-06-23,delivered,UPS,West Coast,453.56,598.14,48
TRK000003142,20230817,20-08-2023,20230825,In Transit,,MIDWEST,37.84,368.5,32
TRK000000864,20240810,2024-08-15,20-08-2024,Cancelled,XPO,Northeast,569.93,171.06,1
TRK000002668,20230601,20230605,,Cancelled,fedex,midwest,322.98,441.18,3
TRK000001085,20231123,2023-11-24,11/25/2023,Delivered,UPS,Southwest,205.88,790.21,1
TRK000002363,02/25/2023,02/26/2023,02/25/2023,delivered,,Southeast,191.97,858.29,28
TRK000002628,2023-12-13,12/15/2023,15-12-2023,In Transit,XPO,Southwest,241.81,131.53,39
TRK000003930,23-07-2023,20230725,26-07-2023,In Transit,UPS,Midwest,503.85,518.89,14
TRK000000333,2024-02-26,2024-02-27,20240226,Cancelled,UPS,Midwest,412.41,736.65,37
TRK000000117,09/07/2024,2024-09-09,09/09/2024,canceled,ups,Southeast,34.79,108.86,10
TRK000003760,03/18/2023,20230323,2023-03-26,delivered,FEDEX,MIDWEST,438.0,375.83,23
TRK000004954,2024-06-24,06/29/2024,20240701,DELIVERED,XPO,Southeast,275.97,571.27,40
TRK000001383,2023-07-11,15-07-2023,20230713,in transit,XPO,Northeast,135.8,634.23,47
TRK000003309,18-02-2023,2023-02-25,2023-02-23,Delayed,ups,midwest,533.85,546.75,50
TRK000002952,2024-11-19,26-11-2024,2024-11-29,DELIVERED,ups,West Coast,13.47,94.74,33
TRK000002558,20240105,01/11/2024,2024-01-16,delivered,DHL,Southwest,160.66,413.97,30
TRK000002699,2023-06-05,2023-06-10,2023-06-08,Delayed,ups,Southwest,254.13,649.2,18
TRK000004597,2024-05-24,05/25/2024,20240527,in transit,FEDEX,midwest,404.57,209.2,16
TRK000002371,05/11/2024,2024-05-15,14-05-2024,DELIVERED,UPS,Northeast,150.68,715.37,35
TRK000002379,01/14/2023,16-01-2023,20230117,DELIVERED,fedex,Southwest,578.68,730.17,36
TRK000002425,07-02-2024,11-02-2024,02/09/2024,canceled,,Midwest,197.25,685.73,24
TRK000000691,2023-02-24,2023-02-25,20230227,late,,West Coast,580.01,237.74,46
TRK000002626,2023-10-08,13-10-2023,12-10-2023,in transit,FEDEX,Southwest,56.5,729.24,39
TRK000002059,20241104,11/09/2024,20241108,in transit,ups,Southwest,322.26,436.02,24
TRK000003761,20231025,20231101,20231104,DELIVERED,DHL,West Coast,372.81,249.7,23
TRK000004899,2024-09-25,20240930,,Delayed,USPS,Northeast,229.34,613.3,18
TRK000002517,06/06/2024,20240613,06/12/2024,DELIVERED,USPS,West Coast,564.35,497.52,43
TRK000003791,2024-01-19,2024-01-26,20240125,Delivered,DHL,Northeast,291.6,609.52,19
TRK000002561,05/01/2024,2024-05-03,20240508,in transit,USPS,Midwest,366.48,881.33,27
TRK000000513,2024-07-24,07/26/2024,29-07-2024,late,XPO,Southeast,10.05,493.91,29
TRK000003403,20231111,15-11-2023,20231120,DELIVERED,ups,Southwest,291.58,216.01,37
TRK000002257,2023-02-26,02-03-2023,,delivered,,Southeast,188.62,813.48,38
TRK000002602,2024-11-09,2024-11-11,20241114,In Transit,XPO,MIDWEST,271.4,833.61,42
TRK000000805,14-11-2024,11/18/2024,2024-11-17,In Transit,fedex,midwest,216.29,308.64,40
TRK000001027,04/08/2023,04/11/2023,20230410,in transit,,West Coast,162.81,372.66,47
TRK000003367,25-09-2024,20240926,2024-09-25,delivered,UPS,Southeast,61.9,584.9,38
TRK000003707,2024-01-03,20240104,01/07/2024,in transit,DHL,Southwest,436.16,327.86,34
TRK000002126,02/20/2023,2023-02-25,2023-02-24,late,fedex,Midwest,472.8,375.23,47
TRK000001418,2024-01-30,2024-02-02,2024-01-31,canceled,UPS,Southwest,139.23,250.69,4
TRK000000924,01/30/2023,20230201,02/05/2023,in transit,fedex,West Coast,514.41,253.29,4
TRK000002906,09/26/2023,03-10-2023,10/07/2023,Delayed,fedex,Southwest,454.81,807.01,43
TRK000001322,20240110,01/13/2024,11-01-2024,DELIVERED,DHL,Midwest,117.65,870.53,43
TRK000003586,20231222,12/29/2023,20240102,delivered,UPS,Midwest,420.69,301.58,6
TRK000000675,2023-09-22,09/28/2023,20230927,DELIVERED,FEDEX,Southwest,186.97,829.33,4
TRK000001246,10/18/2024,10/25/2024,10/28/2024,Cancelled,UPS,West Coast,156.59,835.58,24
TRK000003823,04/18/2024,04/23/2024,24-04-2024,In Transit,XPO,MIDWEST,290.07,507.11,32
TRK000002123,26-11-2023,20231128,12/03/2023,canceled,USPS,Northeast,257.47,439.66,27
TRK000000509,03/09/2024,03/12/2024,20240310,DELIVERED,USPS,midwest,126.92,228.65,50
TRK000004874,27-11-2024,20241204,03-12-2024,canceled,,West Coast,427.59,306.11,15
TRK000000521,09/25/2024,29-09-2024,09/30/2024,DELIVERED,XPO,Northeast,578.72,527.64,23
TRK000004560,03/06/2023,10-03-2023,20230312,In Transit,ups,Southeast,286.02,721.29,21
TRK000003688,03/01/2024,03/02/2024,,In Transit,DHL,MIDWEST,84.79,89.46,38
TRK000003145,12/13/2023,16-12-2023,,delivered,DHL,Midwest,157.79,132.05,9
TRK000000746,06/18/2023,20230622,2023-06-22,DELIVERED,XPO,MIDWEST,22.77,400.59,21
TRK000002408,2023-05-08,2023-05-15,20-05-2023,In Transit,UPS,Northeast,107.99,512.03,35
TRK000002621,2023-11-02,11/04/2023,11/04/2023,in transit,XPO,midwest,441.92,650.32,46
TRK000002259,07/12/2023,2023-07-13,,DELIVERED,fedex,Southeast,205.1,796.93,9
TRK000003196,09-04-2024,20240414,18-04-2024,Delivered,USPS,MIDWEST,350.38,593.01,1
TRK000000526,20240929,20241004,20241008,Cancelled,,MIDWEST,315.24,482.5,7
TRK000001412,2024-08-06,08/12/2024,,Cancelled,fedex,MIDWEST,51.0,810.45,45
TRK000002120,20241109,11/10/2024,,late,,Northeast,200.61,295.71,13
TRK000002786,20230619,23-06-2023,,canceled,ups,midwest,447.89,478.99,14
TRK000004156,13-03-2023,20230314,03/13/2023,in transit,FEDEX,MIDWEST,218.83,100.47,19
TRK000001844,07/25/2023,20230726,,DELIVERED,DHL,West Coast,249.2,350.62,36
TRK000003127,06-10-2024,10/11/2024,14-10-2024,Delayed,,Northeast,60.8,515.8,37
TRK000002632,10/11/2023,2023-10-18,2023-10-17,canceled,ups,Midwest,409.59,193.5,4
TRK000001299,30-10-2024,2024-11-04,03-11-2024,Delivered,FEDEX,MIDWEST,48.44,319.42,16
TRK000000514,21-11-2024,2024-11-24,11/26/2024,Delayed,DHL,midwest,247.75,657.9,29
TRK000000303,20230519,2023-05-22,23-05-2023,Delayed,,Southeast,16.67,644.46,6
TRK000004319,09-04-2024,04/12/2024,20240414,in transit,ups,West Coast,513.83,167.5,2
TRK000001678,05-08-2024,08/06/2024,2024-08-05,late,ups,Midwest,97.68,190.64,39
TRK000003151,2024-04-24,20240429,03-05-2024,Cancelled,,Northeast,71.26,622.97,4
TRK000003963,05/19/2023,20230525,20230526,DELIVERED,ups,West Coast,276.99,-253.36,50
TRK000002154,2024-01-12,01/14/2024,01/19/2024,DELIVERED,DHL,Southwest,345.65,167.6,27
TRK000003423,20231006,10/10/2023,09-10-2023,canceled,FEDEX,midwest,473.97,212.22,20
TRK000002945,2023-06-11,06/13/2023,17-06-2023,In Transit,UPS,Northeast,46.57,217.87,25
TRK000004305,10/17/2024,20-10-2024,2024-10-24,delivered,ups,Southeast,102.09,417.29,33
TRK000003296,20241016,10/18/2024,21-10-2024,in transit,,Southeast,584.14,633.9,30
TRK000004909,20231119,24-11-2023,2023-11-25,in transit,UPS,Southeast,53.91,344.55,13
TRK000003713,2024-12-09,20241216,15-12-2024,Delivered,fedex,Midwest,240.53,324.94,10
TRK000000354,24-05-2024,05/30/2024,,in transit,FEDEX,West Coast,377.49,211.14,13
TRK000003276,28-02-2024,03/02/2024,20240302,late,XPO,Southwest,306.29,670.8,50
TRK000000532,20240507,05/12/2024,2024-05-17,In Transit,USPS,MIDWEST,140.25,610.25,15
TRK000002260,20230516,2023-05-20,20230520,In Transit,ups,Southeast,514.18,-740.02,19
TRK000001915,2024-09-30,10/01/2024,04-10-2024,DELIVERED,FEDEX,MIDWEST,90.99,151.68,2
TRK000001512,2024-03-04,2024-03-09,20240309,in transit,ups,Midwest,403.78,875.09,24
TRK000004259,21-09-2024,2024-09-23,20240924,Delivered,UPS,Northeast,33.85,184.32,46
TRK000003461,2023-08-16,08/19/2023,20230824,Cancelled,FEDEX,Midwest,499.02,676.2,42
TRK000001479,05/23/2023,05/25/2023,2023-05-28,late,FEDEX,Northeast,89.15,592.67,3
TRK000004010,2023-07-29,07/31/2023,20230731,late,,midwest,146.94,239.2,43
TRK000003815,2024-04-13,18-04-2024,04/23/2024,Delayed,USPS,West Coast,462.46,381.52,49
TRK000003238,02/22/2024,2024-02-25,,in transit,,Northeast,492.22,267.37,25
TRK000000970,06/24/2024,2024-06-25,2024-06-27,Cancelled,fedex,Midwest,455.76,738.07,34
TRK000004104,2023-10-06,20231008,20231009,Cancelled,FEDEX,Northeast,13.67,547.26,22
TRK000004314,01/02/2023,20230106,2023-01-08,Delayed,XPO,West Coast,335.51,535.74,42
TRK000000498,20230107,2023-01-09,20230111,Cancelled,FEDEX,MIDWEST,576.98,879.99,12
TRK000004034,20231007,10/14/2023,,Delayed,FEDEX,Northeast,304.06,679.83,13
TRK000002084,05/16/2024,05/17/2024,20240520,DELIVERED,DHL,West Coast,161.38,460.36,46
TRK000001481,2023-12-01,2023-12-03,20231204,delivered,,midwest,466.03,497.43,46
TRK000000714,2024-03-20,2024-03-24,03/26/2024,In Transit,UPS,Southeast,313.33,735.03,44
TRK000002613,2023-12-16,2023-12-22,,delivered,FEDEX,Southwest,28.34,133.68,13
TRK000002869,2024-01-15,01/17/2024,01/21/2024,DELIVERED,XPO,Southwest,137.46,482.97,6
TRK000003259,13-02-2024,20240217,20240221,In Transit,USPS,West Coast,46.95,91.71,40
TRK000002916,2023-07-23,2023-07-30,31-07-2023,late,UPS,Northeast,594.83,311.1,41
TRK000004101,07/22/2024,23-07-2024,2024-07-23,delivered,XPO,MIDWEST,141.2,850.35,18
TRK000001229,10/30/2023,02-11-2023,2023-11-07,Delivered,,Midwest,354.86,502.65,27
TRK000001190,2024-06-22,2024-06-28,06/29/2024,Delivered,FEDEX,Northeast,16.77,259.73,50
TRK000002221,03-02-2024,20240210,15-02-2024,canceled,ups,MIDWEST,547.09,53.53,42
TRK000004109,20230201,20230206,02/06/2023,Cancelled,FEDEX,midwest,169.19,501.29,17
TRK000000266,02/27/2023,20230302,03/02/2023,in transit,USPS,Northeast,16.34,773.04,38
TRK000003881,20230318,03/22/2023,,Cancelled,XPO,Midwest,536.67,611.86,2
TRK000004498,20230306,03/10/2023,,In Transit,ups,MIDWEST,327.78,731.59,24
TRK000002736,22-07-2024,20240727,2024-07-30,DELIVERED,UPS,MIDWEST,274.5,486.56,11
TRK000001310,20240302,20240305,20240308,In Transit,ups,Southeast,275.57,376.48,8
TRK000002794,03/27/2023,03-04-2023,,in transit,UPS,Southwest,379.06,83.13,12
TRK000000360,02/24/2024,02/26/2024,29-02-2024,canceled,UPS,MIDWEST,155.63,166.66,4
TRK000001824,12-06-2024,06/16/2024,,delivered,DHL,Northeast,97.47,416.45,39
TRK000002922,11/12/2024,11/19/2024,11/22/2024,Delivered,UPS,West Coast,9.2,234.36,1
TRK000000708,18-02-2023,2023-02-20,24-02-2023,in transit,UPS,Southeast,441.73,342.99,10
TRK000004080,12/27/2023,20231231,2023-12-29,delivered,,Southwest,116.55,621.69,39
TRK000003784,03/11/2023,20230318,03/17/2023,in transit,XPO,West Coast,545.72,488.89,27
TRK000000556,20230323,27-03-2023,03/31/2023,in transit,FEDEX,MIDWEST,553.84,860.54,37
TRK000000503,20241224,2024-12-27,27-12-2024,In Transit,XPO,MIDWEST,83.82,635.6,21
TRK000004982,17-06-2023,2023-06-24,29-06-2023,in transit,fedex,Northeast,160.04,80.13,35
TRK000004620,2023-03-24,03/29/2023,20230402,Delivered,UPS,Southwest,552.65,425.62,46
TRK000002843,03/24/2023,2023-03-27,25-03-2023,Delivered,XPO,Southeast,234.86,136.05,20
TRK000001170,05/01/2024,20240506,05/07/2024,Cancelled,USPS,Midwest,301.43,726.11,37
TRK000002507,01/12/2023,2023-01-14,2023-01-16,DELIVERED,DHL,Southeast,575.03,313.4,25
TRK000000879,2024-07-29,2024-08-02,,canceled,fedex,midwest,479.39,441.42,18
TRK000001828,11-02-2024,20240215,02/20/2024,DELIVERED,UPS,Southwest,416.18,66.31,9
TRK000002884,2023-03-12,2023-03-13,11-03-2023,delivered,,Southeast,45.15,171.12,28
TRK000001067,01/27/2024,2024-02-02,02/05/2024,In Transit,ups,Southwest,192.27,668.01,37
TRK000003175,07/03/2023,20230710,20230711,Delivered,UPS,MIDWEST,274.38,529.78,1
TRK000004990,20241118,20241125,27-11-2024,in transit,USPS,Southwest,286.04,491.5,18
TRK000004789,01/20/2024,20240124,2024-01-27,late,XPO,Southwest,216.04,223.83,41
TRK000004061,10/20/2023,24-10-2023,10/27/2023,late,XPO,West Coast,146.0,625.23,25
TRK000001586,07/05/2024,07/11/2024,,canceled,FEDEX,Southwest,585.24,604.64,14
TRK000002121,20231201,20231202,,late,FEDEX,Southeast,267.52,446.88,27
TRK000004914,07/21/2023,20230726,20230725,in transit,fedex,Midwest,525.06,860.92,43
TRK000004911,06-07-2024,2024-07-11,15-07-2024,late,USPS,West Coast,580.78,422.38,26
TRK000003014,2023-06-29,01-07-2023,07/05/2023,In Transit,ups,Northeast,39.14,227.86,5
TRK000000107,20241123,20241130,30-11-2024,In Transit,UPS,MIDWEST,152.83,584.33,27
TRK000000465,20230224,2023-03-03,2023-03-08,DELIVERED,DHL,Southeast,415.51,61.97,11
TRK000001023,08-07-2023,20230712,20230712,Cancelled,,Southeast,69.73,273.52,35
TRK000004025,2023-09-02,2023-09-04,,Delivered,FEDEX,Northeast,50.28,743.79,18
TRK000002661,07-09-2024,12-09-2024,,late,,MIDWEST,292.05,661.84,19
TRK000001288,12/04/2024,20241210,20241210,delivered,FEDEX,West Coast,311.0,244.56,23
TRK000001631,20240824,29-08-2024,31-08-2024,DELIVERED,DHL,Southwest,85.86,381.54,7
TRK000002278,2024-10-25,2024-10-27,20241027,in transit,XPO,midwest,17.83,270.51,20
TRK000002169,23-04-2024,20240428,04/26/2024,delivered,XPO,Southeast,455.73,743.92,25
TRK000003887,09/06/2023,20230907,,delivered,UPS,West Coast,148.15,500.43,37
TRK000004825,2023-02-15,02/20/2023,19-02-2023,In Transit,FEDEX,Northeast,230.59,171.75,18
TRK000003997,2023-02-02,20230205,20230204,late,DHL,Southeast,47.31,657.82,4
TRK000003565,17-02-2023,02/19/2023,02/23/2023,in transit,fedex,Southwest,573.12,72.6,35
TRK000003348,11/14/2023,18-11-2023,19-11-2023,Cancelled,DHL,Southwest,429.44,115.98,31
TRK000001524,20230830,08/31/2023,09/03/2023,delivered,XPO,Northeast,56.81,507.35,9
TRK000001520,11/27/2024,12/03/2024,2024-12-03,late,DHL,West Coast,72.57,352.36,8
TRK000003759,05/11/2023,18-05-2023,23-05-2023,DELIVERED,fedex,Southeast,441.94,67.63,31
TRK000002782,20231130,12/06/2023,2023-12-11,Delivered,ups,Northeast,179.79,108.99,25
TRK000000629,30-10-2023,11/02/2023,2023-11-06,Delivered,ups,midwest,343.95,803.13,13
TRK000004049,12/21/2023,20231226,2023-12-31,Delayed,fedex,Southwest,184.11,164.96,8
TRK000000133,20230107,20230109,14-01-2023,late,UPS,Midwest,227.88,741.98,40
TRK000002324,17-11-2023,11/22/2023,11/20/2023,DELIVERED,ups,Southwest,86.98,668.93,38
TRK000001569,2023-12-08,2023-12-15,,Delivered,,West Coast,523.34,112.17,12
TRK000001484,2023-05-11,2023-05-12,12-05-2023,in transit,,Southwest,43.46,687.33,29
TRK000001501,2023-04-30,2023-05-07,20230506,Cancelled,fedex,West Coast,27.34,293.11,26
TRK000002643,20240304,2024-03-07,,Delayed,,Southwest,568.94,392.46,13
TRK000003189,05-05-2023,2023-05-09,,in transit,XPO,midwest,580.39,754.78,13
TRK000000967,20230510,16-05-2023,14-05-2023,in transit,XPO,Southeast,229.57,843.2,27
TRK000000276,23-01-2024,2024-01-27,2024-01-29,Delivered,USPS,midwest,9.09,399.97,45
TRK000004207,20230423,04/25/2023,04/30/2023,Cancelled,,Northeast,89.21,273.63,47
TRK000000143,11/09/2024,11/15/2024,11/16/2024,delivered,USPS,Southeast,27.6,239.72,22
TRK000004256,2023-10-10,2023-10-11,2023-10-15,DELIVERED,ups,West Coast,52.69,363.72,8
TRK000003201,2024-06-26,30-06-2024,2024-07-02,Delayed,DHL,Southwest,582.34,474.64,42
TRK000003937,2024-11-22,2024-11-26,20241127,DELIVERED,,Southwest,463.62,123.27,30
TRK000002489,20231203,2023-12-04,05-12-2023,delivered,USPS,Southeast,233.51,143.2,41
TRK000000543,24-11-2023,2023-11-25,,canceled,,Southeast,107.0,218.33,15
TRK000000128,20230614,2023-06-18,2023-06-21,Delivered,fedex,Southwest,217.45,435.53,26
TRK000000656,20230215,02/18/2023,20230223,late,UPS,Southeast,251.62,120.48,50
TRK000002783,20240904,2024-09-09,07-09-2024,in transit,ups,Southwest,518.45,419.13,7
TRK000003072,28-03-2023,20230404,04-04-2023,Cancelled,UPS,Southeast,337.69,518.05,16
TRK000003371,01/23/2023,20230128,2023-01-29,canceled,XPO,MIDWEST,243.17,890.34,43
TRK000002102,05/01/2024,05/04/2024,2024-05-08,in transit,ups,midwest,496.58,235.25,37
TRK000004698,20240810,16-08-2024,20240819,Cancelled,,Southeast,446.95,499.4,40
TRK000001664,04/10/2023,20230416,04/14/2023,late,DHL,midwest,564.49,480.91,29
TRK000002612,2024-06-02,2024-06-09,20240607,late,DHL,Midwest,539.26,472.2,32
TRK000002750,20240407,2024-04-13,,late,fedex,Southeast,192.29,55.75,49
TRK000000308,2023-09-25,2023-09-26,09/25/2023,Cancelled,,Midwest,500.28,476.67,44
TRK000000235,10/15/2024,10/17/2024,2024-10-19,DELIVERED,UPS,MIDWEST,382.11,750.87,47
TRK000004849,20230321,26-03-2023,,DELIVERED,DHL,Southwest,46.22,702.68,47
TRK000004751,20231114,18-11-2023,20231117,delivered,DHL,Southwest,530.49,367.31,41
TRK000001125,08/27/2024,08/28/2024,09/02/2024,in transit,UPS,Southeast,253.81,680.81,37
TRK000001782,2024-04-26,20240501,05/05/2024,late,ups,midwest,272.35,511.93,2
TRK000003478,20241122,29-11-2024,20241203,late,XPO,MIDWEST,572.15,641.63,39
TRK000001445,20240420,24-04-2024,2024-04-25,in transit,,West Coast,80.73,638.09,42
TRK000002978,09/12/2023,20230919,20230920,canceled,FEDEX,West Coast,243.2,531.04,22
TRK000004800,20240404,04/05/2024,04/08/2024,In Transit,,Northeast,131.49,272.29,41
TRK000001832,12/07/2023,12-12-2023,12-12-2023,late,USPS,Southwest,371.48,729.08,14
TRK000001440,2023-02-26,20230303,03/04/2023,Cancelled,FEDEX,MIDWEST,397.68,473.44,6
TRK000001819,20231221,2023-12-27,29-12-2023,canceled,XPO,MIDWEST,238.8,299.56,8
TRK000002826,04/25/2023,20230501,01-05-2023,Delivered,ups,West Coast,151.12,299.17,27
TRK000000683,20230525,2023-05-31,2023-06-04,Cancelled,ups,Northeast,508.46,869.36,24
TRK000001746,2024-02-12,16-02-2024,15-02-2024,Delayed,FEDEX,MIDWEST,534.37,625.38,31
TRK000002940,2023-03-22,03/27/2023,25-03-2023,in transit,,Midwest,520.96,177.37,41
TRK000003702,03-04-2023,07-04-2023,06-04-2023,DELIVERED,FEDEX,Midwest,484.13,847.53,12
TRK000004887,2023-09-11,18-09-2023,20230921,in transit,XPO,Northeast,15.08,359.55,13
TRK000001256,27-01-2024,29-01-2024,02/02/2024,DELIVERED,UPS,Northeast,539.68,657.74,21
TRK000001211,20241029,20241030,,in transit,XPO,midwest,485.05,531.66,50
TRK000002708,25-11-2024,20241129,28-11-2024,In Transit,,MIDWEST,492.49,748.92,14
TRK000003915,20231221,12/22/2023,12/24/2023,delivered,,MIDWEST,439.35,216.88,24
TRK000000328,20230411,18-04-2023,04/18/2023,canceled,FEDEX,Southeast,454.05,829.93,46
TRK000004855,2023-01-27,20230202,02/01/2023,Cancelled,UPS,West Coast,406.01,539.48,10
TRK000001316,2024-11-05,2024-11-07,11/11/2024,delivered,ups,West Coast,446.21,158.01,9
TRK000001204,2024-06-07,06/14/2024,06/15/2024,delivered,DHL,Southeast,70.45,52.21,32
TRK000002235,2024-08-07,2024-08-08,20240812,Delayed,fedex,West Coast,569.34,153.99,10
TRK000004811,31-08-2023,09/02/2023,05-09-2023,in transit,DHL,Northeast,427.4,530.25,35
TRK000003824,2024-04-16,22-04-2024,,In Transit,UPS,Southeast,476.23,314.43,43
TRK000003910,05/23/2024,24-05-2024,28-05-2024,in transit,USPS,West Coast,97.47,518.02,7
TRK000000324,20240214,02/16/2024,02/21/2024,Delayed,XPO,Northeast,543.82,53.32,9
TRK000001739,2023-09-16,09/18/2023,19-09-2023,delivered,ups,Midwest,176.87,435.05,9
TRK000003511,2024-06-17,20240624,20240626,delivered,fedex,Northeast,164.58,455.29,5
TRK000000339,01/04/2023,01/07/2023,01/09/2023,Delayed,USPS,Southeast,180.04,617.57,18
TRK000003583,2024-11-09,20241114,20241116,DELIVERED,,midwest,159.04,667.84,9
TRK000004777,2024-07-10,2024-07-17,,in transit,ups,Northeast,113.13,323.91,20
TRK000002127,19-07-2023,07/25/2023,20230730,In Transit,fedex,Southeast,103.97,890.55,34
TRK000003266,2024-12-02,20241208,2024-12-11,canceled,UPS,West Coast,538.68,688.76,11
TRK000001505,02/06/2023,11-02-2023,14-02-2023,late,XPO,West Coast,50.12,200.4,4
TRK000003912,2023-06-10,06/14/2023,06/14/2023,late,,West Coast,337.3,549.36,9
TRK000002835,01/05/2024,20240112,2024-01-13,Cancelled,XPO,Northeast,504.6,333.01,20
TRK000004900,2023-02-20,20230225,,In Transit,DHL,midwest,208.95,601.48,25
TRK000004809,07/09/2024,2024-07-12,,canceled,,Southeast,71.12,374.04,23
TRK000001389,28-03-2023,04-04-2023,2023-04-08,In Transit,fedex,midwest,265.78,828.93,24
TRK000003708,19-08-2024,2024-08-20,2024-08-22,Delayed,fedex,Southeast,361.72,757.9,28
TRK000003796,20240602,20240605,2024-06-06,DELIVERED,fedex,Southeast,586.73,278.71,43
TRK000003045,2023-07-08,15-07-2023,20230718,late,,Midwest,27.64,622.19,6
TRK000001639,20240906,09/13/2024,,DELIVERED,,West Coast,89.98,597.58,41
TRK000001790,20240426,20240428,04/26/2024,In Transit,,MIDWEST,389.79,864.02,43
TRK000001508,15-08-2023,20-08-2023,2023-08-24,Delayed,FEDEX,MIDWEST,426.27,143.43,21
TRK000004877,18-11-2024,11/23/2024,2024-11-28,Cancelled,XPO,midwest,270.88,224.5,17
TRK000000510,20230124,01/31/2023,01/30/2023,Delayed,,Southeast,502.81,531.8,16
TRK000004001,2023-06-12,20230616,18-06-2023,DELIVERED,FEDEX,Midwest,594.52,870.53,39
TRK000004472,26-04-2023,04/29/2023,2023-04-30,delivered,DHL,West Coast,164.4,390.6,34
TRK000002686,02/17/2023,02/22/2023,02/20/2023,In Transit,FEDEX,Southwest,282.91,862.56,49
TRK000003501,2023-06-22,26-06-2023,2023-06-28,in transit,UPS,Southeast,13.33,64.63,8
TRK000002941,03-03-2023,03/07/2023,2023-03-05,canceled,,Southwest,197.57,538.94,47
TRK000003450,25-05-2024,20240528,20240531,DELIVERED,DHL,Southeast,530.75,636.99,16
TRK000001172,20230919,09/23/2023,09/22/2023,Delivered,,Midwest,359.34,724.09,3
TRK000000783,10/05/2024,12-10-2024,17-10-2024,canceled,ups,West Coast,69.27,583.37,42
TRK000002650,2024-09-28,20241004,,canceled,,midwest,160.39,677.07,9
TRK000003086,20230927,01-10-2023,20230929,In Transit,,Northeast,203.83,101.93,20
TRK000000150,2023-12-25,2023-12-30,04-01-2024,Delivered,ups,MIDWEST,527.18,532.95,2
TRK000001038,2023-12-09,20231212,14-12-2023,Cancelled,,West Coast,542.05,314.57,40
TRK000004908,20240412,20240419,20240420,late,UPS,Southeast,421.24,725.03,17
TRK000002225,21-10-2024,2024-10-24,2024-10-25,Delayed,,Southeast,221.89,138.22,4
TRK000004740,2024-04-29,2024-05-03,05/07/2024,Delayed,ups,Southwest,72.74,240.18,50
TRK000004274,20240304,03/08/2024,20240309,DELIVERED,fedex,Southeast,303.46,-354.41,14
TRK000002112,2023-05-11,2023-05-18,05/17/2023,Cancelled,USPS,Northeast,388.02,211.43,9
TRK000004617,20241021,20241027,25-10-2024,Delivered,UPS,midwest,272.45,191.16,35
TRK000000095,01/17/2024,20240119,18-01-2024,Cancelled,,MIDWEST,64.79,339.1,33
TRK000000172,20230922,27-09-2023,28-09-2023,canceled,,Southwest,451.25,252.09,25
TRK000003584,2024-01-29,20240131,2024-02-01,In Transit,FEDEX,West Coast,94.41,660.86,6
TRK000003241,18-12-2024,2024-12-25,12/28/2024,In Transit,FEDEX,West Coast,328.14,335.78,45
TRK000004265,19-07-2023,22-07-2023,,late,XPO,Southwest,442.39,603.7,38
TRK000000826,2024-12-29,01/02/2025,03-01-2025,DELIVERED,FEDEX,MIDWEST,582.95,399.33,45
TRK000001202,2023-10-02,2023-10-03,10/08/2023,Delayed,USPS,Southeast,586.84,339.67,9
TRK000000152,25-08-2023,2023-08-29,,late,DHL,MIDWEST,446.48,892.63,5
TRK000001875,20230309,20230310,20230310,delivered,DHL,Northeast,29.43,425.64,46
TRK000003506,2024-12-16,2024-12-23,,In Transit,DHL,Midwest,573.49,707.13,50
TRK000002933,20230926,20230930,,canceled,XPO,midwest,240.9,747.61,23
TRK000000259,04/02/2023,04/03/2023,2023-04-06,Delayed,fedex,Southeast,473.75,228.98,12
TRK000004416,20231111,20231114,12-11-2023,delivered,ups,Northeast,343.5,467.96,39
TRK000003324,06/18/2023,23-06-2023,20230625,delivered,XPO,West Coast,422.33,410.15,5
TRK000000747,03/20/2023,03/24/2023,,Cancelled,FEDEX,MIDWEST,428.49,482.89,44
TRK000002588,05-10-2023,20231011,13-10-2023,delivered,XPO,Southeast,49.15,286.67,17
TRK000004400,2023-07-01,20230702,2023-07-07,Cancelled,USPS,Northeast,473.79,169.38,6
TRK000002849,10/04/2023,10/06/2023,06-10-2023,DELIVERED,FEDEX,Southeast,220.78,424.57,41
TRK000001904,20230531,20230603,06/02/2023,Delivered,UPS,West Coast,577.56,760.57,30
TRK000002805,07/29/2024,2024-07-30,2024-07-31,Cancelled,fedex,West Coast,559.64,267.03,34
TRK000003848,01-12-2024,06-12-2024,07-12-2024,Delivered,DHL,Southeast,23.05,800.85,33
TRK000003402,20230502,05/05/2023,,In Transit,,Southwest,560.91,123.65,46
TRK000000718,07-02-2024,20240209,09-02-2024,In Transit,XPO,MIDWEST,507.68,313.3,18
TRK000004366,29-08-2024,03-09-2024,04-09-2024,delivered,DHL,Southeast,480.03,602.67,6
TRK000003333,05/09/2023,2023-05-15,,Delayed,XPO,Midwest,575.82,112.39,39
TRK000001387,2023-09-08,09/09/2023,10-09-2023,In Transit,USPS,midwest,300.39,70.23,27
TRK000002237,08/29/2024,09/02/2024,,in transit,DHL,MIDWEST,245.85,728.91,19
TRK000001444,03-03-2023,20230309,03/07/2023,DELIVERED,DHL,MIDWEST,497.65,558.59,23
TRK000000182,28-08-2024,08/29/2024,29-08-2024,Cancelled,UPS,Southwest,437.59,127.14,25
TRK000000547,03/15/2024,2024-03-20,18-03-2024,canceled,XPO,Northeast,110.9,412.26,5
TRK000001362,26-09-2024,02-10-2024,05-10-2024,Cancelled,UPS,Northeast,61.39,859.61,48
TRK000003100,26-10-2024,02-11-2024,2024-11-05,DELIVERED,ups,West Coast,490.02,-797.34,47
TRK000003012,02/06/2024,20240207,20240207,canceled,DHL,West Coast,317.52,887.51,7
TRK000002384,01-02-2023,02/05/2023,2023-02-08,DELIVERED,,Northeast,396.49,849.51,48
TRK000003161,03/11/2024,20240312,11-03-2024,Delayed,,Midwest,28.0,417.34,43
TRK000004041,10/14/2024,20241021,20241021,canceled,fedex,West Coast,507.04,602.36,4
TRK000004994,09/26/2023,01-10-2023,20230930,canceled,,Southeast,380.16,847.6,20
TRK000004843,18-04-2023,2023-04-25,24-04-2023,in transit,fedex,West Coast,353.68,271.24,11
TRK000003003,20230518,23-05-2023,,Delivered,UPS,Southeast,419.56,598.93,26
TRK000000988,12/07/2024,09-12-2024,12/11/2024,late,FEDEX,Southwest,294.71,450.3,30
TRK000001413,20231012,13-10-2023,20231014,Cancelled,ups,MIDWEST,266.52,711.82,25
TRK000000277,10/31/2023,02-11-2023,2023-11-01,late,,Midwest,258.74,130.23,32
TRK000003230,2023-11-05,2023-11-09,2023-11-12,In Transit,DHL,Midwest,100.15,395.75,36
TRK000002007,06/19/2024,2024-06-21,2024-06-23,late,UPS,midwest,184.0,535.87,17
TRK000004262,12/18/2024,2024-12-23,,Delayed,XPO,MIDWEST,41.58,316.32,17
TRK000003062,2023-11-26,12/03/2023,20231203,canceled,UPS,MIDWEST,472.1,273.25,29
TRK000004771,10/03/2023,20231009,2023-10-11,DELIVERED,fedex,midwest,475.98,189.05,19
TRK000001530,02/13/2024,2024-02-17,20240217,Delivered,fedex,West Coast,527.76,12751.04,45
TRK000001585,2023-09-04,09/06/2023,2023-09-08,Cancelled,fedex,West Coast,431.86,691.67,21
TRK000002604,02/03/2024,20240209,02/07/2024,in transit,USPS,West Coast,581.76,862.92,46
TRK000003642,10-10-2023,15-10-2023,20231014,DELIVERED,fedex,Midwest,208.38,631.95,32
TRK000001926,10/10/2024,2024-10-15,2024-10-13,Delivered,USPS,MIDWEST,382.25,761.03,39
TRK000001600,28-04-2024,05/03/2024,,Delivered,XPO,West Coast,89.32,592.18,12
TRK000004600,06/24/2023,06/25/2023,,Delayed,,Northeast,100.68,515.46,10
TRK000002270,2023-08-19,22-08-2023,24-08-2023,canceled,UPS,MIDWEST,100.88,110.69,43
TRK000003647,20230618,2023-06-20,20230621,In Transit,ups,Midwest,305.48,157.87,7
TRK000003222,06/05/2024,2024-06-09,08-06-2024,DELIVERED,,MIDWEST,214.95,253.9,20
TRK000004417,21-09-2023,09/25/2023,,Delayed,fedex,MIDWEST,206.6,456.36,44
TRK000002229,20240408,10-04-2024,,Cancelled,UPS,Northeast,440.8,467.88,49
TRK000002155,20230223,20230227,28-02-2023,canceled,ups,Southeast,349.35,51.67,29
TRK000000278,20240513,2024-05-14,05/17/2024,Cancelled,DHL,West Coast,434.3,447.64,48
TRK000001478,2024-08-29,09/01/2024,20240830,canceled,fedex,Midwest,92.88,327.54,44
TRK000002145,14-02-2023,02/18/2023,20230222,DELIVERED,,Southwest,70.39,181.53,29
TRK000000351,20230909,13-09-2023,12-09-2023,DELIVERED,UPS,MIDWEST,235.48,454.52,30
TRK000002738,2023-10-29,20231102,2023-11-01,in transit,XPO,Southwest,377.1,86.67,34
TRK000004902,2024-12-29,2025-01-03,,canceled,USPS,Northeast,135.39,65.43,8
TRK000000768,06/30/2024,07/04/2024,2024-07-03,Cancelled,UPS,West Coast,565.97,712.49,1
TRK000001707,14-07-2023,2023-07-21,22-07-2023,canceled,DHL,West Coast,376.54,139.62,47
TRK000002338,07/12/2024,07/13/2024,20240718,canceled,fedex,Midwest,373.54,646.5,10
TRK000000986,18-06-2024,20240620,20240624,canceled,ups,Southwest,546.48,229.06,3
TRK000001446,20230816,2023-08-21,,late,XPO,MIDWEST,228.51,379.38,40
TRK000002519,2024-07-04,10-07-2024,12-07-2024,Delayed,,Southwest,467.14,281.68,12
TRK000000007,11/27/2023,30-11-2023,01-12-2023,Delayed,UPS,midwest,135.33,62.52,9
TRK000003884,06/15/2023,20230621,06/21/2023,Cancelled,FEDEX,Midwest,519.3,462.08,45
TRK000001194,30-09-2023,20231002,10/06/2023,late,ups,Southwest,280.23,376.15,42
TRK000000589,08-08-2024,20240813,17-08-2024,Delivered,ups,West Coast,229.21,72.58,35
TRK000002944,20230826,08/29/2023,09/02/2023,In Transit,ups,midwest,299.0,714.1,49
TRK000000991,2023-07-17,2023-07-21,2023-07-24,late,FEDEX,midwest,422.04,-255.22,35
TRK000002356,20230831,2023-09-01,09/01/2023,Delayed,FEDEX,Northeast,191.31,672.58,47
TRK000002111,11-06-2024,12-06-2024,13-06-2024,delivered,XPO,midwest,170.64,581.24,31
TRK000002589,20230614,2023-06-18,20230623,delivered,fedex,Midwest,245.41,652.66,26
TRK000000068,07/25/2024,07/29/2024,20240731,in transit,fedex,Midwest,493.49,12718.39,9
TRK000002196,2023-11-21,11/27/2023,2023-11-28,Delayed,fedex,Midwest,565.6,825.18,26
TRK000002445,11-08-2023,2023-08-14,08/13/2023,Cancelled,ups,Southeast,252.16,360.54,50
TRK000002048,2024-06-03,06/10/2024,11-06-2024,Delayed,,Midwest,26.83,464.18,16
TRK000003428,20230710,20230711,20230710,late,USPS,West Coast,124.53,509.73,13
TRK000003939,04/10/2023,20230414,20230416,canceled,fedex,midwest,155.46,92.67,8
TRK000004599,07-11-2023,2023-11-13,11/17/2023,Delivered,FEDEX,West Coast,433.32,470.47,18
TRK000001873,20240928,04-10-2024,05-10-2024,Cancelled,,MIDWEST,152.06,720.95,7
TRK000002552,18-02-2023,20230225,25-02-2023,Delivered,fedex,Northeast,545.63,516.48,22
TRK000003252,23-09-2024,25-09-2024,24-09-2024,DELIVERED,fedex,MIDWEST,8.12,612.78,44
TRK000002618,20230114,20230118,20230118,canceled,fedex,Northeast,338.56,330.75,29
TRK000003976,2023-11-24,20231125,11/23/2023,late,,MIDWEST,82.6,390.56,40
TRK000000977,2023-04-25,04/29/2023,2023-04-27,DELIVERED,,Southwest,200.39,234.88,43
TRK000000196,29-11-2023,20231205,2023-12-07,Delayed,USPS,Northeast,502.61,110.3,15
TRK000004828,01/01/2024,2024-01-02,,DELIVERED,ups,West Coast,152.66,464.46,3
TRK000001234,2024-04-30,20240501,05/03/2024,in transit,,midwest,40.19,244.53,3
TRK000000974,20240708,2024-07-14,07/17/2024,in transit,XPO,Southeast,31.04,387.49,35
TRK000004335,20241229,2025-01-03,20250106,in transit,fedex,West Coast,381.33,897.45,40
TRK000003838,19-02-2024,20240222,,Cancelled,fedex,midwest,109.23,538.21,31
TRK000000456,2024-10-17,21-10-2024,24-10-2024,canceled,,MIDWEST,305.0,299.37,13
TRK000004693,16-11-2023,21-11-2023,2023-11-25,In Transit,USPS,MIDWEST,494.79,291.04,28
TRK000002162,20240108,2024-01-10,2024-01-08,DELIVERED,ups,Northeast,270.91,826.53,38
TRK000004199,03-06-2023,20230604,,Delivered,ups,Southwest,585.29,326.87,26
TRK000002979,10/11/2024,10/14/2024,10/15/2024,In Transit,DHL,Southeast,349.29,782.77,42
TRK000004545,20230608,20230611,20230614,DELIVERED,USPS,Northeast,155.95,841.39,40
TRK000004332,2024-04-04,04/10/2024,04/08/2024,in transit,,Southwest,246.2,532.29,6
TRK000003600,2024-04-22,20240427,,Delayed,XPO,Southwest,417.17,659.9,50
TRK000000884,2024-02-28,03/02/2024,,Delayed,USPS,midwest,526.12,784.07,8
TRK000003827,20240106,20240108,20240113,In Transit,fedex,Southwest,101.16,328.54,9
TRK000000078,2024-09-12,2024-09-19,20240920,late,fedex,midwest,550.81,500.94,19
TRK000000325,20231112,16-11-2023,,Delivered,XPO,Southwest,329.01,237.89,13
TRK000004369,20230408,04/10/2023,2023-04-11,late,XPO,Southeast,43.83,148.0,2
TRK000002521,10/14/2024,10/16/2024,20241015,Cancelled,ups,MIDWEST,79.27,303.44,34
TRK000001838,07-02-2024,08-02-2024,10-02-2024,Delivered,ups,Midwest,85.56,641.42,43
TRK000003601,09/06/2024,12-09-2024,11-09-2024,Cancelled,,Midwest,51.31,273.17,37
TRK000002890,01-02-2024,2024-02-04,09-02-2024,DELIVERED,XPO,Northeast,462.59,99.37,5
TRK000003109,2023-01-05,01/07/2023,,in transit,UPS,Midwest,508.75,697.02,9
TRK000004881,2023-03-10,2023-03-12,2023-03-11,canceled,fedex,Southeast,331.19,7863.01,21
TRK000003405,2023-11-03,05-11-2023,08-11-2023,delivered,USPS,midwest,57.68,651.47,6
TRK000002852,20230119,2023-01-22,20230126,Delivered,DHL,midwest,228.55,473.2,44
TRK000001936,12-06-2024,2024-06-18,20240619,DELIVERED,DHL,MIDWEST,84.11,334.26,20
TRK000004816,20240420,04/24/2024,,Delayed,fedex,Southeast,206.37,310.24,35
TRK000003776,06/11/2023,06/15/2023,17-06-2023,Delivered,ups,Southwest,523.34,233.59,14
TRK000000157,2023-11-08,13-11-2023,20231114,delivered,DHL,Southwest,290.16,816.2,50
TRK000003654,2023-01-31,02/02/2023,20230205,In Transit,,midwest,27.13,678.7,8
TRK000000599,12/09/2024,10-12-2024,2024-12-12,in transit,UPS,MIDWEST,12.82,233.92,47
TRK000003242,25-06-2024,06/29/2024,07/03/2024,DELIVERED,,Northeast,509.86,478.25,29
TRK000001374,02/04/2024,02/09/2024,20240212,late,XPO,Southeast,14.81,361.28,39
TRK000004610,08/04/2023,08/06/2023,2023-08-06,in transit,XPO,Southwest,35.75,651.79,23
TRK000002928,2023-06-28,06/30/2023,29-06-2023,late,XPO,Southwest,270.19,879.19,15
TRK000003438,05/04/2023,2023-05-06,20230508,DELIVERED,DHL,MIDWEST,211.38,551.15,14
TRK000000406,23-04-2024,04/25/2024,20240430,in transit,ups,Southeast,180.71,885.36,41
TRK000001306,2024-02-02,02/09/2024,20240208,canceled,fedex,Southeast,599.68,343.5,7
TRK000004548,20231002,20231008,2023-10-10,Delivered,DHL,Southwest,188.63,591.92,21
TRK000000920,10-02-2024,2024-02-11,,canceled,FEDEX,West Coast,241.45,659.11,49
TRK000001536,20240912,09/19/2024,20240918,Delivered,FEDEX,midwest,48.44,123.43,12
TRK000003955,20240229,2024-03-05,04-03-2024,In Transit,XPO,midwest,58.82,352.7,40
TRK000001582,05/08/2024,2024-05-12,15-05-2024,late,ups,Midwest,349.6,275.81,1
TRK000000966,12/10/2024,12-12-2024,20241212,DELIVERED,fedex,West Coast,499.24,472.1,8
TRK000001532,05-07-2023,07/07/2023,2023-07-08,late,UPS,Northeast,465.31,781.51,6
TRK000002057,20230228,2023-03-06,2023-03-10,canceled,ups,Southwest,321.19,228.1,14
TRK000001624,2023-12-25,12/26/2023,28-12-2023,delivered,FEDEX,Southwest,3.13,833.75,37
TRK000000219,2024-08-17,20240821,20240820,delivered,,midwest,531.15,250.57,8
TRK000001700,2024-10-27,11/01/2024,2024-11-05,delivered,ups,Southeast,542.88,638.03,15
TRK000000110,22-09-2024,25-09-2024,23-09-2024,DELIVERED,fedex,West Coast,181.49,711.9,12
TRK000004229,20230516,20230518,05/23/2023,DELIVERED,UPS,Northeast,269.79,882.52,13
TRK000001848,20231018,21-10-2023,10/24/2023,In Transit,UPS,MIDWEST,500.81,805.51,49
TRK000003585,24-07-2024,07/26/2024,,DELIVERED,fedex,Southwest,525.35,227.31,23
TRK000000910,04-10-2023,20231006,10/11/2023,Delayed,fedex,Northeast,538.8,885.94,50
TRK000003983,2023-08-15,08/18/2023,,Cancelled,XPO,West Coast,153.62,863.55,8
TRK000001792,08/13/2023,08/17/2023,08/20/2023,In Transit,fedex,midwest,410.0,498.68,41
TRK000004242,14-11-2024,11/16/2024,2024-11-14,Cancelled,DHL,Northeast,407.06,78.52,35
TRK000000604,05/05/2024,2024-05-11,13-05-2024,in transit,UPS,Northeast,326.28,366.99,26
TRK000002103,20240122,26-01-2024,2024-01-27,Cancelled,XPO,MIDWEST,386.32,396.03,20
TRK000003033,28-10-2023,04-11-2023,11/07/2023,canceled,fedex,Northeast,54.16,260.49,42
TRK000001118,2024-07-10,2024-07-15,2024-07-14,DELIVERED,XPO,Southeast,439.24,387.93,25
TRK000001792,2024-06-06,2024-06-08,13-06-2024,Delivered,XPO,midwest,257.75,437.86,42
TRK000003126,2023-10-04,20231008,07-10-2023,Cancelled,XPO,Southeast,61.72,880.64,33
TRK000000344,12-09-2023,2023-09-15,19-09-2023,canceled,,Northeast,93.76,189.63,14
TRK000004249,23-02-2023,20230228,2023-03-02,Delayed,fedex,Southeast,339.17,463.9,36
TRK000004735,11/30/2024,12/02/2024,04-12-2024,Delayed,ups,midwest,369.46,269.51,19
TRK000003487,10/20/2024,2024-10-25,2024-10-30,in transit,USPS,MIDWEST,395.92,862.34,27
TRK000002114,2024-04-03,20240409,2024-04-11,canceled,fedex,Midwest,585.42,711.85,26
TRK000003465,2024-09-23,20240926,2024-09-25,In Transit,fedex,Southeast,137.74,613.69,37
TRK000002914,23-07-2024,2024-07-29,2024-07-27,late,XPO,Southeast,102.04,348.13,6
TRK000004530,15-11-2023,11/17/2023,,late,USPS,Midwest,336.19,427.31,4
TRK000004152,30-08-2023,09/02/2023,04-09-2023,in transit,,Midwest,500.64,240.21,8
TRK000001521,20230604,06/09/2023,2023-06-11,DELIVERED,fedex,Midwest,307.68,617.39,1
TRK000004592,20240720,2024-07-24,07/22/2024,DELIVERED,,Southeast,402.78,278.27,25
TRK000002627,20231005,20231007,2023-10-07,canceled,XPO,MIDWEST,480.22,238.88,19
TRK000000214,06/14/2024,20240620,2024-06-19,in transit,,Northeast,278.85,892.09,15
TRK000001025,09-12-2023,20231211,2023-12-12,in transit,fedex,Northeast,502.61,374.32,33
TRK000003576,14-10-2023,20231018,2023-10-20,delivered,UPS,Southwest,344.43,478.21,18
TRK000003717,20240610,20240612,20240615,canceled,ups,West Coast,200.43,394.19,47
TRK000004593,05/21/2023,05/24/2023,20230527,Delivered,ups,Northeast,471.0,729.04,45
TRK000003282,02/11/2024,20240212,02/17/2024,late,USPS,MIDWEST,315.17,797.12,44
TRK000000818,20230812,2023-08-16,,Delayed,UPS,Midwest,151.55,111.86,27
TRK000004437,2023-12-12,12/15/2023,12/18/2023,Delayed,DHL,Northeast,127.27,418.99,4
TRK000000664,18-10-2023,20231025,10/23/2023,late,USPS,MIDWEST,28.52,246.27,49
TRK000001715,20230405,07-04-2023,2023-04-10,In Transit,DHL,Northeast,360.61,706.27,38
TRK000002161,27-11-2024,02-12-2024,,late,,Southeast,428.37,181.55,43
TRK000004569,2024-07-19,07/22/2024,,Delayed,FEDEX,West Coast,81.56,665.48,27
TRK000001565,2024-08-16,2024-08-20,08/21/2024,Cancelled,DHL,West Coast,119.43,514.13,16
TRK000003188,20240320,2024-03-26,27-03-2024,DELIVERED,UPS,Southwest,53.25,852.66,43
TRK000001155,11/24/2023,11/29/2023,,Delayed,XPO,Northeast,39.03,144.53,40
TRK000004273,2024-05-17,2024-05-23,2024-05-26,late,USPS,Northeast,138.57,656.76,47
TRK000003782,26-05-2023,01-06-2023,2023-06-06,Delivered,UPS,West Coast,567.96,305.0,14
TRK000003272,11-11-2023,2023-11-18,20231120,canceled,XPO,Southeast,329.81,178.75,31
TRK000000760,2024-05-26,2024-05-27,2024-05-27,delivered,FEDEX,MIDWEST,144.77,480.86,38
TRK000003709,03/31/2024,07-04-2024,04/07/2024,DELIVERED,,Midwest,193.89,839.4,44
TRK000001507,2024-02-04,20240206,,late,XPO,midwest,259.72,829.43,44
TRK000004467,20240706,07/11/2024,2024-07-16,delivered,USPS,Northeast,461.27,837.33,32
TRK000003644,2024-01-11,01/18/2024,17-01-2024,Delayed,XPO,Northeast,29.35,99.34,23
TRK000001922,2023-04-10,2023-04-11,11-04-2023,in transit,USPS,Midwest,494.7,768.22,18
TRK000003213,2024-03-04,20240309,,Delivered,,Southeast,76.33,766.6,4
TRK000004584,10/17/2023,20231021,10/19/2023,Delayed,fedex,Northeast,523.19,806.25,34
TRK000001268,2023-09-18,2023-09-21,,Cancelled,UPS,Southwest,449.17,246.12,1
TRK000004564,20230129,31-01-2023,2023-02-01,DELIVERED,UPS,Southwest,538.53,320.01,33
TRK000004407,27-06-2024,06/29/2024,03-07-2024,In Transit,XPO,MIDWEST,451.67,774.96,46
TRK000000959,30-05-2024,06/04/2024,06/06/2024,Cancelled,XPO,Midwest,164.06,750.98,2
TRK000004704,2023-08-11,20230812,08/15/2023,Delayed,,Southeast,570.67,515.4,35
TRK000003211,20241110,11/11/2024,11/13/2024,Cancelled,XPO,Midwest,106.52,570.42,40
TRK000003067,07/29/2023,2023-08-04,2023-08-07,DELIVERED,UPS,Northeast,326.85,335.82,20
TRK000003082,22-05-2024,20240529,29-05-2024,In Transit,USPS,West Coast,114.13,432.42,24
TRK000001168,08/31/2024,01-09-2024,2024-08-31,Delivered,UPS,Southwest,493.18,585.01,5
TRK000004889,20241204,12/10/2024,08-12-2024,in transit,DHL,Northeast,105.89,135.0,24
TRK000001820,20240104,06-01-2024,01/07/2024,canceled,,Southwest,60.93,772.32,12
TRK000000973,11/07/2024,20241109,07-11-2024,canceled,USPS,Midwest,320.29,812.98,22
TRK000002948,20230209,15-02-2023,,late,UPS,MIDWEST,310.56,173.57,17
TRK000002771,20-05-2023,05/22/2023,20-05-2023,In Transit,USPS,Southwest,433.45,651.44,46
TRK000001493,10/13/2023,2023-10-16,16-10-2023,DELIVERED,DHL,midwest,49.23,462.18,24
TRK000004057,10/27/2024,31-10-2024,,delivered,,West Coast,67.86,263.36,37
TRK000000179,07/29/2024,2024-08-03,07-08-2024,Delivered,fedex,Northeast,365.99,489.02,15
TRK000004465,21-01-2023,22-01-2023,20230120,canceled,,midwest,262.73,238.77,5
TRK000004048,02-03-2024,04-03-2024,20240306,DELIVERED,UPS,Southeast,13.61,678.56,33
TRK000000679,01-06-2023,2023-06-03,20230602,Cancelled,FEDEX,midwest,498.35,835.6,10
TRK000003314,20240511,05/12/2024,20240513,Delayed,ups,Midwest,126.36,346.39,11
TRK000003802,07/24/2023,20230729,29-07-2023,Delivered,XPO,Northeast,228.47,689.28,22
TRK000003159,2024-07-16,19-07-2024,21-07-2024,canceled,DHL,MIDWEST,15.3,361.7,21
TRK000002838,29-11-2024,2024-12-06,,delivered,fedex,MIDWEST,168.77,250.3,6
TRK000003406,2024-06-30,07-07-2024,20240706,In Transit,UPS,Northeast,130.75,663.69,17
TRK000004317,20240324,03/26/2024,27-03-2024,canceled,,Midwest,540.92,451.28,8
TRK000000665,10/24/2024,10/27/2024,11/01/2024,in transit,fedex,Southwest,217.02,614.53,35
TRK000000632,20241011,14-10-2024,16-10-2024,in transit,fedex,Southeast,514.08,12574.16,38
TRK000001544,10/28/2024,20241104,07-11-2024,Cancelled,DHL,Southeast,453.68,65.13,15
TRK000004725,22-05-2024,05/23/2024,2024-05-25,delivered,UPS,Northeast,463.12,385.02,35
TRK000000537,20240206,08-02-2024,,late,,Southeast,410.11,106.3,39
TRK000003871,07/24/2023,20230728,29-07-2023,Delivered,DHL,West Coast,127.89,326.88,44
TRK000003658,22-08-2024,20240824,08/28/2024,In Transit,DHL,MIDWEST,195.47,287.69,10
TRK000004404,20241222,2024-12-29,2025-01-02,Cancelled,USPS,Southwest,40.12,436.38,6
TRK000001380,20240227,02-03-2024,02-03-2024,In Transit,fedex,Southeast,159.94,723.2,31
TRK000003952,20230702,2023-07-03,20230706,Delayed,ups,Southwest,239.87,241.74,18
TRK000003780,09/08/2023,09/13/2023,09/11/2023,canceled,fedex,West Coast,525.33,690.29,31
TRK000003671,20240527,2024-05-31,20240603,Delayed,FEDEX,Southwest,385.98,784.19,37
TRK000004819,22-06-2024,20240626,29-06-2024,Delivered,fedex,Midwest,372.51,678.86,29
TRK000003026,20240923,09/29/2024,2024-09-29,canceled,FEDEX,Southwest,344.49,547.6,9
TRK000003421,20240806,08/10/2024,20240814,in transit,fedex,Northeast,518.3,247.48,9
TRK000002211,01-05-2024,2024-05-03,05/01/2024,canceled,,Northeast,468.72,721.85,37
TRK000003158,20230222,2023-02-23,,late,,Southwest,511.65,319.77,38
TRK000002080,03-11-2024,2024-11-08,11/12/2024,canceled,FEDEX,MIDWEST,3.2,155.08,36
TRK000004377,20230127,29-01-2023,2023-01-29,late,FEDEX,MIDWEST,496.73,627.52,36
TRK000003229,03/19/2024,03/23/2024,03/23/2024,Delayed,UPS,Northeast,591.38,771.91,44
TRK000003459,18-06-2024,21-06-2024,,late,FEDEX,Southwest,585.32,541.23,19
TRK000001212,21-06-2023,25-06-2023,20230628,Delayed,,Midwest,451.88,532.69,9
TRK000000317,19-03-2024,20240322,2024-03-26,canceled,ups,West Coast,504.72,634.67,5
TRK000004756,2024-12-19,20241223,20241221,late,,Southwest,230.48,466.6,43
TRK000004974,02/17/2023,02/18/2023,02/16/2023,Delayed,ups,Northeast,206.85,71.16,12
TRK000000928,2023-05-25,05/26/2023,2023-05-25,Delayed,ups,Southeast,155.44,190.41,42
TRK000000787,27-01-2023,01-02-2023,2023-01-31,late,XPO,midwest,234.3,801.42,27
TRK000001992,20240920,25-09-2024,20240927,Delayed,USPS,Midwest,581.12,770.88,43
TRK000003139,07/16/2023,22-07-2023,24-07-2023,late,XPO,Midwest,360.23,638.58,38
TRK000001400,22-01-2023,26-01-2023,2023-01-25,late,fedex,Midwest,394.46,519.2,15
TRK000000878,2024-11-06,11/10/2024,2024-11-08,Delayed,fedex,MIDWEST,481.53,795.1,31
TRK000004002,24-09-2024,10/01/2024,,delivered,,Northeast,593.94,212.43,37
TRK000000939,2024-04-07,2024-04-13,14-04-2024,In Transit,fedex,Southeast,400.95,533.12,13
TRK000001486,2023-06-18,2023-06-24,28-06-2023,Delayed,XPO,Northeast,488.62,669.51,1
TRK000000075,04-02-2023,20230210,2023-02-14,Cancelled,DHL,Southeast,515.49,359.63,6
TRK000003866,07-03-2023,2023-03-10,12-03-2023,In Transit,DHL,Southeast,529.67,387.26,5
TRK000002083,04/12/2024,14-04-2024,20240414,in transit,fedex,Midwest,278.01,287.85,4
TRK000001735,22-08-2023,2023-08-25,20230826,Delayed,ups,Southwest,126.98,651.61,4
TRK000002747,2024-02-05,2024-02-10,15-02-2024,Delivered,USPS,West Coast,568.24,738.51,49
TRK000003738,08/15/2024,20240817,,Delivered,FEDEX,Southeast,400.91,478.73,45
TRK000000383,02/12/2023,20230214,02/18/2023,delivered,,Southeast,74.97,875.97,37
TRK000002157,20240114,20240121,,Cancelled,,Midwest,228.27,425.38,3
TRK000002808,22-10-2024,20241024,2024-10-28,Delayed,fedex,West Coast,504.33,216.78,27
TRK000003762,12-09-2024,09/19/2024,2024-09-22,in transit,UPS,midwest,66.84,716.68,25
TRK000004797,02/05/2024,02/09/2024,2024-02-12,Delivered,FEDEX,Southeast,101.96,571.37,14
TRK000004719,18-07-2024,2024-07-24,24-07-2024,DELIVERED,,Southeast,324.9,265.48,22
TRK000004430,07-09-2024,12-09-2024,10-09-2024,Delivered,fedex,Southwest,24.23,378.94,25
TRK000000524,2024-08-16,08/23/2024,2024-08-26,late,USPS,Southwest,299.76,556.71,4
TRK000003331,20240629,20240704,20240707,Delivered,DHL,Southeast,85.51,245.36,32
TRK000001346,2024-08-15,08/17/2024,08/19/2024,DELIVERED,fedex,Northeast,552.82,135.96,9
TRK000004264,20241220,12/23/2024,20241225,delivered,XPO,Northeast,83.14,704.93,9
TRK000002636,18-11-2024,25-11-2024,,Delivered,XPO,Northeast,406.68,682.75,49
TRK000001543,20240222,2024-02-28,,Cancelled,FEDEX,Southwest,291.28,626.89,38
TRK000002290,20240516,2024-05-18,,late,XPO,Northeast,519.28,576.86,12
TRK000001274,2023-02-28,2023-03-03,,Delayed,UPS,Midwest,267.53,589.6,22
TRK000003964,10-03-2024,2024-03-16,2024-03-17,Delayed,FEDEX,West Coast,10.49,815.02,16
TRK000002904,20230326,03/28/2023,20230401,Cancelled,,Northeast,458.42,505.72,10
TRK000002438,20230205,2023-02-10,2023-02-09,delivered,UPS,Southwest,68.7,395.48,33
TRK000000529,20240425,20240426,04/26/2024,In Transit,USPS,Southeast,581.44,454.92,25
TRK000001606,10/14/2023,20231016,20231014,delivered,USPS,MIDWEST,403.18,481.94,44
TRK000000261,2024-05-17,05/19/2024,05/20/2024,Delayed,USPS,Southeast,568.96,468.26,26
TRK000002861,15-03-2023,20-03-2023,2023-03-22,DELIVERED,USPS,MIDWEST,421.69,393.57,40
TRK000004209,01/03/2024,2024-01-09,01/13/2024,DELIVERED,FEDEX,West Coast,558.53,120.95,12
TRK000004684,2023-11-24,01-12-2023,11/30/2023,delivered,XPO,Midwest,173.88,559.62,45
TRK000001433,2024-11-24,2024-11-28,20241128,Delayed,ups,Southeast,278.36,409.04,26
TRK000000580,20240201,02/07/2024,,late,DHL,Southeast,287.17,829.69,25
TRK000002719,09/09/2024,20240916,21-09-2024,In Transit,USPS,Northeast,508.09,668.67,43
TRK000002387,20240518,20240524,23-05-2024,canceled,FEDEX,Midwest,350.11,163.58,45
TRK000000334,08-02-2023,2023-02-12,20230211,late,FEDEX,midwest,590.72,200.88,10
TRK000001366,28-11-2023,20231205,2023-12-09,in transit,ups,Southeast,549.69,477.82,40
TRK000000616,18-07-2023,07/24/2023,2023-07-28,late,,West Coast,253.23,808.69,49
TRK000003577,11/03/2023,11/07/2023,11/05/2023,in transit,USPS,Northeast,295.46,146.55,2
TRK000002469,02/14/2024,17-02-2024,16-02-2024,Cancelled,ups,Southeast,390.21,227.16,5
TRK000004198,16-06-2023,21-06-2023,06/23/2023,delivered,DHL,midwest,515.52,355.48,22
TRK000003489,20230210,2023-02-11,14-02-2023,canceled,ups,West Coast,27.52,720.59,21
TRK000002965,08/05/2024,08/07/2024,08/08/2024,DELIVERED,,midwest,293.98,542.31,11
TRK000001033,2023-04-24,25-04-2023,20230429,DELIVERED,USPS,Southwest,516.3,392.02,38
TRK000001164,11/08/2024,20241115,,In Transit,,MIDWEST,468.84,656.67,21
TRK000001584,05-09-2023,20230910,14-09-2023,Cancelled,XPO,Midwest,140.44,380.33,42
TRK000002779,2023-05-26,2023-05-30,04-06-2023,DELIVERED,ups,Southwest,337.8,515.16,5
TRK000002286,20240223,2024-02-24,2024-02-28,late,fedex,West Coast,95.39,311.27,40
TRK000000388,2024-01-26,02/02/2024,,late,UPS,West Coast,299.31,778.18,46
TRK000004060,17-12-2024,20241219,24-12-2024,Delayed,ups,Midwest,285.66,221.97,24
TRK000000270,2024-10-30,20241103,05-11-2024,In Transit,XPO,midwest,182.89,216.03,30
TRK000001371,20240812,08/15/2024,2024-08-20,DELIVERED,ups,Southwest,51.23,217.45,42
TRK000002652,2023-01-22,20230124,25-01-2023,late,ups,Northeast,583.23,778.18,37
TRK000004565,2024-04-06,20240410,14-04-2024,Cancelled,fedex,Southeast,24.34,361.51,28
TRK000004222,04/21/2023,27-04-2023,02-05-2023,Delivered,fedex,Southwest,30.87,706.38,8
TRK000000215,20230205,20230210,,Delayed,ups,midwest,465.61,375.43,33
TRK000002449,12/14/2024,2024-12-21,20241222,canceled,DHL,Northeast,183.44,232.48,27
TRK000002781,20240818,2024-08-23,23-08-2024,in transit,fedex,West Coast,52.68,804.44,20
TRK000001386,31-12-2024,04-01-2025,02-01-2025,In Transit,DHL,midwest,229.73,111.97,25
TRK000003173,01/28/2023,01-02-2023,02/04/2023,Delivered,ups,Midwest,156.95,85.85,24
TRK000001675,04/25/2024,2024-05-01,2024-05-05,in transit,USPS,midwest,208.53,503.87,44
TRK000001587,2024-09-30,10/04/2024,06-10-2024,Delayed,UPS,Midwest,430.72,595.45,47
TRK000001159,20240716,2024-07-20,2024-07-20,late,ups,West Coast,233.29,107.53,8
TRK000001528,20230324,28-03-2023,2023-03-28,In Transit,DHL,Southwest,402.41,249.93,23
TRK000001491,2024-07-12,20240719,2024-07-20,Delivered,USPS,Northeast,61.18,408.63,2
TRK000000651,2024-12-27,02-01-2025,20250106,Delivered,DHL,midwest,403.62,755.8,49
TRK000002498,25-07-2024,27-07-2024,01-08-2024,In Transit,XPO,MIDWEST,582.65,306.69,24
TRK000002142,01/21/2024,01/25/2024,24-01-2024,Delivered,DHL,Midwest,550.27,756.46,38
TRK000004461,2024-05-09,20240516,05/14/2024,in transit,,MIDWEST,286.11,699.43,3
TRK000001800,12-12-2024,15-12-2024,2024-12-14,in transit,UPS,MIDWEST,536.82,577.0,12
TRK000001794,07-09-2024,2024-09-14,,DELIVERED,FEDEX,Northeast,287.4,6290.94,8
TRK000002899,03/22/2023,20230329,02-04-2023,Delivered,USPS,MIDWEST,149.78,348.42,34
TRK000001015,16-11-2023,11/17/2023,,delivered,USPS,Southeast,475.14,848.37,17
TRK000004731,01/29/2023,2023-02-04,20230208,in transit,USPS,MIDWEST,405.48,837.38,35
TRK000000707,01/31/2024,2024-02-01,2024-02-01,late,FEDEX,Northeast,168.32,346.2,25
TRK000002647,20230304,2023-03-11,20230311,In Transit,FEDEX,Northeast,204.74,97.14,34
TRK000004686,11/11/2023,20231115,15-11-2023,DELIVERED,,West Coast,112.89,885.27,31
TRK000000346,20230127,2023-01-31,2023-02-05,late,UPS,Northeast,548.59,765.76,42
TRK000002926,20230822,08/26/2023,,late,FEDEX,Midwest,91.49,646.95,47
TRK000001407,10/27/2023,10/28/2023,,Delivered,,midwest,471.16,190.78,38
TRK000003430,30-03-2023,04/02/2023,2023-04-01,In Transit,XPO,MIDWEST,528.84,761.65,39
TRK000003683,20230621,06/23/2023,,canceled,USPS,Southwest,557.95,748.74,5
TRK000003322,2023-08-04,2023-08-10,,Delivered,ups,MIDWEST,563.16,169.6,44
TRK000000424,14-04-2024,04/19/2024,19-04-2024,Cancelled,fedex,midwest,580.65,660.32,38
TRK000001846,24-09-2024,25-09-2024,28-09-2024,In Transit,fedex,midwest,349.87,773.83,17
TRK000000254,2023-10-15,2023-10-17,10/18/2023,In Transit,,Southwest,58.51,271.17,1
TRK000000654,20240619,2024-06-25,20240628,Delayed,ups,midwest,492.14,256.88,17
TRK000004149,20240526,06/02/2024,07-06-2024,Cancelled,FEDEX,Northeast,165.95,331.01,34
TRK000001949,20230323,30-03-2023,29-03-2023,in transit,ups,West Coast,461.18,59.82,13
TRK000004967,2023-04-03,20230407,06-04-2023,In Transit,,MIDWEST,369.12,735.52,32
TRK000001317,2023-02-18,20230224,20230226,In Transit,USPS,midwest,481.86,340.01,40
TRK000000772,15-01-2023,01/16/2023,18-01-2023,in transit,XPO,midwest,549.83,714.5,30
TRK000002670,2023-05-03,20230508,12-05-2023,Cancelled,fedex,Southeast,320.55,657.57,37
TRK000002342,2024-07-27,07/29/2024,07/31/2024,Cancelled,,Midwest,542.08,869.14,27
TRK000003318,2024-09-03,20240906,20240907,canceled,DHL,West Coast,475.44,163.38,43
TRK000003724,23-05-2024,05/30/2024,20240604,In Transit,fedex,MIDWEST,226.18,727.18,40
TRK000001843,2024-03-11,03/14/2024,17-03-2024,late,USPS,Southwest,561.37,355.47,26
TRK000000169,11/03/2023,11/09/2023,11/11/2023,in transit,XPO,West Coast,140.09,840.7,41
TRK000003670,07/20/2024,2024-07-21,,Delayed,FEDEX,Midwest,417.16,600.5,23
TRK000004853,20240314,2024-03-20,2024-03-25,canceled,ups,midwest,258.34,803.25,38
TRK000003244,2023-04-21,28-04-2023,2023-05-02,canceled,,midwest,186.94,625.63,19
TRK000002271,21-10-2024,2024-10-25,20241026,Cancelled,XPO,Northeast,99.84,351.05,34
TRK000002378,11/17/2023,11/20/2023,21-11-2023,Delayed,UPS,midwest,539.81,748.29,6
TRK000001896,2024-05-24,05/30/2024,2024-05-30,DELIVERED,USPS,Midwest,13.15,899.77,30
TRK000001575,29-03-2023,20230403,,Delayed,ups,Northeast,586.18,815.32,14
TRK000002077,20230206,11-02-2023,16-02-2023,canceled,XPO,Northeast,366.68,393.38,17
TRK000002434,17-02-2024,20240224,2024-02-29,in transit,DHL,MIDWEST,243.61,226.6,10
TRK000004471,2023-08-30,02-09-2023,2023-09-02,Delivered,FEDEX,Midwest,54.77,361.08,38
TRK000000370,20231219,21-12-2023,,in transit,XPO,midwest,251.15,614.22,16
TRK000004934,20240406,07-04-2024,2024-04-09,delivered,DHL,Northeast,224.87,702.11,16
TRK000003800,20231125,20231128,2023-12-02,Delivered,XPO,West Coast,292.69,679.41,50
TRK000004456,14-08-2024,2024-08-15,14-08-2024,In Transit,,West Coast,471.95,599.47,24
TRK000000315,2024-09-29,06-10-2024,20241004,DELIVERED,ups,Southeast,402.53,99.04,39
TRK000001176,18-11-2023,2023-11-22,2023-11-27,In Transit,FEDEX,midwest,418.92,863.92,9
TRK000004076,03-07-2023,07/08/2023,,Delivered,fedex,Midwest,89.53,299.68,7
TRK000004531,04/15/2024,17-04-2024,2024-04-15,canceled,UPS,MIDWEST,216.31,553.28,30
TRK000000234,20240608,06/12/2024,11-06-2024,late,,Midwest,382.87,619.02,25
TRK000000155,12-03-2023,03/17/2023,19-03-2023,canceled,,Southeast,521.08,541.2,21
TRK000001852,2023-11-28,04-12-2023,12/07/2023,canceled,DHL,Southwest,77.17,151.93,19
TRK000001892,29-08-2023,30-08-2023,09/01/2023,DELIVERED,XPO,MIDWEST,485.14,524.64,45
TRK000001272,2023-02-21,2023-02-26,02-03-2023,DELIVERED,fedex,Midwest,317.98,542.14,1
TRK000004345,20240314,16-03-2024,03/18/2024,late,USPS,Midwest,507.95,332.47,17
TRK000004039,2024-04-30,04-05-2024,2024-05-02,canceled,DHL,Northeast,166.59,567.02,2
TRK000001442,06-07-2023,2023-07-10,07/12/2023,Cancelled,XPO,Southwest,345.92,589.3,25
TRK000000231,2024-07-10,12-07-2024,20240712,Delivered,XPO,Southwest,216.33,794.87,20
TRK000004838,20241011,20241016,2024-10-20,DELIVERED,XPO,MIDWEST,194.62,399.19,29
TRK000001126,07/14/2023,07/21/2023,2023-07-19,Cancelled,ups,Midwest,419.14,271.8,44
TRK000004172,20230318,03/24/2023,,canceled,DHL,Midwest,533.03,155.71,29
TRK000001241,20240526,20240602,20240601,canceled,fedex,MIDWEST,304.73,780.04,13
TRK000002587,20230720,07/21/2023,19-07-2023,Delivered,FEDEX,Midwest,506.99,557.8,18
TRK000001812,02/25/2023,28-02-2023,03/01/2023,DELIVERED,XPO,midwest,129.59,287.49,32
TRK000004754,20230702,07/05/2023,2023-07-03,Delivered,,Northeast,110.31,126.81,15
TRK000000280,2023-02-06,20230208,,Cancelled,ups,West Coast,213.55,825.92,45
TRK000001802,20240108,2024-01-11,14-01-2024,Delayed,fedex,Southwest,475.01,130.88,9
TRK000000619,2023-10-30,2023-11-02,11/07/2023,in transit,FEDEX,Southeast,371.14,455.85,13
TRK000004998,26-11-2023,12/02/2023,20231204,DELIVERED,ups,MIDWEST,129.66,768.06,29
TRK000004864,20240515,05/22/2024,05/21/2024,late,,Northeast,573.19,55.68,13
TRK000004457,11/11/2023,16-11-2023,11/15/2023,Delivered,UPS,midwest,44.29,575.0,9
TRK000004937,05-04-2024,20240409,20240407,delivered,,Southeast,67.6,380.75,9
TRK000002559,05/30/2024,2024-06-02,02-06-2024,Delivered,fedex,MIDWEST,445.22,129.45,19
TRK000002603,29-04-2024,2024-05-04,05/03/2024,in transit,ups,midwest,142.08,222.2,34
TRK000002634,20241205,12/12/2024,,Cancelled,,Northeast,535.31,797.85,39
TRK000002313,17-06-2024,06/21/2024,,late,USPS,Midwest,176.01,776.65,29
TRK000003613,04-10-2024,20241010,12-10-2024,late,DHL,Southeast,341.99,823.14,22
TRK000003786,2024-08-04,05-08-2024,04-08-2024,canceled,USPS,West Coast,44.29,62.29,13
TRK000002790,03/11/2024,18-03-2024,2024-03-22,In Transit,USPS,Northeast,394.3,376.57,22
TRK000001839,20241228,20241230,2025-01-01,Delivered,UPS,midwest,500.06,539.07,6
TRK000002374,31-10-2024,11/02/2024,11/04/2024,late,FEDEX,Southeast,263.5,449.35,18
TRK000003113,12/26/2024,2024-12-29,2025-01-01,in transit,DHL,Southeast,419.04,783.79,17
TRK000002310,03-06-2024,07-06-2024,2024-06-12,late,FEDEX,Northeast,470.1,501.08,25
TRK000004272,20230914,09/16/2023,,Delayed,FEDEX,midwest,405.48,234.18,39
TRK000001901,08-12-2024,15-12-2024,2024-12-16,canceled,,MIDWEST,10.34,854.33,22
TRK000002024,02-10-2023,10/09/2023,,Delivered,UPS,midwest,589.8,491.17,30
TRK000002573,2024-09-22,09/26/2024,2024-09-24,In Transit,ups,West Coast,530.83,781.44,2
TRK000003166,20241110,2024-11-15,20241114,DELIVERED,FEDEX,Southwest,283.8,333.47,44
TRK000000726,08/12/2024,2024-08-17,08/21/2024,canceled,FEDEX,midwest,221.24,468.42,42
TRK000000309,2024-06-12,15-06-2024,2024-06-17,in transit,XPO,West Coast,471.3,737.07,36
TRK000002685,20231215,12/16/2023,,delivered,fedex,West Coast,592.99,520.14,36
TRK000003110,20231125,26-11-2023,30-11-2023,Delivered,FEDEX,Northeast,116.02,784.72,13
TRK000004325,10/22/2023,24-10-2023,20231025,Delivered,,Midwest,64.69,571.08,36
TRK000000627,20231027,10/30/2023,,Delivered,UPS,Northeast,322.81,173.97,19
TRK000002468,20240421,04/25/2024,04/23/2024,Delayed,USPS,Southeast,468.62,283.71,37
TRK000000711,20241229,01/01/2025,20250105,Delayed,,midwest,582.71,192.93,28
TRK000000809,2024-02-11,02/15/2024,20240217,DELIVERED,fedex,MIDWEST,145.81,798.48,50
TRK000001049,09/19/2023,22-09-2023,2023-09-20,late,UPS,Midwest,167.68,855.95,38
TRK000000600,12/06/2024,20241210,2024-12-12,Delivered,FEDEX,Southeast,453.32,165.28,29
TRK000000422,20230530,20230531,2023-05-31,In Transit,,Southeast,400.87,890.72,48
TRK000000968,11/04/2023,11/10/2023,2023-11-12,Delivered,USPS,Northeast,597.93,291.1,31
TRK000000605,2024-10-30,11/06/2024,2024-11-04,canceled,XPO,midwest,74.05,80.21,35
TRK000003339,04-03-2023,06-03-2023,07-03-2023,Delivered,DHL,midwest,518.49,74.94,36
TRK000002644,16-05-2023,20230520,20230524,delivered,fedex,West Coast,528.16,490.68,11
TRK000003355,14-07-2023,20230716,2023-07-20,late,UPS,Southeast,84.08,874.91,24
TRK000002980,11-07-2024,16-07-2024,2024-07-18,In Transit,FEDEX,Midwest,260.34,827.39,3
TRK000004241,20230413,2023-04-15,20230417,in transit,FEDEX,Northeast,444.35,648.28,2
TRK000001432,2024-08-21,08/28/2024,2024-08-28,in transit,XPO,Northeast,42.59,397.4,20
TRK000003180,11-03-2023,2023-03-18,,DELIVERED,,midwest,261.9,552.76,34
TRK000003711,20241219,12/23/2024,20241227,Cancelled,XPO,Midwest,315.36,683.32,36
TRK000002657,06-08-2024,10-08-2024,,DELIVERED,UPS,Southwest,44.91,827.28,40
TRK000002089,2023-03-20,2023-03-26,31-03-2023,Delivered,FEDEX,Southwest,394.01,219.97,50
TRK000004138,03/21/2023,03/28/2023,01-04-2023,Delayed,UPS,Southwest,69.6,614.02,48
TRK000000468,08/14/2023,20-08-2023,20230822,In Transit,USPS,Southwest,434.86,466.05,19
TRK000003984,20-02-2023,2023-02-27,,delivered,,Northeast,382.66,772.73,46
TRK000002091,12/11/2024,2024-12-14,20241218,Cancelled,UPS,Northeast,212.97,829.03,32
TRK000000313,20240101,07-01-2024,20240112,in transit,ups,Southwest,226.9,576.67,29
TRK000000689,09/19/2023,09/24/2023,25-09-2023,Delayed,XPO,Northeast,67.25,307.31,45
TRK000003192,20230919,2023-09-25,2023-09-25,Delivered,USPS,Southeast,343.74,791.41,13
TRK000001365,2023-11-19,24-11-2023,,in transit,DHL,West Coast,35.33,94.86,39
TRK000000908,20241113,11/14/2024,15-11-2024,In Transit,,Midwest,326.21,459.08,32
TRK000004814,02-01-2024,2024-01-03,01/06/2024,in transit,,Southeast,23.38,100.08,47
TRK000003055,2024-12-16,12/21/2024,2024-12-21,Delayed,,midwest,454.62,873.36,7
TRK000001271,2024-01-04,20240107,2024-01-10,in transit,USPS,Southwest,203.5,538.48,14
TRK000003566,2024-01-24,01/31/2024,,Delayed,UPS,MIDWEST,213.73,514.0,35
TRK000001622,07/24/2023,2023-07-28,,in transit,FEDEX,Southeast,44.88,293.9,35
TRK000004251,05/04/2023,20230511,,In Transit,ups,Midwest,296.68,784.73,31
TRK000002147,01/15/2023,17-01-2023,,DELIVERED,,MIDWEST,350.84,227.63,26
TRK000001641,04/17/2024,19-04-2024,,Cancelled,FEDEX,Southeast,425.35,614.56,25
TRK000002413,01/24/2024,30-01-2024,29-01-2024,Delivered,USPS,midwest,231.03,866.01,5
TRK000001785,20231026,30-10-2023,10/30/2023,Cancelled,XPO,Southwest,544.61,57.95,2
TRK000000997,06-05-2024,2024-05-09,20240510,DELIVERED,DHL,Midwest,301.35,772.77,44
TRK000000434,01/04/2023,20230108,20230112,In Transit,XPO,Northeast,120.04,362.39,44
TRK000003460,12/15/2023,22-12-2023,20-12-2023,in transit,UPS,midwest,149.75,13120.08,28
TRK000001789,20240218,22-02-2024,23-02-2024,late,ups,Midwest,71.64,692.92,6
TRK000000361,07/05/2023,20230706,07/09/2023,canceled,DHL,midwest,447.44,566.71,10
TRK000001483,2024-06-29,07/04/2024,,canceled,,MIDWEST,279.33,348.54,20
TRK000003768,04/16/2024,04/20/2024,24-04-2024,delivered,fedex,Northeast,139.84,288.49,21
TRK000002825,20230215,2023-02-19,20230221,Delayed,DHL,midwest,253.94,232.99,35
TRK000003408,21-12-2024,23-12-2024,20241222,Delivered,fedex,midwest,116.07,559.63,8
TRK000001885,26-10-2024,2024-11-01,11/05/2024,in transit,USPS,Southeast,193.97,478.73,19
TRK000002532,2024-06-16,23-06-2024,2024-06-23,Cancelled,,Southwest,179.2,441.52,44
TRK000004525,2024-04-01,05-04-2024,20240404,Delivered,XPO,West Coast,106.93,151.46,13
TRK000000704,01-04-2023,07-04-2023,04/11/2023,late,USPS,Midwest,383.84,143.73,33
TRK000001331,2023-01-30,20230202,01-02-2023,delivered,,midwest,266.7,879.91,24
TRK000000086,20240309,2024-03-16,03/17/2024,Cancelled,,midwest,272.44,382.81,8
TRK000001660,11/02/2024,08-11-2024,2024-11-06,Cancelled,,midwest,556.42,370.27,41
TRK000000472,05-11-2024,09-11-2024,11/12/2024,delivered,ups,Midwest,220.25,120.52,33
TRK000003916,02-08-2024,08/06/2024,08/09/2024,Delayed,,West Coast,263.89,556.05,3
TRK000001711,2023-07-06,09-07-2023,11-07-2023,canceled,XPO,MIDWEST,543.0,351.86,12
TRK000002623,20240814,08/15/2024,08/19/2024,Cancelled,DHL,Midwest,3.11,430.74,5
TRK000004606,27-03-2024,2024-03-28,20240331,in transit,ups,Northeast,43.27,871.38,23
TRK000001657,20241208,2024-12-12,12/17/2024,Delivered,fedex,Northeast,248.88,279.46,16
TRK000002349,12-06-2024,16-06-2024,2024-06-14,DELIVERED,FEDEX,Northeast,580.4,158.35,5
TRK000001759,2024-06-28,20240704,07/07/2024,late,fedex,Southeast,532.09,514.27,4
TRK000002359,20230111,2023-01-13,01/12/2023,DELIVERED,USPS,Midwest,286.6,50.05,38
TRK000004496,2024-08-25,20240828,02-09-2024,delivered,UPS,Midwest,481.31,269.3,45
TRK000001800,29-04-2024,05-05-2024,05-05-2024,Delayed,ups,midwest,528.03,628.47,41
TRK000000319,2023-01-31,2023-02-07,,Cancelled,UPS,Midwest,536.38,423.38,42
TRK000003774,08/22/2023,08/27/2023,08/26/2023,delivered,FEDEX,Southeast,475.49,113.38,4
TRK000001884,20240717,20240722,20240727,Delivered,fedex,MIDWEST,524.69,717.02,4
TRK000004286,29-01-2024,2024-02-05,,In Transit,ups,West Coast,138.24,95.05,36
TRK000001787,10/10/2023,11-10-2023,10/10/2023,In Transit,UPS,Southwest,114.9,610.51,10
TRK000000174,25-10-2023,2023-10-29,,delivered,FEDEX,West Coast,494.36,816.9,7
TRK000004191,05/22/2023,20230526,05/26/2023,canceled,DHL,Northeast,509.88,792.12,47
TRK000003530,20241027,01-11-2024,20241104,Delivered,XPO,West Coast,511.39,396.7,6
TRK000001627,26-09-2024,29-09-2024,03-10-2024,Cancelled,DHL,Midwest,278.27,330.84,45
TRK000004927,07/20/2024,2024-07-23,20240725,late,USPS,Midwest,527.19,262.88,20
TRK000004906,2024-11-02,2024-11-06,11/04/2024,late,,Southwest,501.21,605.56,5
TRK000003303,02/02/2023,20230207,,canceled,FEDEX,Midwest,68.41,815.06,3
TRK000002737,10/19/2023,10/23/2023,,DELIVERED,XPO,Southwest,282.48,606.44,6
TRK000003414,12/12/2024,20241213,16-12-2024,canceled,XPO,MIDWEST,561.58,114.48,5
TRK000002289,2024-02-21,20240224,20240226,delivered,UPS,MIDWEST,472.55,734.7,20
TRK000002050,09/03/2023,2023-09-07,07-09-2023,Cancelled,ups,Southeast,173.12,186.09,36
TRK000000943,2023-03-15,03/21/2023,,late,FEDEX,Southwest,271.33,841.63,6
TRK000004573,04/10/2023,04/11/2023,14-04-2023,canceled,,Southeast,69.47,636.8,23
TRK000002182,20241114,11/15/2024,11/17/2024,late,ups,midwest,374.06,83.43,34
TRK000004255,2024-07-03,04-07-2024,,DELIVERED,UPS,Southeast,321.7,873.14,41
TRK000000530,20241204,20241210,12/08/2024,Delayed,fedex,midwest,224.57,263.99,18
TRK000000720,20240824,08/28/2024,09/02/2024,canceled,DHL,Midwest,217.1,717.08,8
TRK000001764,09-06-2023,06/10/2023,2023-06-14,delivered,USPS,Northeast,238.81,202.9,21
TRK000003153,03-12-2024,12/06/2024,12/04/2024,In Transit,ups,West Coast,47.2,585.91,48
TRK000002038,23-08-2023,20230825,27-08-2023,DELIVERED,DHL,MIDWEST,9.47,302.74,20
TRK000003925,02/29/2024,2024-03-02,20240304,in transit,FEDEX,midwest,452.53,632.24,7
TRK000000492,05/13/2024,2024-05-14,,Delayed,fedex,MIDWEST,545.94,237.64,28
TRK000001344,2024-11-20,11/24/2024,,canceled,,MIDWEST,349.32,791.31,41
TRK000004151,05/24/2024,2024-05-25,20240523,late,UPS,Northeast,91.76,423.1,39
TRK000001047,2024-03-09,16-03-2024,2024-03-20,Delivered,ups,West Coast,223.58,841.1,36
TRK000003131,11/27/2023,2023-12-04,12/03/2023,late,ups,Midwest,431.98,655.12,21
TRK000004159,20230526,05/30/2023,,Delivered,ups,Midwest,463.29,154.2,17
TRK000004117,20240708,07/14/2024,16-07-2024,canceled,,Midwest,137.64,443.21,3
TRK000000866,07-11-2023,11/13/2023,11/14/2023,Delivered,ups,Southeast,334.41,801.31,6
TRK000002194,2024-07-05,20240709,2024-07-09,DELIVERED,UPS,MIDWEST,304.91,14224.93,5
TRK000001235,20240120,20240121,2024-01-22,delivered,,Southeast,11.38,658.31,5
TRK000000838,07/20/2024,20240721,2024-07-24,Delayed,XPO,Southeast,40.3,793.61,11
TRK000000032,2024-11-07,13-11-2024,11/17/2024,In Transit,FEDEX,Northeast,49.35,793.76,42
TRK000000225,10/02/2024,10/07/2024,20241008,DELIVERED,,Southwest,137.08,514.37,48
TRK000002455,2024-04-17,20240420,04/22/2024,DELIVERED,XPO,West Coast,594.27,596.93,48
TRK000001619,07-01-2023,09-01-2023,11-01-2023,Delayed,DHL,MIDWEST,550.52,546.74,24
TRK000000904,11/28/2023,20231201,12/03/2023,Delayed,FEDEX,Southeast,528.71,737.85,34
TRK000000187,2024-03-17,03/24/2024,,In Transit,UPS,Midwest,75.18,229.42,42
TRK000001264,2024-12-17,12/19/2024,20-12-2024,Delayed,UPS,MIDWEST,554.65,642.04,5
TRK000004163,05/01/2023,05/02/2023,,Cancelled,UPS,Midwest,361.05,547.94,5
TRK000002159,2023-07-12,07/17/2023,2023-07-16,canceled,ups,Northeast,337.57,585.73,27
TRK000004583,20241103,11/09/2024,11/08/2024,DELIVERED,,West Coast,430.98,513.76,1
TRK000002430,20240107,2024-01-12,01/17/2024,delivered,UPS,Southeast,251.82,463.08,18
TRK000004991,20230612,2023-06-14,06/18/2023,Delivered,USPS,midwest,291.26,281.02,24
TRK000002778,20230919,20230921,09/21/2023,in transit,UPS,Northeast,388.82,837.55,39
TRK000001161,04/21/2023,24-04-2023,28-04-2023,DELIVERED,FEDEX,Southeast,195.29,353.52,27
TRK000000455,20240410,2024-04-15,2024-04-16,In Transit,DHL,Southwest,216.26,604.13,38
TRK000001761,2024-01-22,26-01-2024,20240128,In Transit,XPO,Midwest,290.55,310.02,25
TRK000001414,20230430,2023-05-01,20230429,DELIVERED,,West Coast,201.51,848.02,23
TRK000000467,27-06-2023,29-06-2023,20230702,In Transit,,West Coast,66.5,69.46,19
TRK000002099,2023-11-27,2023-12-01,20231206,Cancelled,DHL,MIDWEST,472.03,392.26,15
TRK000003093,10-03-2024,2024-03-13,20240311,Delivered,XPO,Southeast,203.44,445.38,2
TRK000000883,04/23/2023,2023-04-29,20230430,Delayed,XPO,MIDWEST,292.61,225.61,19
TRK000004547,09/29/2024,20241003,2024-10-02,Delivered,,Midwest,199.68,475.84,34
TRK000001697,24-11-2023,20231201,20231202,canceled,fedex,MIDWEST,329.26,817.42,27
TRK000001811,05/25/2023,20230526,05/28/2023,in transit,ups,Northeast,446.12,164.28,3
TRK000002487,2023-03-23,03/30/2023,20230329,In Transit,XPO,MIDWEST,214.14,290.39,48
TRK000004651,04/16/2023,23-04-2023,04/22/2023,delivered,USPS,Southwest,140.58,551.45,29
TRK000001737,04/17/2023,20230422,26-04-2023,DELIVERED,XPO,Southwest,67.52,591.27,45
TRK000002712,04/02/2024,04/04/2024,04/09/2024,in transit,UPS,Southwest,308.15,556.14,44
TRK000004127,20230529,20230604,,Delivered,DHL,Southeast,407.12,351.4,17
TRK000001115,2024-12-18,20241221,12/25/2024,Delayed,DHL,West Coast,275.14,121.22,21
TRK000000335,20231214,17-12-2023,20231219,in transit,UPS,MIDWEST,3.73,81.86,44
TRK000002761,08/08/2024,20240812,2024-08-16,late,USPS,West Coast,311.91,634.07,3
TRK000004904,08/03/2024,2024-08-07,2024-08-07,In Transit,DHL,midwest,114.35,741.19,9
TRK000004250,20231015,20231016,17-10-2023,delivered,ups,Southeast,247.29,119.48,13
TRK000004360,2023-07-02,04-07-2023,07-07-2023,delivered,XPO,Southwest,172.82,69.1,1
TRK000003973,2023-01-30,01-02-2023,02/01/2023,delivered,fedex,Northeast,406.04,240.79,43
TRK000000638,10-06-2024,2024-06-11,20240612,in transit,XPO,Southeast,295.53,823.79,34
TRK000000216,12/04/2024,2024-12-07,12-12-2024,canceled,,MIDWEST,558.54,317.61,22
TRK000004513,2024-01-29,01/30/2024,01/30/2024,late,USPS,West Coast,525.86,177.61,2
TRK000000348,03/02/2023,06-03-2023,04-03-2023,DELIVERED,USPS,Midwest,263.85,573.67,38
TRK000002443,13-07-2023,15-07-2023,2023-07-13,Cancelled,USPS,Midwest,377.21,82.25,7
TRK000004812,20230101,06-01-2023,2023-01-11,DELIVERED,,midwest,66.35,96.53,8
TRK000003857,2024-06-05,06/07/2024,06/09/2024,Delayed,,Northeast,526.96,145.79,11
TRK000003182,05/04/2023,20230506,05/06/2023,DELIVERED,FEDEX,Midwest,104.07,837.4,7
TRK000001329,31-12-2024,01/03/2025,01/02/2025,In Transit,FEDEX,Midwest,197.85,383.68,31
TRK000002956,05/29/2024,04-06-2024,2024-06-04,delivered,FEDEX,MIDWEST,424.11,741.11,40
TRK000001277,07-08-2024,08/11/2024,2024-08-10,in transit,FEDEX,MIDWEST,268.08,462.69,4
TRK000001516,20230322,28-03-2023,26-03-2023,in transit,USPS,Northeast,388.94,848.19,2
TRK000000645,10/06/2024,20241007,10/08/2024,DELIVERED,,MIDWEST,438.03,587.1,9
TRK000001397,20230222,20230228,2023-03-03,Delayed,FEDEX,Southwest,490.72,371.92,40
TRK000001859,11/15/2023,11/22/2023,11/20/2023,delivered,fedex,midwest,378.45,132.38,30
TRK000001720,20230214,2023-02-18,02/16/2023,Delivered,fedex,MIDWEST,403.65,386.63,9
TRK000001541,20241212,14-12-2024,17-12-2024,Delivered,FEDEX,Midwest,192.24,295.58,28
TRK000000882,10/30/2024,20241101,2024-11-03,delivered,UPS,Southwest,585.61,490.61,22
TRK000004977,2024-11-10,16-11-2024,11/21/2024,Cancelled,FEDEX,Southeast,572.72,625.62,23
TRK000003057,08/19/2023,08/21/2023,2023-08-22,Delivered,fedex,MIDWEST,106.6,67.78,50
TRK000000376,21-02-2023,26-02-2023,2023-02-26,DELIVERED,UPS,West Coast,484.79,86.79,28
TRK000004336,01-01-2024,2024-01-07,10-01-2024,delivered,DHL,midwest,424.92,117.13,43
TRK000003981,2024-10-13,10/19/2024,10/19/2024,In Transit,,midwest,59.64,691.69,29
TRK000002594,14-12-2024,20241219,21-12-2024,Delayed,DHL,Southwest,570.24,818.13,39
TRK000004182,25-02-2024,20240302,20240304,delivered,UPS,Midwest,529.07,572.86,13
TRK000003510,07/13/2024,2024-07-18,2024-07-17,canceled,USPS,West Coast,436.98,61.39,19
TRK000000286,26-01-2024,20240128,01/27/2024,in transit,,midwest,134.33,867.39,4
TRK000001642,27-11-2024,2024-11-30,20241201,DELIVERED,FEDEX,midwest,590.08,222.13,22
TRK000002693,18-02-2024,02/23/2024,02/22/2024,in transit,fedex,midwest,90.05,274.94,49
TRK000002320,30-04-2024,20240507,20240506,DELIVERED,ups,Southwest,241.8,608.22,1
TRK000000587,20240211,20240213,20240216,Cancelled,FEDEX,West Coast,531.34,339.26,12
TRK000003563,15-10-2023,2023-10-20,20-10-2023,in transit,USPS,Northeast,428.22,242.61,14
TRK000000744,05/23/2024,20240528,2024-06-02,In Transit,DHL,Midwest,573.39,430.24,35
TRK000000026,2024-03-11,20240315,13-03-2024,delivered,UPS,West Coast,432.87,362.54,35
TRK000001438,20241004,20241010,,Delivered,ups,West Coast,401.43,626.16,24
TRK000001392,04/07/2024,20240411,20240409,Delayed,USPS,Northeast,300.1,223.16,40
TRK000003775,10/04/2024,2024-10-06,,in transit,ups,MIDWEST,465.85,240.15,3
TRK000004189,20240515,20240517,2024-05-22,delivered,ups,Southwest,419.29,694.1,27
TRK000003123,2023-12-28,01/03/2024,01/08/2024,delivered,USPS,midwest,549.06,584.42,46
TRK000002879,19-09-2023,09/26/2023,20231001,In Transit,FEDEX,Southeast,480.13,198.15,41
TRK000001120,2023-03-16,20230317,2023-03-20,Cancelled,DHL,MIDWEST,144.16,830.55,8
TRK000004245,26-12-2023,2023-12-30,01/04/2024,canceled,UPS,MIDWEST,231.9,58.04,26
TRK000000119,2024-08-05,2024-08-09,2024-08-11,Cancelled,ups,Midwest,566.34,895.18,38
TRK000001096,27-03-2024,03-04-2024,2024-04-07,in transit,XPO,Midwest,238.21,230.97,41
TRK000002841,20241019,2024-10-25,,Delivered,,Southeast,471.26,729.68,2
TRK000003398,11-06-2024,2024-06-16,06/19/2024,delivered,fedex,midwest,354.34,768.29,33
TRK000002695,15-04-2024,16-04-2024,16-04-2024,canceled,XPO,MIDWEST,527.41,439.69,40
TRK000004783,24-01-2023,01/27/2023,20230201,In Transit,FEDEX,midwest,167.07,820.8,23
TRK000002495,11/26/2024,2024-11-30,30-11-2024,In Transit,ups,Northeast,310.6,755.5,6
TRK000000108,02/26/2024,28-02-2024,20240303,canceled,DHL,MIDWEST,150.68,244.29,37
TRK000002281,2024-10-11,20241014,10/12/2024,Delayed,DHL,Northeast,436.43,724.33,26
TRK000002633,07/08/2023,2023-07-09,11-07-2023,late,FEDEX,Southeast,370.55,742.64,5
TRK000004690,20230813,2023-08-19,08/17/2023,delivered,USPS,Southeast,241.43,372.91,45
TRK000002514,2023-12-02,20231209,2023-12-08,canceled,UPS,West Coast,262.26,624.31,20
TRK000002547,20230928,2023-09-30,20231003,In Transit,,midwest,218.25,886.32,42
TRK000003353,2024-10-20,10/27/2024,10/28/2024,Cancelled,UPS,Midwest,108.71,380.92,2
TRK000003144,20230822,2023-08-26,08/30/2023,DELIVERED,UPS,Midwest,125.15,478.18,48
TRK000003992,06-10-2023,08-10-2023,,In Transit,UPS,MIDWEST,46.98,173.93,28
TRK000002298,20240622,20240628,29-06-2024,canceled,XPO,Southwest,140.99,547.01,48
TRK000003462,2024-11-28,20241201,12/06/2024,late,DHL,Midwest,144.8,414.22,33
TRK000001758,04/08/2024,15-04-2024,20240419,Delivered,,Southeast,160.12,771.65,48
TRK000003307,12/12/2023,2023-12-19,2023-12-19,delivered,fedex,Northeast,514.58,524.3,3
TRK000000927,2023-12-23,20231230,2024-01-04,canceled,,Midwest,463.15,765.66,30
TRK000002352,20240112,20240119,2024-01-20,Delivered,,midwest,454.61,899.79,17
TRK000001142,05-07-2023,07/09/2023,,Cancelled,,midwest,458.58,487.56,42
TRK000004349,20230109,20230115,2023-01-19,delivered,FEDEX,midwest,489.01,246.61,29
TRK000000471,10/29/2024,11/04/2024,02-11-2024,canceled,XPO,Northeast,566.67,343.01,38
TRK000001506,2023-04-21,24-04-2023,20230429,in transit,DHL,midwest,312.81,270.06,39
TRK000004066,20230921,20230928,30-09-2023,In Transit,FEDEX,Midwest,196.81,768.77,27
TRK000003463,18-07-2023,20230720,20230720,DELIVERED,UPS,midwest,140.39,767.3,31
TRK000004297,2024-07-18,2024-07-22,07/27/2024,delivered,DHL,Southeast,337.47,816.29,6
TRK000001339,20240102,01/05/2024,01/07/2024,late,,MIDWEST,251.96,814.11,10
TRK000003471,06/29/2024,07/04/2024,07/04/2024,canceled,,Midwest,166.58,828.55,46
TRK000000919,2023-09-09,2023-09-11,20230911,Delayed,fedex,Southeast,344.43,159.56,48
TRK000001976,20240921,20240928,20241003,In Transit,XPO,Southwest,122.33,850.15,45
TRK000004883,20231120,2023-11-25,2023-11-23,canceled,fedex,MIDWEST,344.67,554.83,37
TRK000000634,20230618,2023-06-23,06/25/2023,DELIVERED,UPS,MIDWEST,333.59,706.93,47
TRK000000872,09-07-2024,15-07-2024,07/17/2024,Delivered,UPS,Southeast,366.98,589.04,24
TRK000002079,05-10-2024,10/08/2024,20241008,in transit,,West Coast,310.67,478.15,20
TRK000002368,12/17/2023,20231223,12/23/2023,Cancelled,DHL,midwest,104.75,621.58,26
TRK000000425,11/05/2024,2024-11-08,07-11-2024,Delayed,UPS,midwest,281.07,560.6,23
TRK000004785,16-09-2024,21-09-2024,,canceled,ups,midwest,451.12,861.36,37
TRK000001280,2024-03-19,2024-03-20,20240318,Delayed,,Southeast,256.59,721.21,49
TRK000002460,17-01-2024,19-01-2024,01/18/2024,late,,Southwest,480.2,584.07,40
TRK000001179,20230609,20230615,2023-06-13,Cancelled,ups,Southwest,582.77,410.27,29
TRK000004559,02/18/2023,19-02-2023,20230222,canceled,,Southeast,412.98,875.9,30
TRK000004657,20230406,2023-04-07,2023-04-06,late,,midwest,492.51,766.23,6
TRK000002954,20240528,06/02/2024,06/05/2024,Cancelled,FEDEX,Southwest,311.49,828.63,4
TRK000003752,2024-05-30,2024-06-05,2024-06-08,delivered,USPS,Southwest,424.43,455.3,5
TRK000004316,08/07/2024,20240814,2024-08-18,canceled,UPS,Southwest,596.5,607.31,5
TRK000001733,20231106,11/10/2023,20231109,in transit,XPO,Northeast,540.9,95.96,8
TRK000003074,10/09/2023,10/13/2023,,in transit,,Southwest,353.21,128.9,15
TRK000004447,20240202,20240204,,Cancelled,FEDEX,Midwest,89.19,129.83,38
TRK000002726,27-05-2024,05/31/2024,30-05-2024,In Transit,ups,Northeast,444.28,118.9,33
TRK000003579,2023-07-11,20230717,2023-07-22,Cancelled,USPS,Northeast,341.27,822.22,32
TRK000001449,2023-06-02,06/04/2023,20230604,Delivered,fedex,Southeast,553.73,596.63,19
TRK000001683,2023-10-16,10/17/2023,20231020,Delivered,USPS,midwest,286.61,635.81,11
TRK000000501,20241018,20241021,20241020,DELIVERED,FEDEX,MIDWEST,123.03,285.81,25
TRK000002745,11-01-2023,01/12/2023,20230115,Cancelled,XPO,Southwest,125.38,688.23,26
TRK000001351,2024-12-05,12/10/2024,12/11/2024,in transit,fedex,West Coast,189.37,433.36,5
TRK000004062,10/25/2023,31-10-2023,01-11-2023,Cancelled,UPS,midwest,187.87,403.89,4
TRK000002301,20230518,23-05-2023,2023-05-21,In Transit,,Northeast,594.03,481.8,32
TRK000003919,10/03/2023,08-10-2023,20231013,In Transit,fedex,Midwest,199.23,523.22,37
TRK000002403,2024-10-07,12-10-2024,2024-10-11,DELIVERED,fedex,midwest,62.94,513.9,38
TRK000000246,2023-10-07,20231012,,In Transit,USPS,Midwest,394.42,697.15,3
TRK000004444,03/01/2023,2023-03-08,20230313,late,,MIDWEST,157.99,735.21,36
TRK000000533,21-09-2024,26-09-2024,2024-10-01,in transit,FEDEX,Southeast,129.52,540.83,16
TRK000003326,2024-12-07,20241213,13-12-2024,In Transit,fedex,midwest,490.0,491.61,36
TRK000001527,03/01/2024,2024-03-06,20240311,DELIVERED,fedex,MIDWEST,554.88,670.75,31
TRK000003027,2024-07-16,07/20/2024,07/19/2024,Delayed,DHL,Midwest,245.27,372.61,26
TRK000003050,02-07-2023,2023-07-03,2023-07-07,Delayed,ups,midwest,302.38,464.9,43
TRK000000396,12/15/2024,2024-12-17,12/18/2024,In Transit,ups,Southeast,65.27,-663.56,11
TRK000001769,06/23/2023,20230629,06/28/2023,in transit,USPS,West Coast,65.14,645.13,15
TRK000000382,2023-01-18,01/21/2023,01/21/2023,Delivered,FEDEX,Southwest,128.26,765.66,34
TRK000000350,07/28/2024,20240803,,DELIVERED,USPS,Northeast,569.9,751.03,7
TRK000004736,2023-03-03,2023-03-04,,In Transit,UPS,Midwest,365.05,732.23,47
TRK000000374,17-04-2024,2024-04-18,16-04-2024,In Transit,FEDEX,Northeast,495.94,484.05,47
TRK000000275,12/18/2023,20231219,20231218,Delivered,,Northeast,340.1,879.87,38
TRK000001943,2024-05-11,2024-05-13,2024-05-18,delivered,DHL,Southeast,67.39,574.0,8
TRK000004392,09/19/2023,23-09-2023,09/22/2023,DELIVERED,UPS,West Coast,40.19,719.51,11
TRK000002814,04/23/2024,04/26/2024,30-04-2024,late,UPS,Southeast,9.09,683.29,50
TRK000000626,20240814,21-08-2024,,Delivered,DHL,MIDWEST,561.42,461.42,43
TRK000001629,2024-01-13,20240118,20240117,DELIVERED,FEDEX,Southwest,256.31,135.3,28
TRK000001534,2023-05-15,05/19/2023,,Delivered,UPS,Southwest,124.85,773.27,46
TRK000004921,2023-12-24,20231226,20231226,In Transit,fedex,Southwest,363.36,780.46,4
TRK000002725,17-06-2024,06/20/2024,25-06-2024,delivered,FEDEX,Southwest,447.43,328.18,11
TRK000004089,02/14/2024,02/18/2024,02/19/2024,delivered,FEDEX,MIDWEST,524.17,557.34,42
TRK000001749,20231108,20231109,2023-11-12,Cancelled,USPS,Southeast,320.5,816.5,39
TRK000001281,20241024,20241028,,In Transit,FEDEX,midwest,566.07,738.12,31
TRK000000390,11/05/2024,10-11-2024,10-11-2024,Delivered,fedex,midwest,475.02,535.88,39
TRK000004247,20241018,20241019,2024-10-19,DELIVERED,XPO,midwest,2.12,588.39,34
TRK000001704,03-08-2024,2024-08-04,20240804,Delivered,fedex,Southeast,530.25,742.31,38
TRK000004674,01/28/2023,01/30/2023,20230129,late,fedex,midwest,138.22,398.76,37
TRK000001858,20230116,19-01-2023,20230120,Delivered,,Southeast,317.41,696.12,48
TRK000004097,20231122,2023-11-23,22-11-2023,in transit,XPO,Southeast,32.01,261.18,31
TRK000002777,04/12/2023,2023-04-15,2023-04-13,Delayed,USPS,Midwest,87.53,59.07,7
TRK000003390,23-11-2023,20231130,,DELIVERED,ups,MIDWEST,278.01,845.99,47
TRK000001872,01-06-2024,20240605,10-06-2024,Delayed,fedex,midwest,533.38,169.58,14
TRK000003700,05/03/2023,2023-05-09,05/08/2023,DELIVERED,FEDEX,midwest,275.67,56.79,40
TRK000003524,2023-03-02,03/07/2023,20230311,in transit,,Midwest,253.15,411.5,42
TRK000001762,20-12-2024,12/24/2024,,In Transit,fedex,midwest,402.38,859.25,35
TRK000004668,13-06-2023,20-06-2023,06/24/2023,delivered,DHL,Midwest,110.67,276.13,34
TRK000004505,20240618,21-06-2024,20240624,in transit,fedex,MIDWEST,409.53,554.55,21
TRK000003525,05/16/2024,05/21/2024,,Delivered,ups,Midwest,281.15,215.47,47
TRK000004192,20230728,08/02/2023,20230806,Delayed,FEDEX,Northeast,158.04,329.6,29
TRK000002416,02/22/2024,2024-02-23,2024-02-24,canceled,ups,Southwest,79.85,313.75,24
TRK000003121,07/22/2023,20230723,2023-07-26,Delivered,ups,Southwest,318.54,691.28,27
TRK000002664,2024-03-09,2024-03-16,03/20/2024,late,UPS,Southeast,350.28,353.74,29
TRK000002253,20230718,20230722,26-07-2023,In Transit,USPS,Southeast,211.7,471.36,48
TRK000001034,20241116,11/18/2024,,Delivered,FEDEX,Northeast,472.71,260.83,33
TRK000000539,2023-06-13,06/18/2023,23-06-2023,Delivered,FEDEX,midwest,385.42,666.16,15
TRK000001216,20230713,17-07-2023,19-07-2023,late,DHL,Northeast,102.36,746.28,19
TRK000002639,20231206,10-12-2023,,late,,Northeast,594.77,838.89,44
TRK000000662,16-02-2024,17-02-2024,17-02-2024,Delayed,fedex,MIDWEST,567.38,814.74,13
TRK000000603,19-08-2024,23-08-2024,23-08-2024,late,USPS,Midwest,99.97,281.28,3
TRK000003634,03/27/2024,20240329,20240328,in transit,USPS,MIDWEST,289.64,375.44,21
TRK000004017,2023-07-22,24-07-2023,25-07-2023,In Transit,,West Coast,457.18,540.9,49
TRK000000885,2023-11-14,11/19/2023,23-11-2023,in transit,FEDEX,Southwest,28.35,752.07,2
TRK000003493,20240308,03/09/2024,20240310,Delivered,,MIDWEST,264.1,508.9,5
TRK000003291,29-07-2024,20240801,,delivered,XPO,West Coast,304.9,158.56,21
TRK000003924,21-09-2024,22-09-2024,2024-09-27,delivered,UPS,West Coast,399.48,345.13,21
TRK000000499,05-04-2024,04/10/2024,,Cancelled,UPS,West Coast,297.44,129.58,9
TRK000000256,2024-11-08,20241113,13-11-2024,Delivered,FEDEX,Midwest,469.87,555.07,17
TRK000003753,08/17/2023,20230824,,in transit,DHL,Midwest,574.33,189.85,41
TRK000004649,08/07/2023,08/10/2023,20230810,delivered,fedex,Southwest,90.39,553.9,16
TRK000000356,10/19/2024,20241021,22-10-2024,in transit,DHL,Midwest,299.84,184.81,23
TRK000001815,2024-06-24,2024-06-26,06/28/2024,delivered,UPS,MIDWEST,546.15,620.74,43
TRK000003703,20230526,29-05-2023,,Delayed,,Northeast,308.14,772.18,33
TRK000000894,08/22/2023,08/24/2023,,in transit,UPS,Southwest,263.86,576.65,24
TRK000002966,03/26/2023,20230329,04/01/2023,late,XPO,Northeast,257.59,279.19,13
TRK000003673,20230617,06/24/2023,20230626,canceled,,Southeast,56.33,503.04,39
TRK000003902,20230720,21-07-2023,,DELIVERED,USPS,Southwest,417.12,822.26,40
TRK000000521,2024-01-23,01/27/2024,02/01/2024,Cancelled,fedex,Northeast,220.27,79.68,11
TRK000000932,2024-10-09,10/15/2024,18-10-2024,In Transit,XPO,Midwest,537.32,64.55,29
TRK000003449,20230717,07/24/2023,07/22/2023,Delayed,UPS,MIDWEST,258.63,844.58,3
TRK000001039,20240211,02/16/2024,20240220,DELIVERED,ups,Southwest,336.87,9806.13,7
TRK000000430,12-08-2024,08/14/2024,08/17/2024,DELIVERED,UPS,Midwest,489.5,538.03,16
TRK000002174,05/30/2023,2023-06-03,2023-06-03,Cancelled,ups,MIDWEST,563.06,575.04,1
TRK000001428,2024-02-10,2024-02-17,20240218,in transit,ups,Southeast,530.54,221.33,49
TRK000000130,24-04-2023,04/25/2023,04/29/2023,in transit,XPO,midwest,225.54,299.41,39
TRK000002653,04/28/2024,20240503,2024-05-01,Delivered,UPS,midwest,317.42,94.01,50
TRK000003759,06/28/2024,2024-07-01,2024-07-02,DELIVERED,XPO,Northeast,337.75,825.77,34
TRK000002935,10/22/2024,10/28/2024,20241027,In Transit,XPO,Southwest,20.92,698.16,6
TRK000000122,01/22/2023,2023-01-28,02/02/2023,In Transit,DHL,Midwest,59.33,176.04,24
TRK000001080,2023-04-12,13-04-2023,04/11/2023,Delivered,XPO,West Coast,263.12,773.65,30
TRK000004454,20-11-2024,24-11-2024,11/28/2024,In Transit,UPS,West Coast,436.65,620.09,46
TRK000000901,2024-10-09,12-10-2024,,late,DHL,midwest,416.81,827.59,42
TRK000001430,20241125,28-11-2024,,Delivered,USPS,West Coast,397.61,852.17,20
TRK000004254,09/23/2023,20230928,2023-10-03,In Transit,XPO,Southwest,49.95,843.88,46
TRK000001065,08-06-2024,20240612,16-06-2024,canceled,fedex,Southeast,318.85,239.97,26
TRK000001186,02-08-2023,20230807,,canceled,,West Coast,76.78,750.68,44
TRK000004762,08/02/2023,04-08-2023,08/07/2023,Delayed,USPS,Southwest,181.96,500.31,2
TRK000000024,20230505,20230508,2023-05-08,in transit,,Midwest,379.74,8810.32,10
TRK000004790,01/01/2024,2024-01-02,01/03/2024,In Transit,DHL,Southwest,363.2,306.52,17
TRK000004326,04-02-2024,2024-02-08,2024-02-06,late,fedex,midwest,530.07,700.79,43
TRK000001909,31-12-2024,20250106,20250106,in transit,ups,Southeast,471.1,288.28,37
TRK000001770,20230611,15-06-2023,06/13/2023,DELIVERED,fedex,MIDWEST,175.28,205.53,21
TRK000001698,04/24/2024,20240428,20240430,canceled,UPS,Northeast,217.87,739.69,11
TRK000001729,20241121,26-11-2024,,Cancelled,UPS,Southeast,95.87,462.3,42
TRK000001682,20240519,05/25/2024,,Delivered,ups,midwest,510.39,336.84,10
TRK000001032,2023-02-20,2023-02-22,,In Transit,fedex,Northeast,546.77,212.24,24
TRK000001996,20230719,07/21/2023,20230723,In Transit,,West Coast,74.94,102.98,25
TRK000004940,20230724,25-07-2023,20230728,Delayed,ups,MIDWEST,367.62,292.17,44
TRK000000570,03-02-2023,20230209,02/13/2023,late,ups,Midwest,164.27,324.19,42
TRK000000175,2023-03-08,2023-03-15,18-03-2023,delivered,fedex,Southeast,34.55,172.78,41
TRK000004607,03-09-2024,05-09-2024,09/10/2024,Cancelled,FEDEX,Southwest,28.96,388.7,26
TRK000000751,06/08/2023,20230609,06/13/2023,in transit,,Southwest,496.55,97.69,3
TRK000004218,20230905,2023-09-06,2023-09-11,DELIVERED,XPO,Southeast,355.45,420.09,16
TRK000001001,20230308,2023-03-13,14-03-2023,Delivered,FEDEX,Northeast,474.41,882.28,29
TRK000001555,20240916,22-09-2024,2024-09-22,delivered,,MIDWEST,207.54,404.03,41
TRK000002261,2023-02-14,20230219,2023-02-17,in transit,,West Coast,131.72,418.78,16
TRK000003262,07/22/2023,07/24/2023,20230726,delivered,XPO,Southeast,160.86,324.43,24
TRK000004376,20240606,2024-06-07,09-06-2024,In Transit,USPS,Southeast,248.2,403.44,20
TRK000002939,2024-10-29,20241105,,Delivered,FEDEX,MIDWEST,440.53,463.71,35
TRK000003010,12-04-2023,20230414,2023-04-12,delivered,USPS,Southwest,31.8,383.98,27
TRK000000814,2024-05-14,20240517,20240520,in transit,UPS,Southeast,477.99,77.98,29
TRK000002972,20230108,20230114,01/18/2023,DELIVERED,FEDEX,Southwest,598.56,613.36,23
TRK000001935,2023-03-07,09-03-2023,03/08/2023,Delayed,UPS,midwest,316.0,408.68,43
TRK000003643,2023-10-27,31-10-2023,05-11-2023,in transit,FEDEX,Northeast,545.0,493.24,44
TRK000003633,17-07-2024,2024-07-18,2024-07-18,Delayed,FEDEX,Midwest,582.33,842.57,40
TRK000001780,02/11/2023,2023-02-14,02/16/2023,delivered,USPS,West Coast,153.89,107.37,2
TRK000004642,04/22/2024,27-04-2024,,Delayed,USPS,Northeast,100.51,484.22,40
TRK000000269,12-08-2023,20230813,20230815,Delivered,,Southeast,522.92,844.74,47
TRK000002292,2024-10-03,09-10-2024,10/10/2024,DELIVERED,UPS,midwest,476.35,116.44,16
TRK000003344,26-12-2024,12/28/2024,2024-12-30,Delivered,DHL,Southwest,176.27,344.83,6
TRK000004009,2023-09-27,20231002,2023-10-04,in transit,USPS,MIDWEST,501.43,201.8,48
TRK000000812,2024-10-03,2024-10-08,20241008,canceled,USPS,midwest,21.63,741.7,30
TRK000004741,09/05/2023,2023-09-07,2023-09-06,in transit,UPS,Southwest,544.02,742.85,23
TRK000001266,10/20/2024,20241021,20241025,In Transit,UPS,Southwest,42.13,357.42,9
TRK000003434,2024-04-13,20240417,2024-04-20,delivered,ups,midwest,429.0,270.22,12
TRK000003040,29-10-2024,05-11-2024,,Delayed,UPS,Northeast,543.01,364.59,18
TRK000003717,27-02-2024,20240305,2024-03-10,Delivered,FEDEX,Midwest,498.75,390.87,37
TRK000003184,20230610,2023-06-11,16-06-2023,DELIVERED,ups,Southwest,99.91,246.28,3
TRK000004700,20230715,07/18/2023,,late,fedex,Northeast,478.39,245.22,11
TRK000004320,2023-12-19,26-12-2023,2023-12-24,Delivered,DHL,Midwest,363.83,388.57,39
TRK000000797,2023-04-21,2023-04-23,2023-04-23,Cancelled,ups,Southeast,545.06,886.14,2
TRK000000952,04/10/2024,20240414,13-04-2024,in transit,XPO,Northeast,313.5,98.17,20
TRK000004036,11/26/2023,2023-11-28,2023-11-30,Cancelled,ups,midwest,266.78,782.51,26
TRK000002494,2023-07-21,20230725,20230728,canceled,FEDEX,Northeast,129.32,456.64,28
TRK000000305,20240623,25-06-2024,06/27/2024,In Transit,,Midwest,534.34,638.83,9
TRK000000372,25-02-2024,2024-03-03,03/08/2024,DELIVERED,fedex,Southeast,79.73,313.34,7
TRK000001146,26-11-2024,20241130,20241205,canceled,FEDEX,midwest,514.12,532.37,37
TRK000000956,06/25/2023,29-06-2023,2023-07-02,Delayed,DHL,Northeast,20.38,267.7,34
TRK000003345,2024-08-20,26-08-2024,,Delivered,DHL,Midwest,29.59,187.78,43
TRK000002476,10-09-2023,2023-09-15,2023-09-17,late,UPS,midwest,290.23,613.48,47
TRK000003804,2023-09-24,2023-09-29,2023-09-28,in transit,XPO,MIDWEST,502.84,532.2,29
TRK000000518,20230201,20230207,20230209,in transit,DHL,Northeast,365.22,579.47,31
TRK000001814,20231007,10/13/2023,2023-10-18,Delayed,fedex,Southwest,362.62,565.78,2
TRK000002688,26-02-2023,02-03-2023,20230304,in transit,fedex,Northeast,405.87,857.2,24
TRK000000206,06/09/2024,16-06-2024,20240617,late,XPO,Southeast,192.51,132.56,19
TRK000003863,2023-11-16,11/18/2023,,in transit,,West Coast,112.2,189.39,16
TRK000001916,08-11-2024,20241114,,late,UPS,Southeast,21.09,654.06,9
TRK000000888,20231022,2023-10-29,27-10-2023,canceled,fedex,Midwest,191.89,694.33,45
TRK000003044,20230613,06/17/2023,20230616,In Transit,,midwest,599.7,111.48,16
TRK000003122,2023-07-11,20230712,2023-07-16,In Transit,DHL,midwest,50.15,765.05,2
TRK000002148,2024-05-01,20240503,20240507,late,ups,West Coast,41.28,126.55,12
TRK000003020,2024-02-15,2024-02-19,20240221,Cancelled,,Northeast,593.73,104.5,8
TRK000004426,20230522,2023-05-26,,in transit,FEDEX,midwest,93.07,667.53,15
TRK000001013,20230422,20230429,2023-04-30,late,XPO,West Coast,506.64,756.82,1
TRK000004960,20231128,12/01/2023,20231130,Delivered,ups,Midwest,163.03,158.84,40
TRK000000115,20241124,2024-12-01,12/06/2024,DELIVERED,USPS,West Coast,304.09,461.43,14
TRK000003233,30-07-2024,08/05/2024,2024-08-10,DELIVERED,ups,Midwest,49.33,804.33,47
TRK000000740,05/17/2023,20230523,20230522,DELIVERED,USPS,Southwest,395.34,895.38,23
TRK000002997,07/15/2023,20230720,21-07-2023,Delayed,fedex,Southwest,396.62,880.06,50
TRK000003256,05-04-2024,04/09/2024,08-04-2024,Delivered,USPS,Southwest,44.37,272.8,48
TRK000004514,2024-02-20,22-02-2024,20240227,delivered,XPO,Midwest,138.45,390.73,46
TRK000001154,24-01-2023,2023-01-28,01/26/2023,DELIVERED,USPS,midwest,246.98,665.57,39
TRK000004930,20240829,30-08-2024,,DELIVERED,FEDEX,MIDWEST,1.76,271.42,14
TRK000003837,18-10-2024,10/22/2024,10/22/2024,Delayed,UPS,MIDWEST,252.2,415.47,11
TRK000000944,05/08/2024,20240513,17-05-2024,delivered,UPS,MIDWEST,214.56,852.52,31
TRK000002775,20241215,16-12-2024,2024-12-17,Delivered,UPS,Southwest,270.66,689.1,20
TRK000004784,20230419,22-04-2023,2023-04-27,DELIVERED,UPS,midwest,512.15,568.88,42
TRK000003948,01/14/2024,2024-01-15,20-01-2024,canceled,DHL,midwest,72.89,876.05,26
TRK000002106,2023-11-15,2023-11-17,20231115,Delivered,XPO,Midwest,384.7,778.93,46
TRK000001348,05/22/2023,24-05-2023,05/27/2023,delivered,USPS,MIDWEST,437.56,822.59,7
TRK000002233,20240419,2024-04-26,25-04-2024,in transit,ups,West Coast,92.06,771.77,8
TRK000004111,2024-12-09,12/10/2024,12/11/2024,canceled,,Southwest,257.77,745.47,1
TRK000002998,2024-11-25,28-11-2024,2024-12-03,canceled,FEDEX,Midwest,305.0,732.55,27
TRK000001083,20230524,2023-05-30,05/31/2023,In Transit,FEDEX,West Coast,50.85,319.8,12
TRK000001645,20241222,20241223,20241226,Delayed,XPO,MIDWEST,28.13,244.79,36
TRK000001439,01-12-2023,05-12-2023,2023-12-03,In Transit,USPS,midwest,47.21,-766.21,8
TRK000004385,13-10-2024,15-10-2024,,delivered,FEDEX,MIDWEST,91.62,354.94,45
TRK000002677,20240401,20240407,09-04-2024,in transit,USPS,West Coast,564.8,104.93,2
TRK000002418,2024-09-25,26-09-2024,28-09-2024,in transit,UPS,Southeast,595.85,839.02,13
TRK000000739,20240512,05/14/2024,20240513,in transit,XPO,West Coast,20.86,139.67,39
TRK000001077,11/22/2023,20231125,28-11-2023,late,fedex,Midwest,494.14,692.06,23
TRK000002989,2024-02-25,2024-02-27,2024-02-29,in transit,USPS,Midwest,428.12,291.19,39
TRK000000274,20240225,2024-02-27,28-02-2024,In Transit,ups,Midwest,541.72,530.58,1
TRK000003612,20230728,2023-08-01,2023-08-01,late,ups,Southwest,506.58,155.47,21
TRK000002531,02-04-2024,20240403,2024-04-06,delivered,XPO,midwest,202.97,377.87,33
TRK000000323,2024-01-19,24-01-2024,20240122,Delivered,UPS,midwest,129.91,542.62,9
TRK000000796,2024-02-04,11-02-2024,02/15/2024,Delivered,FEDEX,West Coast,281.41,699.57,3
TRK000001121,20230902,20230904,,Delivered,fedex,Southwest,563.7,856.7,6
TRK000002054,20230227,20230304,,Delayed,fedex,Northeast,170.98,890.39,34
TRK000004858,13-12-2023,2023-12-16,,late,XPO,midwest,528.95,767.57,43
TRK000001795,21-02-2023,22-02-2023,02/25/2023,late,DHL,Southeast,294.92,744.18,4
TRK000002887,03/15/2024,20240317,03/20/2024,delivered,USPS,MIDWEST,48.91,227.33,5
TRK000001797,08-01-2024,01/10/2024,01/12/2024,Delivered,UPS,Southeast,177.68,722.23,49
TRK000002345,18-02-2024,20240223,02/22/2024,Cancelled,USPS,Midwest,38.41,284.55,41
TRK000004070,20230601,06/07/2023,2023-06-06,late,DHL,midwest,175.31,127.65,11
TRK000000402,03/09/2023,20230310,2023-03-09,late,USPS,Midwest,282.57,701.11,40
TRK000000067,20240926,09/29/2024,30-09-2024,delivered,ups,Midwest,85.28,129.65,1
TRK000002249,20241118,2024-11-25,20241128,delivered,fedex,Northeast,82.88,372.0,27
TRK000004991,2023-08-02,07-08-2023,06-08-2023,Delayed,FEDEX,MIDWEST,115.91,419.48,6
TRK000000180,16-11-2023,11/19/2023,11/17/2023,DELIVERED,,Southeast,341.32,258.12,9
TRK000002419,20240526,05/27/2024,20240527,canceled,FEDEX,midwest,114.3,8026.35,9
TRK000002424,20241014,20241019,2024-10-22,delivered,FEDEX,MIDWEST,8.16,213.57,45
TRK000002941,2023-01-29,04-02-2023,2023-02-05,canceled,FEDEX,midwest,159.28,674.53,30
TRK000003125,10/17/2023,10/20/2023,10/18/2023,in transit,FEDEX,Southeast,350.28,101.36,12
TRK000001944,08/15/2023,08/17/2023,19-08-2023,late,,Southwest,392.6,589.15,40
TRK000004788,08/21/2024,08/24/2024,20240825,late,fedex,Midwest,228.83,178.56,36
TRK000003959,2023-09-19,21-09-2023,20-09-2023,Cancelled,ups,West Coast,570.15,293.67,23
TRK000003152,25-12-2023,20231230,20231229,delivered,UPS,Southeast,447.23,674.01,37
TRK000004805,2023-12-24,12/31/2023,2024-01-03,canceled,FEDEX,midwest,125.39,229.84,48
TRK000002475,25-03-2023,2023-03-27,,late,fedex,Northeast,504.11,759.75,7
TRK000003743,2024-10-16,10/17/2024,,in transit,DHL,Southeast,559.27,592.18,10
TRK000002049,2024-10-30,04-11-2024,,delivered,fedex,West Coast,175.74,893.64,18
TRK000003476,2023-09-09,16-09-2023,09/14/2023,Cancelled,,Southwest,94.24,98.67,16
TRK000002451,04-09-2023,09/09/2023,2023-09-13,DELIVERED,XPO,Southeast,314.28,284.61,34
TRK000002831,2024-01-06,20240107,20240108,Delayed,USPS,Southwest,364.0,177.73,24
TRK000003619,07/10/2023,12-07-2023,2023-07-10,late,fedex,Midwest,42.55,561.72,50
TRK000000606,20230208,02/09/2023,11-02-2023,canceled,USPS,Southeast,356.04,88.88,15
TRK000001295,2023-03-06,10-03-2023,03/13/2023,canceled,fedex,Southwest,546.33,479.3,45
TRK000002357,20240218,20240222,02/20/2024,canceled,DHL,midwest,24.45,624.44,27
TRK000003812,29-03-2024,20240330,04/01/2024,Delayed,FEDEX,Northeast,384.27,631.69,18
TRK000004985,18-09-2024,09/24/2024,20240922,delivered,USPS,Southeast,44.87,836.01,35
TRK000002092,2024-04-30,2024-05-07,05/09/2024,Delayed,DHL,Midwest,263.87,337.94,25
TRK000003765,10/19/2023,2023-10-22,10/21/2023,DELIVERED,USPS,Southeast,84.02,454.44,21
TRK000002081,20230129,20230130,2023-01-31,Delayed,DHL,Southwest,577.89,93.17,31
TRK000003778,02/27/2023,20230301,03/02/2023,Delivered,,Northeast,424.16,163.26,40
TRK000001903,05/09/2023,05/14/2023,20230518,Delayed,,MIDWEST,329.59,445.61,42
TRK000001173,20230427,2023-05-01,2023-05-04,in transit,XPO,MIDWEST,375.3,55.45,45
TRK000004077,20231220,12/21/2023,2023-12-22,late,USPS,Southeast,235.24,121.62,36
TRK000001973,2024-02-03,02/09/2024,20240213,late,fedex,midwest,361.19,302.01,40
TRK000004896,2023-05-06,20230510,05/13/2023,late,USPS,Midwest,176.98,861.45,7
TRK000000647,10/19/2023,10/25/2023,,In Transit,USPS,Southwest,299.76,844.28,38
TRK000001435,18-02-2023,2023-02-19,19-02-2023,In Transit,UPS,Northeast,32.39,832.81,20
TRK000001393,02-12-2023,20231205,,Delivered,USPS,midwest,332.56,559.48,38
TRK000001476,11/29/2024,20241201,2024-12-01,in transit,DHL,midwest,156.82,-403.25,47
TRK000003376,2024-09-13,09/16/2024,09/20/2024,Cancelled,fedex,midwest,495.92,135.84,44
TRK000002001,2024-03-07,2024-03-08,06-03-2024,Delivered,,midwest,102.88,508.45,7
TRK000001193,20231225,2023-12-27,12/25/2023,canceled,ups,West Coast,150.68,736.99,9
TRK000003529,20230813,2023-08-16,20230818,Delayed,FEDEX,midwest,67.96,166.9,18
TRK000003071,13-06-2023,2023-06-17,20230621,Cancelled,USPS,midwest,188.52,337.81,44
TRK000002937,2023-05-23,20230524,23-05-2023,DELIVERED,XPO,Southeast,570.04,820.85,12
TRK000002404,20230107,2023-01-08,10-01-2023,in transit,XPO,Southeast,149.21,693.04,30
TRK000000460,01/03/2023,01/08/2023,20230113,late,USPS,Southwest,503.88,566.84,39
TRK000002658,2024-07-18,07/23/2024,24-07-2024,canceled,FEDEX,West Coast,512.44,786.92,44
TRK000000377,20230610,2023-06-11,06/14/2023,Delivered,DHL,midwest,62.17,896.87,6
TRK000004714,2024-07-23,07/28/2024,20240730,In Transit,USPS,Midwest,354.56,704.6,45
TRK000002454,20241016,20241017,20241016,canceled,ups,Midwest,117.06,91.25,37
TRK000004523,19-07-2023,20-07-2023,20230721,delivered,XPO,West Coast,18.69,663.52,22
TRK000003635,20240326,29-03-2024,04/03/2024,Delayed,ups,Northeast,428.29,120.87,50
TRK000004555,02/06/2024,02/11/2024,20240210,Cancelled,,Southeast,118.57,738.49,39
TRK000002006,20230603,06/07/2023,2023-06-09,Delivered,,Midwest,395.56,485.55,40
TRK000003556,20240331,20240402,04/02/2024,Delivered,USPS,Northeast,62.79,292.01,25
TRK000000741,08/05/2024,09-08-2024,08/08/2024,In Transit,,West Coast,13.23,853.34,44
TRK000004552,16-07-2024,20240719,2024-07-20,In Transit,ups,Southeast,429.67,284.73,47
TRK000002355,20231021,10/23/2023,2023-10-23,Delivered,,MIDWEST,193.36,853.56,15
TRK000001924,02/29/2024,2024-03-07,2024-03-05,canceled,DHL,Southwest,293.95,520.92,29
TRK000000561,2024-12-13,2024-12-14,12/16/2024,late,FEDEX,MIDWEST,34.77,835.45,29
TRK000000295,18-07-2023,22-07-2023,20230720,Delivered,USPS,midwest,340.46,876.71,49
TRK000003998,15-03-2024,03/19/2024,20240317,DELIVERED,USPS,MIDWEST,484.67,435.48,22
TRK000002595,2024-12-09,2024-12-15,18-12-2024,in transit,FEDEX,midwest,193.06,842.52,21
TRK000003114,12/21/2023,20231223,,Delayed,XPO,MIDWEST,270.18,614.48,1
TRK000002692,01-05-2024,07-05-2024,05/08/2024,Cancelled,XPO,MIDWEST,91.09,243.15,38
TRK000000658,2023-01-13,20230114,01/13/2023,canceled,FEDEX,Northeast,350.91,81.18,46
TRK000003257,18-12-2023,2023-12-25,12/27/2023,canceled,FEDEX,Southeast,452.76,583.33,24
TRK000002774,2024-07-19,20240724,07/22/2024,Delayed,FEDEX,Northeast,444.16,263.91,21
TRK000004399,2023-04-15,20-04-2023,04/18/2023,canceled,DHL,MIDWEST,369.68,573.08,16
TRK000003847,09/06/2023,08-09-2023,2023-09-13,delivered,UPS,West Coast,322.22,223.81,21
TRK000000613,09/21/2024,20240924,,Cancelled,USPS,Midwest,23.28,340.88,16
TRK000001265,2024-02-05,08-02-2024,2024-02-10,Delayed,USPS,West Coast,175.62,734.04,41
TRK000003359,04-10-2023,20231008,2023-10-09,In Transit,DHL,Northeast,504.19,590.23,13
TRK000001181,20240409,2024-04-13,15-04-2024,late,fedex,West Coast,537.17,553.3,44
TRK000000126,20240403,04/05/2024,,Delayed,FEDEX,Southeast,221.12,478.55,34
TRK000003744,20231017,2023-10-18,20231016,in transit,DHL,midwest,19.1,261.83,31
TRK000004309,15-01-2023,2023-01-20,20230119,canceled,fedex,Southeast,445.45,637.38,43
TRK000000817,14-10-2024,10/17/2024,18-10-2024,Delivered,FEDEX,Southeast,133.98,667.11,32
TRK000003607,10/20/2023,25-10-2023,26-10-2023,in transit,fedex,Southeast,43.84,85.36,15
TRK000000823,26-08-2024,09/01/2024,,Cancelled,XPO,West Coast,225.88,448.97,21
TRK000002720,10-08-2024,08/15/2024,08/20/2024,late,USPS,Northeast,289.57,790.51,45
TRK000004115,20230615,2023-06-21,,in transit,ups,West Coast,38.9,401.56,49
TRK000004540,15-07-2024,2024-07-22,07/21/2024,DELIVERED,,Southwest,563.88,718.51,35
TRK000000304,20230805,2023-08-08,07-08-2023,delivered,,Southeast,14.85,688.15,22
TRK000004058,2024-04-13,2024-04-18,2024-04-20,late,fedex,Southeast,261.47,237.5,22
TRK000001247,20230211,15-02-2023,02/16/2023,Cancelled,UPS,Northeast,31.22,58.25,9
TRK000003163,23-01-2023,29-01-2023,2023-01-29,In Transit,XPO,Northeast,242.68,802.8,9
TRK000003124,20231030,02-11-2023,,Delayed,UPS,Midwest,528.44,573.08,15
TRK000002585,06/13/2023,2023-06-17,20230619,in transit,USPS,MIDWEST,205.58,612.13,34
TRK000002607,08/08/2023,20230814,20230813,Cancelled,ups,Southeast,334.23,597.34,12
TRK000000358,2024-08-06,2024-08-09,20240814,late,FEDEX,Southeast,167.36,275.38,23
TRK000003366,02/03/2023,20230205,20230209,delivered,FEDEX,MIDWEST,9.4,801.91,39
TRK000001914,20240303,2024-03-08,,delivered,FEDEX,Southwest,244.14,199.25,40
TRK000000054,12/07/2023,20231210,12/12/2023,In Transit,,midwest,344.43,811.13,2
TRK000001957,20231111,2023-11-18,,delivered,USPS,Southwest,94.9,719.77,36
TRK000001546,26-05-2024,05/28/2024,20240530,in transit,ups,midwest,302.78,237.47,41
TRK000002637,25-12-2023,27-12-2023,20231226,DELIVERED,DHL,Southeast,143.48,341.5,34
TRK000004798,2023-08-23,20230826,,delivered,DHL,midwest,151.52,823.66,9
TRK000003091,08/07/2024,08/11/2024,20240809,Delivered,USPS,MIDWEST,138.61,207.9,41
TRK000002724,20241028,2024-11-03,,Delivered,UPS,MIDWEST,211.92,476.3,4
TRK000002828,20240309,20240316,20240314,late,UPS,Southeast,113.69,691.54,9
TRK000003968,06-09-2023,20230911,09/16/2023,Delayed,USPS,West Coast,432.11,449.95,2
TRK000003659,2023-10-01,20231007,2023-10-11,In Transit,USPS,West Coast,33.09,561.72,35
TRK000001218,2023-04-17,2023-04-21,24-04-2023,In Transit,DHL,Midwest,104.8,646.51,13
TRK000004012,08/13/2023,20230820,20230820,Delivered,ups,Northeast,567.66,527.27,39
TRK000002446,08/27/2023,20230902,03-09-2023,late,XPO,Midwest,254.64,858.45,34
TRK000002318,03-09-2024,07-09-2024,,delivered,UPS,Midwest,225.55,602.96,32
TRK000004495,23-09-2023,20230926,24-09-2023,Delivered,fedex,midwest,501.59,798.68,31
TRK000002189,19-09-2024,20240921,20240924,Delayed,USPS,midwest,412.95,222.44,45
TRK000004160,18-04-2024,04/20/2024,2024-04-24,canceled,,Southwest,86.07,745.61,15
TRK000002785,07-09-2024,09/10/2024,11-09-2024,Delivered,XPO,West Coast,499.76,543.84,13
TRK000003400,2023-09-18,20-09-2023,2023-09-20,Delivered,XPO,midwest,222.96,397.87,20
TRK000004602,12/12/2023,20231218,20231222,DELIVERED,fedex,MIDWEST,453.36,59.25,26
TRK000000572,2024-07-04,20240705,2024-07-06,late,fedex,West Coast,14.3,313.15,23
TRK000001119,20231128,05-12-2023,,Delayed,FEDEX,Midwest,91.86,413.29,29
TRK000004164,09-02-2024,02/12/2024,16-02-2024,delivered,FEDEX,Southwest,562.8,863.94,29
TRK000001562,20240125,2024-01-31,02/04/2024,Delivered,DHL,midwest,157.31,650.2,23
TRK000003143,29-09-2024,2024-10-03,20241007,Delayed,XPO,Southeast,498.09,459.63,48
TRK000001185,09/10/2024,20240916,2024-09-15,Cancelled,USPS,Southwest,87.12,344.9,44
TRK000003742,16-07-2024,2024-07-17,07/19/2024,late,DHL,West Coast,232.46,418.44,43
TRK000001997,2023-06-10,06/16/2023,20230617,canceled,FEDEX,midwest,188.73,769.16,20
TRK000003869,20230314,03/16/2023,,in transit,ups,West Coast,192.25,815.83,44
TRK000003953,30-08-2023,20230903,09/05/2023,canceled,,midwest,182.76,838.33,1
TRK000003404,20240615,20240616,,in transit,,Southwest,314.19,102.81,45
TRK000002240,2023-04-14,2023-04-19,20230423,delivered,fedex,Southwest,240.55,296.2,13
TRK000004169,30-03-2023,31-03-2023,2023-04-05,Delayed,ups,Southwest,474.7,212.03,24
TRK000002391,06-05-2024,2024-05-13,05/11/2024,Delivered,DHL,West Coast,318.78,199.08,23
TRK000004083,20231215,2023-12-18,2023-12-22,Delayed,fedex,midwest,446.62,473.8,2
TRK000001262,20240729,2024-08-02,,Delivered,ups,Midwest,6.33,283.13,13
TRK000000963,2023-02-24,2023-02-25,28-02-2023,in transit,fedex,Midwest,305.78,689.6,27
TRK000003781,17-07-2023,24-07-2023,20230726,delivered,XPO,Southwest,372.62,122.73,47
TRK000000930,20240104,20240108,09-01-2024,Cancelled,DHL,West Coast,364.04,192.81,13
TRK000004806,12/02/2023,20231206,,canceled,ups,Southwest,371.63,277.24,36
TRK000000764,20241022,25-10-2024,20241030,canceled,fedex,West Coast,485.07,664.24,47
TRK000003343,14-06-2024,20240617,20240621,delivered,DHL,midwest,552.95,421.0,34
TRK000000113,20230125,26-01-2023,,In Transit,USPS,MIDWEST,3.88,838.47,10
TRK000002546,02/21/2023,24-02-2023,02/27/2023,in transit,UPS,midwest,104.66,541.41,29
TRK000001298,09/08/2023,14-09-2023,2023-09-14,In Transit,,midwest,402.42,425.61,47
TRK000001961,31-10-2024,20241105,2024-11-09,in transit,UPS,MIDWEST,344.22,875.99,16
TRK000000237,05-07-2023,2023-07-07,,In Transit,ups,midwest,338.12,214.95,47
TRK000004779,05/03/2024,05/05/2024,,In Transit,USPS,Southwest,146.0,126.31,5
TRK000003971,05/15/2024,05/18/2024,17-05-2024,Delivered,USPS,West Coast,427.42,575.61,35
TRK000004969,02/09/2024,20240211,20240215,Cancelled,ups,West Coast,11.29,547.63,29
TRK000002360,2023-10-11,2023-10-13,10/17/2023,Cancelled,FEDEX,MIDWEST,283.98,223.12,41
TRK000001074,2024-11-25,20241201,11/29/2024,Cancelled,DHL,Southwest,68.42,580.51,15
TRK000002188,20240825,27-08-2024,2024-08-26,DELIVERED,XPO,Northeast,145.48,515.79,34
TRK000004951,2024-11-28,12/01/2024,12/06/2024,Delayed,ups,midwest,409.47,178.33,15
TRK000000423,06-04-2024,13-04-2024,04/11/2024,Delivered,XPO,MIDWEST,51.06,542.46,44
TRK000003622,20230821,23-08-2023,2023-08-26,Delivered,USPS,Midwest,105.49,526.43,34
TRK000004084,2023-03-14,2023-03-19,20230320,late,UPS,midwest,345.63,590.98,5
TRK000002964,2024-10-30,20241101,30-10-2024,late,ups,Northeast,598.76,374.41,32
TRK000004248,20230704,06-07-2023,07/04/2023,canceled,fedex,Southwest,234.29,884.29,39
TRK000001537,2024-12-07,12/11/2024,2024-12-16,in transit,USPS,West Coast,303.55,226.93,13
TRK000000445,20240525,2024-05-30,20240602,Cancelled,UPS,Southeast,487.31,257.73,11
TRK000003386,2024-02-10,02/14/2024,20240218,In Transit,UPS,Midwest,488.15,349.67,18
TRK000003785,03-10-2024,2024-10-07,2024-10-05,canceled,UPS,MIDWEST,282.14,-751.95,26
TRK000000010,05-10-2023,10/12/2023,17-10-2023,delivered,USPS,Midwest,222.17,136.52,32
TRK000004216,2023-06-11,13-06-2023,20230615,delivered,USPS,Southwest,594.94,207.3,6
TRK000003312,08/11/2024,08/16/2024,19-08-2024,canceled,,West Coast,290.61,371.87,40
TRK000000950,11/07/2023,2023-11-08,11/13/2023,Cancelled,,Midwest,187.9,157.43,43
TRK000002649,20230209,2023-02-15,20230218,canceled,UPS,Northeast,531.22,176.66,16
TRK000002068,20230925,2023-09-29,20230927,In Transit,,Northeast,71.56,548.57,10
TRK000002577,20230505,09-05-2023,05/08/2023,Delayed,ups,Northeast,526.39,419.36,15
TRK000000722,26-06-2024,20240703,2024-07-05,In Transit,,Southwest,468.09,876.86,19
TRK000003726,22-09-2024,25-09-2024,2024-09-27,canceled,ups,midwest,131.84,602.57,15
TRK000000301,2023-06-04,05-06-2023,20230604,In Transit,XPO,Midwest,593.61,644.74,32
TRK000003281,11-05-2023,2023-05-15,,in transit,FEDEX,Southeast,20.96,848.95,4
TRK000002362,12/11/2023,20231216,12/18/2023,delivered,USPS,midwest,96.75,862.79,35
TRK000004059,20240927,10/02/2024,,delivered,XPO,West Coast,448.49,767.97,10
TRK000004901,20231120,27-11-2023,12/02/2023,Cancelled,DHL,Southeast,220.91,305.05,36
TRK000002702,11-07-2023,20230718,07/17/2023,Delayed,ups,Southeast,388.33,476.8,30
TRK000001318,2024-02-21,02/26/2024,,In Transit,,Southeast,447.76,165.78,27
TRK000000857,12-07-2023,16-07-2023,20-07-2023,late,UPS,MIDWEST,570.39,861.98,32
TRK000002631,2023-05-19,22-05-2023,05/27/2023,Cancelled,fedex,MIDWEST,134.28,381.33,49
TRK000002731,03-08-2023,20230808,20230812,In Transit,XPO,West Coast,155.87,897.65,41
TRK000004841,07-10-2023,2023-10-10,14-10-2023,In Transit,fedex,midwest,537.94,116.76,25
TRK000002851,09/16/2023,20230923,,in transit,DHL,West Coast,420.33,772.13,13
TRK000003851,12/13/2024,12/19/2024,,in transit,XPO,Midwest,496.34,717.68,40
TRK000000748,03/20/2023,03/24/2023,20230326,In Transit,XPO,West Coast,480.88,536.81,23
TRK000004524,2023-11-18,11/25/2023,20231130,Delayed,fedex,Midwest,490.02,93.2,48
TRK000004796,02/23/2024,20240229,2024-03-04,Delayed,ups,MIDWEST,476.05,778.53,36
TRK000001487,30-06-2023,07-07-2023,2023-07-11,late,fedex,Southwest,462.17,258.01,17
TRK000002279,05-07-2024,07/12/2024,07/11/2024,canceled,USPS,Midwest,81.87,866.92,30
TRK000004818,11-05-2024,05/13/2024,,late,USPS,West Coast,408.82,437.0,31
TRK000004252,2023-06-13,16-06-2023,,canceled,ups,Midwest,496.91,346.94,37
TRK000003855,20241015,18-10-2024,10/22/2024,delivered,XPO,Midwest,290.28,802.06,41
TRK000001436,2024-10-02,20241004,2024-10-06,Delivered,DHL,West Coast,112.89,343.16,35
TRK000004677,05/03/2023,05/08/2023,20230509,late,,midwest,326.03,222.46,23
TRK000002208,2024-06-10,06/15/2024,06/18/2024,Cancelled,fedex,MIDWEST,414.41,282.82,46
TRK000000170,04/12/2023,04/17/2023,22-04-2023,in transit,,Southwest,148.49,710.33,34
TRK000002153,20241118,11/25/2024,2024-11-25,canceled,fedex,midwest,188.04,8990.81,12
TRK000000749,2024-08-15,2024-08-22,20-08-2024,in transit,DHL,midwest,139.62,432.9,43
TRK000000212,08-09-2023,2023-09-10,09/09/2023,Delayed,FEDEX,West Coast,598.63,803.42,41
TRK000002052,02/29/2024,20240306,05-03-2024,In Transit,XPO,Midwest,319.41,614.07,45
TRK000000840,2024-05-31,20240601,2024-05-30,Delayed,USPS,Southeast,554.73,203.97,10
TRK000003540,2023-03-05,2023-03-06,20230308,DELIVERED,fedex,Southwest,88.33,681.8,13
TRK000004917,16-06-2024,17-06-2024,,delivered,ups,MIDWEST,5.13,643.02,24
TRK000000659,20-08-2023,08/24/2023,,In Transit,XPO,Southwest,422.26,328.12,12
TRK000003587,20241010,20241017,2024-10-17,canceled,XPO,Southeast,164.03,839.39,5
TRK000004046,04-11-2024,2024-11-08,2024-11-13,In Transit,ups,MIDWEST,311.94,302.99,46
TRK000004424,20231104,2023-11-08,20231112,In Transit,,Northeast,164.93,824.08,4
TRK000004100,07/17/2024,20-07-2024,20240724,In Transit,,West Coast,36.48,354.87,41
TRK000002231,12-06-2024,06/17/2024,20240619,Delivered,XPO,West Coast,241.86,587.0,3
TRK000003298,2023-01-27,20230202,2023-01-31,in transit,USPS,Southwest,296.8,440.73,20
TRK000002492,27-05-2024,05/28/2024,20240529,Cancelled,ups,Northeast,262.8,59.62,36
TRK000003840,08/23/2024,20240824,08/27/2024,canceled,ups,Southwest,497.11,339.58,8
TRK000001019,11/03/2024,2024-11-09,11/11/2024,in transit,ups,midwest,457.57,622.96,4
TRK000003598,31-08-2024,2024-09-03,2024-09-07,delivered,ups,Southwest,32.12,442.9,43
TRK000002365,11/20/2024,2024-11-25,11/25/2024,late,DHL,West Coast,483.87,548.12,1
TRK000004989,03/16/2023,20230318,20230323,late,ups,Southeast,41.44,178.25,28
TRK000001360,2024-01-19,21-01-2024,01/25/2024,canceled,USPS,Northeast,370.57,891.81,29
TRK000000489,20241121,2024-11-24,2024-11-27,delivered,DHL,Southwest,589.78,806.25,32
TRK000000585,2023-04-25,04/28/2023,,Delayed,USPS,MIDWEST,499.84,863.79,19
TRK000001166,20240601,20240606,,in transit,XPO,midwest,599.09,370.11,47
TRK000002177,11-09-2023,09/16/2023,20230914,late,,Southeast,356.12,505.71,29
TRK000001221,20240910,20240912,17-09-2024,DELIVERED,USPS,Southwest,501.12,619.7,41
TRK000001842,20240128,2024-01-30,20240129,In Transit,DHL,Southwest,188.67,881.54,34
TRK000004462,23-04-2023,04/27/2023,,canceled,DHL,Midwest,257.38,731.92,18
TRK000000941,04-12-2023,20231206,08-12-2023,Cancelled,fedex,midwest,372.29,317.46,41
TRK000004787,07/21/2024,07/25/2024,20240725,Delayed,USPS,Southeast,406.68,611.72,47
TRK000001621,2024-11-21,20241126,30-11-2024,DELIVERED,UPS,West Coast,560.89,875.63,26
TRK000004502,2023-12-29,2023-12-30,,in transit,,Southwest,392.96,879.05,23
TRK000001913,2024-03-09,2024-03-16,21-03-2024,Cancelled,DHL,West Coast,21.61,458.04,2
TRK000000584,2024-03-11,2024-03-13,20240314,canceled,DHL,Southwest,102.16,469.94,5
TRK000003720,2024-08-13,20240814,2024-08-15,Delivered,FEDEX,Southeast,495.34,619.35,12
TRK000002317,2023-04-15,20230418,2023-04-23,Delayed,,Midwest,32.51,806.21,47
TRK000002361,2023-12-26,2023-12-29,01-01-2024,Delayed,fedex,West Coast,363.83,62.07,17
TRK000001897,05/28/2023,05/30/2023,,Delayed,DHL,MIDWEST,469.97,344.24,12
TRK000000268,2024-11-24,11/27/2024,20241125,In Transit,DHL,Northeast,81.91,169.89,32
TRK000002386,03/08/2024,2024-03-14,2024-03-16,In Transit,XPO,midwest,19.37,748.87,48
TRK000003850,31-03-2024,06-04-2024,04/04/2024,Cancelled,ups,Southeast,383.12,736.14,13
TRK000004511,2023-09-06,09/09/2023,09/14/2023,in transit,FEDEX,midwest,51.02,485.49,26
TRK000003347,06-08-2023,2023-08-10,2023-08-13,in transit,DHL,Northeast,479.94,70.44,47
TRK000000022,11/07/2024,14-11-2024,11/16/2024,Delivered,DHL,Northeast,161.17,883.4,42
TRK000001283,05/09/2023,20230516,05/14/2023,canceled,USPS,Southwest,16.61,193.5,12
TRK000000615,09/10/2024,09/13/2024,11-09-2024,Delivered,,West Coast,467.22,549.33,37
TRK000001424,20240227,2024-03-01,03/04/2024,Delivered,FEDEX,Northeast,97.4,586.89,38
TRK000001965,05/29/2023,06/05/2023,2023-06-07,Cancelled,XPO,midwest,138.96,197.65,3
TRK000001287,03/04/2023,03/10/2023,,Delivered,UPS,West Coast,203.55,672.19,33
TRK000000666,05/17/2024,23-05-2024,23-05-2024,in transit,UPS,West Coast,127.93,70.33,33
TRK000002168,18-03-2024,19-03-2024,03/19/2024,late,DHL,midwest,148.11,239.39,23
TRK000001729,08/22/2023,08/25/2023,25-08-2023,Delayed,fedex,Southwest,394.47,852.23,39
TRK000001703,2024-03-26,03/30/2024,20240401,DELIVERED,FEDEX,midwest,236.39,516.94,20
TRK000000813,06-03-2023,03/13/2023,12-03-2023,Cancelled,fedex,MIDWEST,468.8,760.61,47
TRK000000494,18-04-2024,20240419,04/21/2024,canceled,,Midwest,110.65,804.54,35
TRK000002502,10-12-2023,2023-12-12,,DELIVERED,FEDEX,Southeast,340.89,695.46,26
TRK000003513,25-09-2023,2023-09-30,28-09-2023,Delayed,,midwest,139.81,210.05,24
TRK000002436,2024-09-24,09/27/2024,,DELIVERED,UPS,MIDWEST,234.35,673.67,44
TRK000003627,20241229,2025-01-02,02-01-2025,late,ups,MIDWEST,270.95,279.77,15
TRK000003691,12/13/2023,20231219,2023-12-18,DELIVERED,XPO,West Coast,359.67,879.53,18
TRK000004729,20240122,2024-01-23,20240126,late,XPO,Southeast,3.84,242.56,48
TRK000004281,20230306,2023-03-12,2023-03-10,Delivered,,Southwest,565.56,180.46,33
TRK000001849,2023-02-24,2023-03-03,,canceled,ups,West Coast,561.07,215.2,7
TRK000003410,10/19/2023,24-10-2023,10/26/2023,Delayed,FEDEX,West Coast,247.29,379.29,4
TRK000000971,10-03-2024,03/17/2024,2024-03-18,canceled,fedex,Southwest,258.92,718.59,34
TRK000002034,20230527,05/29/2023,20230602,canceled,,Southwest,494.4,460.55,43
TRK000000698,26-06-2024,2024-06-29,20240704,Delivered,fedex,Southwest,120.21,836.89,31
TRK000004826,10/06/2024,20241011,2024-10-13,Cancelled,fedex,Southwest,40.31,858.1,43
TRK000001223,09/22/2024,2024-09-24,20240922,delivered,USPS,MIDWEST,596.99,460.67,21
TRK000001243,2024-12-28,01/02/2025,01/04/2025,In Transit,XPO,Southeast,396.56,125.74,6
TRK000000440,04-10-2023,2023-10-06,,delivered,XPO,Northeast,184.26,348.77,35
TRK000000607,01-06-2023,2023-06-04,,Delivered,USPS,Northeast,151.46,498.13,50
TRK000004029,03/18/2023,21-03-2023,03/21/2023,late,XPO,Midwest,252.17,660.33,29
TRK000003283,2024-05-08,20240514,2024-05-13,Cancelled,USPS,midwest,522.54,283.78,20
TRK000000536,2023-06-27,2023-06-29,20230628,Delivered,USPS,Midwest,219.72,891.02,19
TRK000000935,2023-11-18,25-11-2023,2023-11-23,Delayed,FEDEX,Southwest,465.33,578.05,42
TRK000003914,20240811,08/14/2024,13-08-2024,in transit,fedex,MIDWEST,507.48,348.65,24
TRK000002069,22-02-2024,24-02-2024,20240228,in transit,,Midwest,459.64,281.78,27
TRK000000421,06/13/2023,2023-06-18,20230622,In Transit,fedex,midwest,459.18,895.0,45
TRK000001511,2023-07-26,08/01/2023,20230804,Delivered,DHL,Southwest,432.72,704.73,19
TRK000002792,20231124,2023-11-27,2023-11-28,Cancelled,UPS,Midwest,439.11,812.46,15
TRK000003609,20240501,20240506,2024-05-10,in transit,USPS,Southeast,170.27,110.33,1
TRK000003922,2024-09-03,20240905,09/08/2024,in transit,FEDEX,Midwest,27.12,459.01,19
TRK000003846,08-06-2023,13-06-2023,16-06-2023,delivered,,Midwest,146.86,890.44,49
TRK000002330,20240623,06/28/2024,20240701,Cancelled,,Northeast,321.68,509.83,4
TRK000000101,01/28/2024,2024-02-04,,Delivered,XPO,Midwest,238.59,456.95,7
TRK000000841,20230103,20230106,2023-01-09,in transit,UPS,West Coast,36.57,73.75,16
TRK000004022,08/19/2023,2023-08-24,,in transit,FEDEX,West Coast,210.07,140.74,2
TRK000004670,10-08-2024,20240815,2024-08-17,in transit,DHL,MIDWEST,68.67,443.41,40
TRK000002394,03/13/2024,03/14/2024,03/15/2024,Cancelled,USPS,Southeast,127.93,491.85,21
TRK000004534,2023-11-30,20231206,12/06/2023,Delivered,,Southwest,370.43,445.32,24
TRK000000447,27-03-2024,03/31/2024,20240405,Delayed,DHL,Midwest,549.81,514.75,26
TRK000000373,12/21/2024,20241225,20241228,Delivered,,Southwest,449.82,413.24,37
TRK000002248,18-12-2024,12/25/2024,2024-12-28,In Transit,XPO,Southeast,510.43,56.99,5
TRK000001037,28-12-2023,29-12-2023,,Delayed,DHL,Southeast,197.69,356.34,5
TRK000004707,2023-10-10,10/11/2023,10/16/2023,DELIVERED,fedex,Southwest,407.89,854.51,33
TRK000000116,20230501,05/07/2023,20230510,Delivered,,Southeast,456.14,641.8,12
TRK000002477,12/02/2023,07-12-2023,2023-12-05,canceled,UPS,MIDWEST,175.29,269.41,46
TRK000004903,07/10/2023,13-07-2023,15-07-2023,In Transit,DHL,Northeast,564.51,806.29,36
TRK000002957,2024-02-17,20240224,02/24/2024,canceled,USPS,Southwest,331.98,546.63,23
TRK000001864,19-05-2023,20230520,2023-05-18,delivered,FEDEX,Southeast,479.22,647.93,6
TRK000002427,23-09-2023,28-09-2023,,DELIVERED,USPS,Southwest,126.17,287.34,15
TRK000001591,12-09-2024,2024-09-16,20-09-2024,Cancelled,ups,midwest,464.16,56.36,14
TRK000000824,20240808,2024-08-15,08/18/2024,in transit,USPS,MIDWEST,292.06,396.16,36
TRK000002319,05/30/2024,20240604,20240609,Cancelled,FEDEX,Southwest,170.48,214.72,35
TRK000004298,2023-04-06,07-04-2023,09-04-2023,Delivered,,West Coast,14.56,514.32,11
TRK000002266,2023-12-17,12/24/2023,12/29/2023,Delivered,FEDEX,Northeast,272.19,483.93,16
TRK000003967,2024-10-06,20241009,12-10-2024,late,UPS,West Coast,440.83,594.09,43
TRK000001773,20230304,11-03-2023,09-03-2023,In Transit,FEDEX,Midwest,79.24,580.72,45
TRK000001717,03/13/2023,2023-03-20,20230324,In Transit,DHL,Southeast,103.19,324.2,21
TRK000001517,2023-01-31,01-02-2023,20230131,Delivered,fedex,Midwest,516.77,422.01,26
TRK000004390,07-07-2023,2023-07-09,07/07/2023,Cancelled,FEDEX,midwest,338.19,114.58,15
TRK000000980,2024-02-23,24-02-2024,20240226,in transit,UPS,Southeast,77.67,462.08,14
TRK000002585,08/14/2024,08/21/2024,2024-08-22,canceled,,MIDWEST,359.07,873.03,29
TRK000001578,20230109,2023-01-10,01/10/2023,late,FEDEX,Midwest,146.96,630.94,2
TRK000000989,07/08/2024,20240714,19-07-2024,Cancelled,UPS,West Coast,147.05,492.75,39
TRK000001889,2023-04-29,06-05-2023,05/10/2023,late,UPS,West Coast,201.28,349.54,41
TRK000002060,02/09/2024,2024-02-10,02/13/2024,Delivered,DHL,midwest,251.09,101.63,36
TRK000002512,07/10/2023,2023-07-17,,Cancelled,XPO,Southeast,344.19,323.04,33
TRK000002220,2023-11-21,2023-11-28,12/01/2023,canceled,USPS,Northeast,68.66,785.94,34
TRK000003718,27-02-2024,2024-02-29,,Cancelled,,Midwest,528.02,321.62,49
TRK000002883,20241006,20241011,2024-10-11,late,ups,Midwest,132.03,567.62,22
TRK000002710,2024-01-22,20240124,,In Transit,USPS,West Coast,528.96,355.42,49
TRK000001867,2024-05-11,20240514,16-05-2024,delivered,,MIDWEST,518.51,147.45,34
TRK000003486,2023-05-31,20230605,,Delivered,ups,midwest,9.0,97.66,18
TRK000002817,2024-09-19,26-09-2024,24-09-2024,in transit,UPS,Southwest,277.66,61.39,21
TRK000004350,10-07-2023,11-07-2023,2023-07-15,late,XPO,Southwest,589.99,216.09,20
TRK000004535,12-04-2024,2024-04-17,16-04-2024,Delayed,fedex,Southeast,556.72,727.84,33
TRK000004815,20230122,2023-01-26,2023-01-26,In Transit,fedex,Southeast,193.91,184.87,16
TRK000003024,2023-07-01,20230703,,Cancelled,UPS,MIDWEST,344.03,579.83,15
TRK000002509,06/07/2024,10-06-2024,2024-06-15,delivered,UPS,West Coast,31.43,110.16,14
TRK000001994,08/12/2023,2023-08-14,20230815,Cancelled,,Midwest,43.58,533.81,44
TRK000004711,02/27/2024,20240302,03/06/2024,Delivered,ups,midwest,58.84,631.1,25
TRK000001816,21-03-2023,03/26/2023,,in transit,fedex,Northeast,405.15,79.25,19
TRK000002411,01/08/2023,01/14/2023,01/19/2023,In Transit,ups,MIDWEST,485.77,354.08,5
TRK000000763,2023-06-16,2023-06-21,06/19/2023,late,FEDEX,Southwest,388.18,567.28,8
TRK000000142,04/12/2024,2024-04-17,20240422,late,ups,MIDWEST,441.98,490.94,19
TRK000003672,22-09-2023,09/25/2023,,delivered,fedex,West Coast,45.73,762.43,10
TRK000004021,05-07-2024,12-07-2024,10-07-2024,late,,Northeast,195.52,715.99,25
TRK000003901,2023-09-27,28-09-2023,20230927,DELIVERED,FEDEX,Northeast,299.51,643.26,4
TRK000001969,09/26/2023,20230929,02-10-2023,In Transit,UPS,Northeast,454.26,287.85,17
TRK000004549,2024-04-06,2024-04-08,04/08/2024,In Transit,UPS,MIDWEST,484.87,394.58,10
TRK000004948,2023-06-09,20230613,17-06-2023,Delayed,,Northeast,143.9,134.01,36
TRK000004910,2023-12-03,12/08/2023,07-12-2023,Delivered,fedex,West Coast,266.04,853.75,8
TRK000001978,02-07-2024,2024-07-03,20240706,Cancelled,fedex,Midwest,287.81,312.27,36
TRK000002158,2023-11-18,11/20/2023,20231124,In Transit,ups,Southwest,414.51,297.05,43
TRK000001566,2023-12-27,2024-01-02,01/06/2024,In Transit,XPO,Southwest,73.78,757.5,9
TRK000004233,20240608,20240609,,Cancelled,UPS,Southwest,180.25,140.19,4
TRK000000084,20240118,2024-01-20,,In Transit,fedex,Southwest,407.67,633.89,8
TRK000004554,20240309,20240311,20240310,delivered,FEDEX,Midwest,411.97,831.03,25
TRK000002264,22-02-2023,26-02-2023,03/01/2023,delivered,XPO,Southeast,35.88,792.81,18
TRK000002291,09/23/2024,20240929,03-10-2024,Delayed,XPO,Southwest,535.16,297.7,27
TRK000002789,03/31/2024,04/02/2024,2024-04-05,In Transit,fedex,Northeast,228.53,363.52,35
TRK000002117,22-04-2023,20230427,20230430,late,,Midwest,1.78,70.3,24
TRK000002907,30-10-2024,11/03/2024,20241103,Delivered,XPO,Midwest,199.81,419.16,23
TRK000001738,03/26/2023,2023-04-02,2023-04-02,delivered,ups,Midwest,425.78,454.68,18
TRK000003995,2024-05-28,20240601,06/05/2024,late,FEDEX,Southeast,273.4,146.61,13
TRK000001490,04-09-2023,09/10/2023,20230908,delivered,DHL,midwest,467.61,70.85,1
TRK000002663,20230622,06/29/2023,06/30/2023,canceled,XPO,Southeast,235.38,589.75,29
TRK000004793,20231023,2023-10-28,11/01/2023,in transit,,midwest,419.15,685.44,43
TRK000000236,15-11-2023,20231119,18-11-2023,canceled,,West Coast,349.11,6846.78,13
TRK000002756,08-09-2023,15-09-2023,2023-09-20,canceled,,MIDWEST,517.44,128.57,48
TRK000004946,20240408,2024-04-12,17-04-2024,Delivered,USPS,Midwest,569.04,572.35,44
TRK000004776,2023-10-19,26-10-2023,20231028,DELIVERED,fedex,Northeast,163.09,94.66,24
TRK000001998,2023-06-15,06/16/2023,16-06-2023,delivered,FEDEX,MIDWEST,337.62,601.36,42
TRK000003693,23-11-2023,20231125,,Cancelled,,Northeast,149.12,850.37,7
TRK000002285,20240429,2024-05-04,20240506,Delivered,UPS,MIDWEST,479.42,175.38,15
TRK000000710,2023-07-21,25-07-2023,,Cancelled,ups,Southwest,151.23,155.0,12
TRK000002012,08/05/2024,20240809,20240807,In Transit,UPS,Northeast,578.57,343.11,35
TRK000002641,2023-10-09,20231010,10/15/2023,DELIVERED,DHL,Southeast,252.76,402.53,1
TRK000002199,20240514,19-05-2024,21-05-2024,Delayed,ups,Southeast,476.83,100.49,37
TRK000003569,2023-08-25,20230827,20230831,delivered,UPS,Southwest,218.49,532.63,5
TRK000003809,20241226,01-01-2025,01/04/2025,Cancelled,USPS,Northeast,181.02,634.72,43
TRK000003961,20230506,13-05-2023,05/14/2023,in transit,,midwest,368.32,294.41,27
TRK000004409,08-06-2024,20240611,06/12/2024,Cancelled,FEDEX,Northeast,291.11,848.76,26
TRK000002213,04/01/2023,05-04-2023,20230407,delivered,USPS,West Coast,71.83,494.97,23
TRK000004275,2023-08-02,04-08-2023,02-08-2023,delivered,FEDEX,Northeast,22.04,591.4,26
TRK000001443,03-01-2023,01/08/2023,09-01-2023,Delivered,UPS,Southwest,59.7,568.7,32
TRK000003568,20240409,11-04-2024,20240411,in transit,XPO,MIDWEST,582.01,76.94,8
TRK000001254,13-01-2023,15-01-2023,01/15/2023,In Transit,FEDEX,Northeast,156.69,9867.93,27
TRK000003767,2024-05-15,18-05-2024,,In Transit,XPO,Midwest,350.72,53.62,34
TRK000002968,23-04-2024,2024-04-29,04/30/2024,Delivered,DHL,Midwest,210.31,406.47,12
TRK000003552,2023-08-27,20230901,20230901,In Transit,DHL,Southwest,592.38,434.36,39
TRK000000865,08/16/2024,08/20/2024,08/19/2024,DELIVERED,FEDEX,midwest,540.01,610.28,10
TRK000004016,20241113,14-11-2024,20241112,canceled,XPO,Southwest,582.33,169.63,9
TRK000004733,20240520,20240521,2024-05-24,canceled,,Southwest,304.22,676.2,19
TRK000000104,04/13/2023,20230417,04/21/2023,delivered,DHL,MIDWEST,449.69,896.54,39
TRK000002796,2024-08-23,29-08-2024,2024-09-03,In Transit,,midwest,491.39,207.4,27
TRK000004978,06/25/2024,20240701,,Cancelled,DHL,MIDWEST,571.14,801.21,19
TRK000000565,20240811,2024-08-13,2024-08-16,delivered,XPO,Midwest,279.43,641.0,12
TRK000003036,2024-07-23,26-07-2024,2024-07-25,Cancelled,FEDEX,West Coast,419.7,793.04,49
TRK000003510,2024-11-04,2024-11-08,,delivered,UPS,MIDWEST,308.03,143.97,5
TRK000004365,15-09-2024,2024-09-20,2024-09-20,in transit,XPO,midwest,252.33,50.07,19
TRK000002845,2024-11-16,2024-11-17,11/15/2024,delivered,,Northeast,47.08,564.46,15
TRK000000337,07/08/2023,13-07-2023,20230712,Cancelled,USPS,Southeast,534.8,270.31,31
TRK000004637,20230621,28-06-2023,06/28/2023,late,DHL,MIDWEST,536.9,670.8,29
TRK000001311,2023-07-23,2023-07-24,07/24/2023,DELIVERED,XPO,midwest,589.65,624.08,19
TRK000002471,20230110,20230114,18-01-2023,Cancelled,FEDEX,Northeast,347.29,618.89,9
TRK000000835,2023-07-28,03-08-2023,2023-08-06,Cancelled,,West Coast,110.26,420.1,1
TRK000001990,01-09-2023,02-09-2023,20230902,in transit,DHL,Northeast,14.99,866.63,42
TRK000000623,20230215,20230219,22-02-2023,delivered,,Southwest,510.54,516.98,5
TRK000001625,12/06/2023,12/10/2023,,delivered,,West Coast,591.72,613.62,9
TRK000003250,07/03/2024,07/06/2024,2024-07-09,Cancelled,XPO,MIDWEST,293.23,328.76,38
TRK000003075,2024-12-01,12/04/2024,20241202,delivered,fedex,West Coast,226.6,14920.98,20
TRK000002556,20230518,20230524,20230523,Cancelled,USPS,midwest,176.75,749.91,21
TRK000000211,26-09-2024,09/30/2024,20241001,Delivered,DHL,Southeast,413.24,775.25,30
TRK000004897,30-08-2024,02-09-2024,05-09-2024,late,UPS,Southeast,39.03,438.65,17
TRK000002549,01/16/2024,01/20/2024,20240122,Delivered,UPS,Southwest,568.42,484.36,50
TRK000001342,08/14/2024,21-08-2024,2024-08-20,In Transit,USPS,midwest,221.6,456.85,24
TRK000000939,08-04-2024,10-04-2024,04/10/2024,in transit,UPS,West Coast,575.42,206.61,46
TRK000001375,06/27/2024,07/02/2024,03-07-2024,canceled,FEDEX,Northeast,392.8,192.03,42
TRK000003022,08-02-2023,20230214,02/16/2023,Delivered,USPS,Northeast,424.6,704.5,46
TRK000002100,08/04/2023,08/10/2023,2023-08-12,Delayed,XPO,Midwest,146.43,523.95,29
TRK000004175,20230210,11-02-2023,20230211,delivered,DHL,Northeast,156.93,462.94,35
TRK000001786,27-06-2024,2024-06-28,07/01/2024,In Transit,,West Coast,241.35,788.16,17
TRK000004621,12/15/2023,20231220,2023-12-19,canceled,ups,MIDWEST,366.52,538.86,36
TRK000000938,25-12-2023,28-12-2023,12/29/2023,late,DHL,Northeast,7.62,803.41,46
TRK000003880,2024-12-15,12/18/2024,12/16/2024,DELIVERED,XPO,West Coast,295.59,52.63,16
TRK000001035,2024-09-24,2024-10-01,2024-09-29,Cancelled,UPS,MIDWEST,486.47,428.88,15
TRK000001955,20-05-2023,22-05-2023,05/22/2023,in transit,fedex,MIDWEST,508.04,262.29,26
TRK000001249,20230208,02/15/2023,,canceled,USPS,Northeast,151.29,454.24,38
TRK000000167,20240127,2024-01-29,20240130,Delivered,XPO,midwest,275.72,825.42,13
TRK000001634,2024-08-17,2024-08-24,,in transit,fedex,midwest,496.34,347.39,24
TRK000004763,07/24/2023,2023-07-30,08/02/2023,canceled,DHL,Northeast,392.81,671.34,16
TRK000000255,2023-10-06,2023-10-08,20231011,delivered,USPS,midwest,316.8,57.64,27
TRK000000330,20230506,12-05-2023,05/17/2023,canceled,USPS,West Coast,260.65,724.97,50
TRK000000563,06/24/2024,2024-06-29,2024-07-03,DELIVERED,ups,Southeast,268.19,482.61,18
TRK000001837,06/22/2023,06/28/2023,30-06-2023,DELIVERED,FEDEX,Midwest,493.49,310.9,25
TRK000002867,02/09/2024,2024-02-16,02/15/2024,in transit,USPS,West Coast,414.73,461.7,36
TRK000000427,2024-02-08,2024-02-12,,Delayed,ups,Southeast,497.37,889.17,19
TRK000004419,20241111,2024-11-12,11/13/2024,late,,Southwest,288.72,315.28,40
TRK000000159,20230810,20230815,13-08-2023,late,USPS,MIDWEST,319.16,272.5,13
TRK000003853,08-01-2024,2024-01-14,16-01-2024,Cancelled,USPS,MIDWEST,194.68,261.87,13
TRK000000671,2023-05-05,20230510,05/08/2023,DELIVERED,USPS,West Coast,519.76,599.32,12
TRK000002067,20230705,08-07-2023,,Cancelled,XPO,West Coast,146.54,712.99,6
TRK000003454,2024-02-21,02/23/2024,2024-02-23,Cancelled,XPO,Northeast,82.46,322.31,31
TRK000002280,20240309,16-03-2024,,canceled,FEDEX,midwest,23.66,225.95,17
TRK000004695,08/07/2023,2023-08-13,2023-08-16,DELIVERED,ups,West Coast,586.06,679.25,1
TRK000002765,20240920,09/24/2024,2024-09-22,canceled,,midwest,322.28,717.73,40
TRK000002678,30-08-2023,09/06/2023,09/09/2023,Delayed,XPO,MIDWEST,160.22,253.96,41
TRK000003725,09/11/2023,09/13/2023,2023-09-16,Delayed,XPO,Southeast,541.24,791.9,32
TRK000001734,20230402,20230408,20230413,canceled,XPO,West Coast,103.22,12854.21,48
TRK000002682,05/27/2024,20240530,2024-05-29,in transit,FEDEX,Northeast,479.72,175.32,47
TRK000004833,2024-05-23,24-05-2024,05/27/2024,Cancelled,FEDEX,MIDWEST,579.79,336.29,27
TRK000002132,2023-03-19,22-03-2023,2023-03-24,In Transit,USPS,MIDWEST,6.5,156.21,7
TRK000005000,2024-11-18,20241119,22-11-2024,DELIVERED,USPS,West Coast,413.11,79.53,3
TRK000001489,20241026,11/01/2024,20241030,Cancelled,,Southeast,425.65,587.97,23
TRK000003783,23-11-2023,27-11-2023,20231127,Delayed,,Northeast,29.72,296.8,3
TRK000001112,20230504,20230510,,late,XPO,Southwest,260.36,68.42,8
TRK000003512,21-08-2024,20240823,,delivered,fedex,MIDWEST,140.1,542.18,44
TRK000000688,01-12-2024,12/06/2024,10-12-2024,Delayed,ups,Northeast,589.51,882.91,15
TRK000000223,07/26/2024,20240730,07/29/2024,late,fedex,Southeast,579.0,505.92,14
TRK000004624,03/21/2023,28-03-2023,20230331,late,fedex,MIDWEST,332.78,492.12,20
TRK000003228,2024-10-13,10/19/2024,,Cancelled,DHL,Southwest,180.56,547.56,27
TRK000000221,2024-12-10,20241212,15-12-2024,late,USPS,Southeast,4.23,91.65,22
TRK000004376,15-01-2024,20240121,,Delivered,,Southeast,510.93,454.4,33
TRK000001046,04/01/2024,07-04-2024,,late,USPS,Southwest,499.67,816.11,34
TRK000003829,02-01-2024,20240106,2024-01-10,late,UPS,MIDWEST,263.66,345.42,17
TRK000002186,09-04-2023,2023-04-13,20230418,Delivered,ups,Midwest,334.37,290.32,17
TRK000003313,20231018,2023-10-20,20231021,in transit,UPS,Midwest,148.56,783.67,46
TRK000002754,03-12-2024,2024-12-06,09-12-2024,Delayed,fedex,Southwest,166.47,238.79,43
TRK000003186,07-06-2023,06/13/2023,,canceled,UPS,Midwest,72.74,170.22,36
TRK000000238,2023-02-26,2023-03-03,03/06/2023,in transit,USPS,MIDWEST,524.36,705.08,29
TRK000003101,2023-09-30,20231003,10/07/2023,delivered,XPO,West Coast,321.3,112.57,33
TRK000003571,13-05-2023,05/19/2023,05/19/2023,Delivered,ups,Southeast,114.46,687.9,35
TRK000002236,20231021,2023-10-28,29-10-2023,delivered,fedex,Southwest,274.83,57.03,13
TRK000001798,2024-09-03,09/04/2024,09/06/2024,DELIVERED,UPS,Midwest,156.88,863.62,16
TRK000004000,20240105,20240108,01/12/2024,Delivered,,Southwest,582.07,362.45,15
TRK000001807,20241224,20241230,2025-01-03,late,USPS,midwest,156.59,844.28,9
TRK000004474,07-03-2024,10-03-2024,2024-03-09,In Transit,,West Coast,109.7,458.55,38
TRK000004410,2024-08-06,2024-08-07,20240805,Cancelled,,West Coast,569.79,841.13,36
TRK000003433,2024-07-24,20240726,07/27/2024,late,fedex,Midwest,114.51,-560.65,21
TRK000003195,26-02-2023,03/04/2023,20230304,delivered,ups,Northeast,90.15,615.46,32
TRK000002447,05/18/2024,05/23/2024,05/24/2024,Delayed,XPO,Midwest,130.44,58.14,3
TRK000002882,03/12/2023,03/19/2023,23-03-2023,in transit,USPS,Midwest,39.27,807.81,19
TRK000000049,07/16/2023,07/20/2023,,DELIVERED,fedex,Southeast,566.84,467.05,14
TRK000003908,03/14/2023,19-03-2023,20230321,Cancelled,UPS,Southeast,293.71,298.64,28
TRK000003117,20240720,26-07-2024,25-07-2024,Delivered,ups,Southwest,217.98,779.65,2
TRK000004717,2023-02-22,24-02-2023,02/28/2023,In Transit,UPS,MIDWEST,594.83,665.32,21
TRK000000161,20231111,11/13/2023,11/12/2023,In Transit,XPO,Midwest,431.47,212.58,35
TRK000003191,2023-02-13,02/17/2023,02/20/2023,In Transit,,midwest,516.12,806.43,28
TRK000003442,20240824,08/31/2024,20240829,delivered,DHL,Southwest,471.78,846.72,47
TRK000001695,2024-02-10,2024-02-11,20240209,canceled,DHL,midwest,244.2,106.69,7
TRK000000511,12/15/2024,20241222,12/27/2024,late,,Southeast,403.72,416.2,19
TRK000003407,2024-01-20,01/22/2024,,canceled,fedex,MIDWEST,130.76,874.87,44
TRK000003817,11/23/2023,28-11-2023,20231127,DELIVERED,UPS,Midwest,62.91,383.88,5
TRK000004446,20230916,20230919,09/17/2023,In Transit,fedex,MIDWEST,64.75,792.37,4
TRK000002711,2023-05-08,12-05-2023,10-05-2023,Delivered,USPS,West Coast,308.43,835.22,43
TRK000003340,01/11/2024,01/15/2024,14-01-2024,DELIVERED,FEDEX,Northeast,461.41,54.27,13
TRK000003399,20230424,2023-04-30,04/30/2023,in transit,FEDEX,midwest,405.13,172.77,43
TRK000000527,06/18/2024,20240624,06/25/2024,delivered,UPS,West Coast,45.59,753.33,49
TRK000001753,13-10-2024,10/20/2024,25-10-2024,Delayed,USPS,Midwest,517.16,138.29,8
TRK000001252,13-06-2023,20230614,2023-06-14,DELIVERED,FEDEX,Southeast,548.05,507.16,14
TRK000003138,07/01/2023,07/02/2023,07/05/2023,Delivered,XPO,Southwest,309.15,606.02,42
TRK000001895,2024-10-18,2024-10-19,20241022,late,XPO,Northeast,147.2,665.28,49
TRK000001236,08/08/2023,12-08-2023,08/15/2023,DELIVERED,,Southwest,286.93,134.88,38
TRK000001134,20231020,10/21/2023,20231019,canceled,XPO,midwest,24.1,806.1,34
TRK000000661,20240511,2024-05-12,05/11/2024,Delayed,DHL,Southwest,481.67,242.95,44
TRK000004425,22-08-2023,08/29/2023,08/28/2023,late,fedex,West Coast,429.18,511.76,21
TRK000002620,2023-02-07,02/11/2023,02/09/2023,DELIVERED,,MIDWEST,527.87,594.81,7
TRK000002752,07/02/2023,04-07-2023,2023-07-02,DELIVERED,USPS,MIDWEST,304.45,751.61,10
TRK000002226,23-05-2023,2023-05-24,20230523,in transit,UPS,midwest,224.2,690.13,46
TRK000001921,20-08-2023,08/23/2023,20230822,Delivered,FEDEX,Southwest,321.93,654.22,10
TRK000002341,31-03-2023,04-04-2023,20230406,in transit,,Northeast,341.88,468.32,25
TRK000000635,2023-01-31,01-02-2023,02/03/2023,DELIVERED,,Midwest,454.53,120.06,27
TRK000003604,08-09-2023,09/15/2023,2023-09-17,delivered,ups,Southeast,189.02,143.66,30
TRK000002250,12/20/2023,12/26/2023,25-12-2023,Delivered,USPS,West Coast,557.72,521.64,23
TRK000001960,20230402,09-04-2023,,Delayed,FEDEX,Midwest,204.5,817.38,43
TRK000003970,20240228,29-02-2024,20240301,Cancelled,fedex,MIDWEST,318.99,174.34,24
TRK000004271,20240223,2024-02-28,,Cancelled,fedex,West Coast,338.63,707.36,8
TRK000002272,23-01-2023,2023-01-25,2023-01-30,Cancelled,DHL,Midwest,366.58,658.41,35
TRK000002026,20231120,24-11-2023,11/24/2023,Delivered,UPS,Southwest,299.52,319.32,34
TRK000002124,20240203,2024-02-04,20240208,Delayed,FEDEX,midwest,265.56,809.81,12
TRK000003687,2024-11-02,07-11-2024,11/12/2024,Delayed,XPO,West Coast,250.77,691.62,39
TRK000003889,06/24/2024,20240626,20240630,Delayed,fedex,West Coast,107.72,714.5,20
TRK000001304,20230418,04/25/2023,30-04-2023,canceled,UPS,Southwest,532.88,476.16,45
TRK000003653,06/08/2023,20230614,20230617,late,FEDEX,midwest,106.25,295.36,35
TRK000004828,02-08-2024,08/04/2024,2024-08-08,delivered,FEDEX,Northeast,593.31,722.8,39
TRK000003496,08/31/2024,2024-09-03,02-09-2024,canceled,,MIDWEST,556.03,510.35,50
TRK000004136,20240113,16-01-2024,01/17/2024,DELIVERED,FEDEX,Midwest,308.51,618.35,43
TRK000003626,20240312,17-03-2024,03/20/2024,delivered,fedex,midwest,489.66,616.55,3
TRK000002600,20240920,24-09-2024,28-09-2024,Delivered,DHL,Midwest,178.95,141.85,5
TRK000004579,06-07-2024,07/13/2024,20240711,Cancelled,UPS,midwest,166.64,58.25,26
TRK000004352,2023-03-26,29-03-2023,20230401,Cancelled,DHL,West Coast,426.51,513.54,5
TRK000003807,2023-07-24,28-07-2023,,In Transit,DHL,Midwest,304.3,493.43,25
TRK000001093,20241008,20241009,07-10-2024,in transit,FEDEX,Southwest,13.12,711.35,22
TRK000003740,2024-05-24,2024-05-31,05/31/2024,in transit,UPS,Midwest,413.74,50.13,12
TRK000000995,2023-03-05,2023-03-06,,delivered,fedex,Northeast,148.33,562.8,27
TRK000002042,20241015,22-10-2024,10/24/2024,DELIVERED,XPO,midwest,359.1,346.8,9
TRK000004567,20230116,18-01-2023,,Cancelled,,Southeast,341.14,243.56,10
TRK000000412,20240110,14-01-2024,15-01-2024,In Transit,,MIDWEST,253.7,635.33,28
TRK000003806,2023-06-05,20230606,06/09/2023,in transit,XPO,MIDWEST,59.62,667.69,44
TRK000004244,26-11-2023,2023-11-30,30-11-2023,DELIVERED,FEDEX,MIDWEST,18.69,621.12,6
TRK000001441,10/12/2024,10/15/2024,20241020,DELIVERED,FEDEX,West Coast,567.76,61.79,7
TRK000001793,14-10-2024,20241016,2024-10-20,In Transit,DHL,Southwest,18.15,644.54,28
TRK000003483,03/30/2023,05-04-2023,04/08/2023,late,DHL,Midwest,368.28,749.18,10
TRK000000874,2023-01-30,2023-02-06,09-02-2023,canceled,XPO,West Coast,94.24,580.1,43
TRK000000046,2024-06-14,06/16/2024,20240619,late,ups,Northeast,394.62,727.54,22
TRK000001209,2023-04-27,2023-05-02,05/03/2023,in transit,DHL,Northeast,358.82,214.41,48
TRK000001999,03-03-2024,06-03-2024,09-03-2024,Cancelled,UPS,West Coast,328.4,300.41,11
TRK000003274,20230609,11-06-2023,06/13/2023,canceled,,Northeast,257.39,75.66,34
TRK000004050,2023-06-03,2023-06-08,11-06-2023,In Transit,UPS,MIDWEST,139.39,543.47,20
TRK000003146,20240323,03/28/2024,03/29/2024,in transit,DHL,midwest,149.59,222.85,25
TRK000001593,03-06-2023,08-06-2023,20230610,DELIVERED,FEDEX,West Coast,431.85,809.94,15
TRK000004716,06/28/2024,02-07-2024,20240630,In Transit,FEDEX,West Coast,444.68,361.97,48
TRK000003396,03/28/2023,20230404,02-04-2023,In Transit,DHL,Southwest,381.5,70.55,34
TRK000003731,2024-02-07,2024-02-09,,Delayed,DHL,West Coast,303.63,580.74,47
TRK000000597,2024-10-21,20241027,10/30/2024,late,XPO,Midwest,51.01,673.01,37
TRK000003893,04/30/2023,20230502,2023-05-07,in transit,USPS,West Coast,228.59,713.26,35
TRK000002006,06/01/2024,06/08/2024,06/10/2024,Delivered,FEDEX,Southwest,510.44,513.69,18
TRK000000379,25-12-2024,20241230,,Cancelled,,midwest,477.36,881.11,9
TRK000000201,2024-05-29,02-06-2024,2024-06-04,Delayed,XPO,Southeast,34.16,862.31,38
TRK000001208,01/06/2023,20230109,,Cancelled,XPO,Southeast,8.41,586.04,12
TRK000001632,20241029,02-11-2024,2024-11-02,DELIVERED,USPS,midwest,154.02,341.53,34
TRK000000899,2024-07-11,07/17/2024,,in transit,UPS,midwest,391.09,654.28,14
TRK000002543,09-09-2024,14-09-2024,14-09-2024,In Transit,fedex,midwest,571.08,227.11,10
TRK000001925,20240423,20240427,25-04-2024,delivered,ups,MIDWEST,401.98,870.2,49
TRK000000766,01/04/2023,2023-01-08,,Delayed,USPS,West Coast,372.72,465.79,33
TRK000002746,11/20/2023,11/21/2023,,In Transit,UPS,Midwest,393.22,678.71,25
TRK000004223,20230524,27-05-2023,20230529,DELIVERED,XPO,Southeast,15.44,871.24,29
TRK000002325,2023-11-17,23-11-2023,,In Transit,USPS,Midwest,216.86,276.74,37
TRK000000695,29-09-2023,10/03/2023,06-10-2023,Delayed,ups,Southeast,180.88,781.73,10
TRK000001391,04-06-2023,2023-06-11,09-06-2023,late,USPS,West Coast,255.04,606.09,41
TRK000003877,20240721,20240725,2024-07-26,In Transit,FEDEX,Midwest,410.92,839.07,39
TRK000004188,02-04-2024,04/09/2024,10-04-2024,canceled,ups,Midwest,330.51,893.04,38
TRK000001751,20240716,07/19/2024,07/24/2024,canceled,FEDEX,MIDWEST,474.83,576.25,23
TRK000003623,20230504,05/10/2023,2023-05-08,canceled,XPO,midwest,324.97,710.44,1
TRK000004936,20230924,2023-09-29,2023-09-28,In Transit,fedex,midwest,74.01,196.71,24
TRK000003810,21-03-2024,20240328,03/27/2024,Cancelled,XPO,midwest,500.17,878.24,7
TRK000002640,01-06-2023,20230604,,In Transit,ups,midwest,199.71,727.1,7
TRK000004752,01/28/2023,2023-01-29,29-01-2023,Cancelled,FEDEX,MIDWEST,552.86,831.44,50
TRK000003522,2023-03-13,20230315,03/20/2023,DELIVERED,UPS,MIDWEST,207.78,10640.76,40
TRK000001722,23-09-2024,2024-09-27,,In Transit,ups,midwest,233.92,456.63,12
TRK000002351,2023-11-25,11/30/2023,20231202,Delayed,USPS,Southeast,345.71,355.6,28
TRK000002490,2023-04-20,2023-04-24,04/25/2023,late,XPO,Midwest,450.27,773.07,16
TRK000000004,02/11/2024,20240218,02/22/2024,Cancelled,UPS,MIDWEST,537.23,349.59,23
TRK000004489,20231114,2023-11-16,20231118,delivered,FEDEX,West Coast,231.54,451.38,46
TRK000003327,20240927,20240929,30-09-2024,In Transit,fedex,Southeast,181.5,534.88,23
TRK000002466,01/18/2023,20230125,25-01-2023,Delayed,FEDEX,MIDWEST,197.65,654.02,37
TRK000004663,04/16/2023,20230419,04/23/2023,Delivered,USPS,Southeast,69.53,322.33,33
TRK000001426,2024-08-23,2024-08-25,20240827,Delivered,UPS,Southwest,295.84,192.65,34
TRK000003106,12/25/2024,2024-12-29,2024-12-29,Delayed,DHL,Southwest,131.93,277.84,34
TRK000003445,11/26/2023,2023-11-28,11/28/2023,DELIVERED,ups,Southwest,542.76,769.19,5
TRK000001572,20240104,2024-01-08,01/07/2024,in transit,DHL,Midwest,487.7,860.53,34
TRK000001043,20231015,2023-10-17,21-10-2023,late,DHL,Midwest,286.1,505.35,14
TRK000004542,20230111,20230112,10-01-2023,canceled,,Northeast,394.29,584.67,35
TRK000002423,04/09/2024,2024-04-12,04/13/2024,In Transit,FEDEX,Southeast,424.1,828.08,16
TRK000003297,20241014,10/16/2024,10/14/2024,canceled,FEDEX,Southwest,354.18,504.23,31
TRK000002673,2023-08-27,20230828,2023-08-26,In Transit,XPO,Northeast,150.66,554.43,12
TRK000003346,20240724,29-07-2024,08/01/2024,in transit,ups,MIDWEST,144.75,456.73,46
TRK000002534,20230110,01/12/2023,20230116,in transit,DHL,Southwest,107.57,814.64,2
TRK000004155,14-08-2024,20240815,20240817,Cancelled,FEDEX,midwest,580.22,107.16,3
TRK000002461,11/30/2024,05-12-2024,2024-12-03,late,,Southeast,576.43,765.98,34
TRK000001021,06/30/2023,2023-07-03,,late,,MIDWEST,518.15,515.16,5
TRK000002572,10/22/2024,2024-10-27,,canceled,USPS,West Coast,486.57,280.01,35
TRK000002705,20241203,12/04/2024,12/03/2024,Delivered,XPO,Southwest,322.3,356.65,27
TRK000000574,07-05-2024,05/09/2024,2024-05-11,Delayed,,midwest,343.45,252.86,3
TRK000003534,03/13/2023,03/17/2023,21-03-2023,Cancelled,XPO,MIDWEST,258.82,363.12,41
TRK000002984,04-03-2024,2024-03-07,09-03-2024,in transit,UPS,West Coast,466.74,587.74,4
TRK000001615,20241220,2024-12-27,,Cancelled,,Midwest,273.27,637.7,24
TRK000004411,12/11/2024,12/16/2024,2024-12-17,delivered,ups,MIDWEST,381.04,754.9,45
TRK000004260,05/11/2024,20240515,05/17/2024,Delivered,fedex,Southwest,71.48,235.77,15
TRK000000014,2024-03-31,2024-04-06,20240411,In Transit,fedex,Southwest,528.42,598.58,42
TRK000003573,08/22/2024,27-08-2024,08/29/2024,late,,midwest,164.99,602.38,3
TRK000000364,17-10-2024,20241023,25-10-2024,canceled,FEDEX,Southwest,495.15,201.56,48
TRK000002087,20230426,29-04-2023,2023-05-03,canceled,ups,West Coast,376.52,285.0,31
TRK000001558,20241207,2024-12-08,,Delayed,USPS,midwest,196.16,182.22,16
TRK000004724,2023-08-30,20230902,2023-09-01,Delayed,DHL,Northeast,551.53,865.08,40
TRK000003156,07/13/2023,07/17/2023,,Delayed,USPS,West Coast,118.28,842.68,15
TRK000000948,11/11/2024,12-11-2024,2024-11-10,Delivered,,Southwest,503.77,179.95,9
TRK000004190,10/05/2023,06-10-2023,20231008,in transit,XPO,West Coast,16.09,681.02,11
TRK000003575,29-08-2024,30-08-2024,2024-08-30,canceled,UPS,Northeast,10.83,444.06,41
TRK000003680,20230623,06/30/2023,04-07-2023,Cancelled,USPS,West Coast,315.97,663.48,45
TRK000002832,2024-05-16,19-05-2024,20240524,delivered,XPO,Northeast,86.41,276.57,1
TRK000003560,2024-02-26,20240304,05-03-2024,delivered,USPS,Southeast,271.29,150.02,17
TRK000000889,2024-11-18,20241123,11/25/2024,DELIVERED,ups,Northeast,134.78,150.38,43
TRK000000314,20-11-2024,11/25/2024,,Delivered,XPO,Southeast,214.02,618.65,10
TRK000002175,20231014,2023-10-16,10/14/2023,In Transit,UPS,MIDWEST,416.16,351.01,50
TRK000004757,2024-05-01,05/07/2024,20240510,late,USPS,West Coast,591.97,296.81,27
TRK000001463,08/22/2024,20240825,,Cancelled,,MIDWEST,13.36,-455.69,44
TRK000002140,2023-08-27,2023-09-01,2023-08-30,Delivered,UPS,West Coast,570.2,96.16,36
TRK000000945,22-06-2023,2023-06-23,21-06-2023,In Transit,fedex,Southwest,302.74,217.71,11
TRK000000227,03/11/2024,14-03-2024,12-03-2024,DELIVERED,USPS,Northeast,306.57,728.97,4
TRK000002713,2024-08-07,11-08-2024,08/10/2024,Delayed,USPS,MIDWEST,312.58,319.72,31
TRK000004393,03/06/2023,12-03-2023,20230317,in transit,DHL,Midwest,187.93,329.96,12
TRK000003275,05-09-2024,09/08/2024,2024-09-08,Delivered,UPS,Midwest,260.9,206.18,4
TRK000004174,2024-09-09,09/13/2024,17-09-2024,Delivered,UPS,West Coast,423.5,440.28,1
TRK000002877,2024-01-15,01/18/2024,19-01-2024,Delayed,,MIDWEST,325.78,237.49,33
TRK000002287,20230426,2023-04-29,,DELIVERED,UPS,MIDWEST,537.38,287.45,32
TRK000000569,06/03/2023,20230608,2023-06-12,Cancelled,FEDEX,midwest,236.95,517.61,17
TRK000002283,28-08-2023,09/03/2023,09/02/2023,DELIVERED,DHL,Southeast,160.54,538.96,48
TRK000002690,20230129,2023-02-01,2023-02-03,in transit,FEDEX,midwest,494.99,712.2,48
TRK000003265,20230523,20230527,2023-05-31,late,XPO,Southwest,361.15,130.54,38
TRK000001583,23-06-2024,06/28/2024,28-06-2024,canceled,DHL,West Coast,36.02,492.53,37
TRK000000194,2024-11-02,06-11-2024,11/09/2024,DELIVERED,UPS,midwest,129.96,191.71,47
TRK000001827,2023-07-19,20230720,20-07-2023,Cancelled,fedex,midwest,486.6,106.69,5
TRK000001865,13-09-2024,20240920,09/24/2024,in transit,DHL,MIDWEST,221.1,159.57,12
TRK000002501,2023-11-28,2023-12-03,20231207,Delivered,XPO,West Coast,69.64,52.63,2
TRK000002865,11-05-2024,2024-05-14,14-05-2024,DELIVERED,ups,Midwest,56.34,351.35,41
TRK000003771,04-07-2024,20240705,20240706,Delivered,fedex,Northeast,376.42,62.68,7
TRK000001635,2023-07-30,08/06/2023,,in transit,fedex,midwest,231.87,822.89,28
TRK000001823,10-01-2023,20230114,2023-01-19,in transit,XPO,West Coast,381.3,576.51,22
TRK000003856,2023-11-28,2023-12-04,2023-12-03,in transit,fedex,midwest,383.11,330.81,22
TRK000000318,2023-07-21,2023-07-27,07/31/2023,Delivered,ups,Midwest,185.48,267.86,23
TRK000003134,10/26/2024,2024-10-28,2024-10-26,delivered,ups,West Coast,244.15,497.73,45
TRK000000886,2024-06-05,20240609,2024-06-11,in transit,USPS,Northeast,522.53,824.74,41
TRK000001305,2023-04-24,04/28/2023,2023-04-30,Delayed,DHL,West Coast,523.79,157.42,22
TRK000002186,2023-11-13,2023-11-15,17-11-2023,late,FEDEX,midwest,8.94,645.21,6
TRK000002033,10-07-2023,20230716,20230718,Cancelled,UPS,Northeast,418.75,810.7,39
TRK000003373,06-05-2023,2023-05-10,,Cancelled,,Southeast,138.36,262.13,25
TRK000002722,20240606,12-06-2024,20240616,Cancelled,UPS,Midwest,436.76,536.93,47
TRK000001470,20241011,20241016,,In Transit,ups,Northeast,160.29,481.99,36
TRK000000204,14-05-2023,05/16/2023,20230518,Delayed,XPO,MIDWEST,482.93,768.84,23
TRK000003378,2023-03-24,2023-03-30,2023-04-02,Delayed,FEDEX,West Coast,153.97,292.35,21
TRK000001451,20240226,03/03/2024,,DELIVERED,USPS,Midwest,503.56,557.72,30
TRK000001332,05/03/2024,2024-05-05,2024-05-03,Cancelled,XPO,midwest,160.33,351.95,27
TRK000001940,20240901,20240904,2024-09-09,Delayed,USPS,Southwest,308.05,289.8,34
TRK000001267,28-12-2024,2025-01-02,2024-12-31,in transit,ups,Northeast,364.21,808.92,20
TRK000000646,20231106,2023-11-08,,Delayed,ups,West Coast,299.63,197.37,46
TRK000004587,20230801,2023-08-03,05-08-2023,delivered,UPS,Southwest,155.99,480.06,50
TRK000002898,2023-05-13,14-05-2023,17-05-2023,late,USPS,midwest,237.04,273.15,12
TRK000000843,2023-06-23,20230628,07/01/2023,In Transit,fedex,Southwest,519.67,780.88,39
TRK000002045,2024-10-14,20241020,23-10-2024,Delivered,XPO,Southwest,149.0,580.75,42
TRK000001721,09/26/2024,09/29/2024,20240927,Cancelled,XPO,Southeast,599.01,5418.95,50
TRK000002932,26-01-2023,2023-02-02,03-02-2023,in transit,DHL,West Coast,146.82,614.89,26
TRK000000327,2024-01-21,20240127,01/28/2024,Delayed,UPS,midwest,57.73,545.96,38
TRK000002988,20241002,2024-10-05,,late,DHL,MIDWEST,529.09,596.25,30
TRK000002526,20240513,2024-05-16,14-05-2024,late,ups,Southwest,560.32,461.87,37
TRK000000343,20230224,2023-03-03,2023-03-02,Cancelled,,West Coast,113.13,738.94,8
TRK000001045,20240514,20240515,05/17/2024,canceled,XPO,West Coast,84.06,380.85,39
TRK000003521,01-10-2023,2023-10-06,,Delivered,,Southeast,447.97,616.84,22
TRK000001214,20230826,20230827,26-08-2023,In Transit,FEDEX,West Coast,533.64,292.41,38
TRK000004527,2024-09-30,20241003,,canceled,XPO,Southwest,545.87,387.95,36
TRK000004772,15-10-2024,20241017,10/21/2024,In Transit,,midwest,199.78,184.29,7
TRK000003025,20231125,12/01/2023,20231202,Delivered,UPS,Southwest,258.59,396.9,9
TRK000000296,2023-10-10,20231012,10/14/2023,late,USPS,MIDWEST,532.01,269.45,37
TRK000004470,09/29/2024,20241005,20241007,Delayed,FEDEX,midwest,598.32,779.85,37
TRK000001222,2023-08-22,2023-08-29,09/02/2023,Delayed,,West Coast,205.84,432.36,46
TRK000000617,20240517,20240518,20240519,late,fedex,West Coast,365.85,344.64,27
TRK000003064,07/19/2024,26-07-2024,20240729,late,ups,Southwest,155.24,209.07,23
TRK000000080,2023-11-03,11/10/2023,2023-11-11,Delayed,FEDEX,West Coast,40.73,581.72,13
TRK000004595,12-08-2024,20240815,08/15/2024,Delivered,UPS,Southeast,231.54,702.41,9
TRK000003504,2023-06-25,20230629,20230629,Delivered,,West Coast,142.37,686.48,14
TRK000004520,20240617,2024-06-22,20240620,Delayed,DHL,Northeast,564.74,414.47,22
TRK000003620,2023-07-06,2023-07-11,2023-07-10,Delayed,USPS,Northeast,507.01,352.38,38
TRK000001324,04/27/2024,05/04/2024,05/02/2024,canceled,,West Coast,585.8,278.69,29
TRK000002146,2024-11-26,2024-12-03,20241201,in transit,FEDEX,midwest,411.25,364.79,1
TRK000001072,07/12/2024,17-07-2024,2024-07-16,In Transit,fedex,midwest,588.49,658.42,22
TRK000002733,20241008,2024-10-11,,Delivered,DHL,midwest,276.17,633.03,22
TRK000000030,20231118,11/20/2023,,Delivered,FEDEX,Midwest,267.25,414.18,28
TRK000000362,30-06-2023,07/04/2023,,late,fedex,West Coast,223.47,622.04,42
TRK000002267,2024-02-16,21-02-2024,2024-02-21,late,ups,West Coast,377.78,386.71,36
TRK000002212,20240703,2024-07-09,2024-07-10,Delayed,DHL,midwest,312.18,85.5,21
TRK000000757,20231202,12/03/2023,2023-12-05,late,ups,Northeast,259.31,626.72,10
TRK000000417,20230913,19-09-2023,,In Transit,XPO,Northeast,19.31,840.37,11
TRK000002058,2023-01-11,2023-01-18,16-01-2023,Delivered,XPO,Northeast,463.25,762.19,49
TRK000004419,21-06-2023,28-06-2023,07/01/2023,in transit,USPS,Midwest,420.5,600.0,32
TRK000004141,2023-07-14,17-07-2023,20230717,in transit,USPS,Northeast,397.34,296.58,14
TRK000002163,01/30/2024,01-02-2024,31-01-2024,DELIVERED,,midwest,453.77,398.42,22
TRK000001668,20240205,02/10/2024,02/08/2024,Delivered,DHL,midwest,207.9,496.56,6
TRK000002809,03-09-2023,09/07/2023,2023-09-07,in transit,fedex,West Coast,201.19,894.72,42
TRK000001726,20240715,2024-07-16,,Delayed,FEDEX,MIDWEST,33.48,398.96,48
TRK000002309,20230306,03/08/2023,,Cancelled,XPO,West Coast,277.05,140.36,20
TRK000002232,06/11/2024,18-06-2024,2024-06-19,In Transit,UPS,Northeast,224.77,697.58,47
TRK000001274,2024-04-23,29-04-2024,20240428,Delivered,FEDEX,West Coast,363.08,232.98,9
TRK000004533,2023-05-06,2023-05-07,11-05-2023,delivered,USPS,MIDWEST,552.34,728.82,48
TRK000000877,17-11-2024,2024-11-21,2024-11-20,Cancelled,DHL,midwest,463.24,647.46,27
TRK000000946,27-05-2024,28-05-2024,05/30/2024,Cancelled,fedex,Southeast,222.73,777.69,33
TRK000002167,08-09-2024,2024-09-12,,In Transit,,Midwest,312.18,737.03,42
TRK000001101,03/31/2023,20230403,04/03/2023,DELIVERED,XPO,MIDWEST,568.98,196.67,36
TRK000000849,18-08-2023,21-08-2023,2023-08-24,Delivered,ups,Northeast,150.53,658.71,2
TRK000002453,20240915,2024-09-21,09/21/2024,canceled,USPS,Southeast,374.68,555.8,18
TRK000004544,02/12/2023,02/16/2023,,Delivered,XPO,Midwest,470.2,533.9,13
TRK000000065,20230222,28-02-2023,,in transit,DHL,Southwest,250.58,108.94,26
TRK000004334,2024-05-09,05/11/2024,05/13/2024,In Transit,DHL,West Coast,9.61,674.88,13
TRK000002479,20241216,23-12-2024,27-12-2024,delivered,XPO,MIDWEST,451.04,77.57,43
TRK000004451,2024-01-25,01-02-2024,02/03/2024,Delivered,ups,Northeast,103.48,167.01,50
TRK000003590,03-10-2024,04-10-2024,20241003,delivered,,midwest,455.43,587.47,26
TRK000001293,20230823,2023-08-28,28-08-2023,late,XPO,MIDWEST,132.38,169.74,33
TRK000002335,20230305,08-03-2023,2023-03-10,Delivered,USPS,Southwest,395.44,143.17,37
TRK000003028,20230612,13-06-2023,2023-06-11,late,UPS,West Coast,503.51,630.17,35
TRK000002002,12/27/2024,20250101,,DELIVERED,DHL,midwest,384.98,625.04,48
TRK000000564,07-06-2024,08-06-2024,06-06-2024,late,UPS,Midwest,323.9,636.68,14
TRK000002860,18-09-2023,09/19/2023,,in transit,ups,Midwest,35.18,780.95,32
TRK000001086,20230129,2023-02-02,20230206,late,FEDEX,Northeast,572.17,8243.09,11
TRK000000793,12-02-2024,2024-02-17,20240222,canceled,,midwest,254.97,504.21,15
TRK000004145,20230317,2023-03-22,25-03-2023,delivered,ups,Midwest,546.32,365.78,28
TRK000001747,12-11-2024,11/18/2024,20241117,in transit,,MIDWEST,566.57,123.46,28
TRK000004405,2024-08-06,20240810,2024-08-14,delivered,fedex,Midwest,458.32,573.11,32
TRK000000601,08/27/2024,03-09-2024,2024-09-07,Delivered,fedex,Northeast,43.06,280.24,7
TRK000000820,2023-03-16,03/19/2023,24-03-2023,DELIVERED,fedex,Southwest,9.19,96.12,46
TRK000004613,09/27/2024,09/30/2024,09/30/2024,DELIVERED,USPS,Southeast,31.81,70.88,24
TRK000003755,20240406,2024-04-07,04/08/2024,In Transit,fedex,West Coast,234.6,700.06,42
TRK000000077,20241229,2025-01-05,20250110,in transit,XPO,Midwest,269.15,247.34,28
TRK000000595,24-02-2024,27-02-2024,20240227,DELIVERED,DHL,Midwest,411.97,281.57,32
TRK000002591,20240902,2024-09-07,20240905,Cancelled,fedex,MIDWEST,540.7,316.64,5
TRK000003746,20240325,04/01/2024,04/01/2024,Delayed,,West Coast,200.08,746.18,47
TRK000002458,20241218,22-12-2024,2024-12-23,DELIVERED,FEDEX,MIDWEST,57.22,809.39,33
TRK000001073,06/03/2023,10-06-2023,20230614,Delivered,,Southeast,91.03,180.59,3
TRK000003243,06-11-2023,2023-11-11,14-11-2023,canceled,FEDEX,Southwest,346.51,173.66,3
TRK000002176,2024-09-19,20240922,20240927,in transit,FEDEX,Midwest,556.3,801.31,17
TRK000001956,2024-01-02,01/08/2024,20240106,DELIVERED,fedex,Midwest,89.24,887.38,1
TRK000002574,06-03-2023,10-03-2023,20230315,canceled,fedex,Southeast,106.92,384.79,7
TRK000001674,2023-06-25,2023-06-27,30-06-2023,Delayed,FEDEX,Southwest,530.38,226.85,30
TRK000002137,27-08-2023,08/31/2023,2023-08-31,canceled,DHL,Midwest,175.38,327.13,15
TRK000002592,20230402,20230403,2023-04-03,late,XPO,Midwest,572.05,325.47,23
TRK000004283,01-08-2024,20240804,,In Transit,FEDEX,Northeast,271.82,863.23,40
TRK000004631,09/07/2024,09/09/2024,2024-09-11,in transit,DHL,Southeast,207.97,123.04,43
TRK000004782,09/27/2024,10/04/2024,20241008,in transit,,Midwest,395.61,109.04,30
